ISO-10303-21;
HEADER;
FILE_DESCRIPTION(('convert3d DWG import'),'2;1');
FILE_NAME('converted','2024-01-01',(''),(''),'','convert3d','');
FILE_SCHEMA(('AUTOMOTIVE_DESIGN { 1 0 10303 214 1 1 1 1 }'));
ENDSEC;
DATA;
#1=APPLICATION_PROTOCOL_DEFINITION('international standard','automotive_design',2000,#2);
#2=APPLICATION_CONTEXT('core data for automotive mechanical design processes');
#3=SHAPE_DEFINITION_REPRESENTATION(#4,#4671);
#4=PRODUCT_DEFINITION_SHAPE('','',#5);
#5=PRODUCT_DEFINITION('design','',#6,#9);
#6=PRODUCT_DEFINITION_FORMATION('','',#7);
#7=PRODUCT('Part','Part','',(#8));
#8=PRODUCT_CONTEXT('',#2,'mechanical');
#9=PRODUCT_DEFINITION_CONTEXT('part definition',#2,'design');
#20=CARTESIAN_POINT('',(0.006250000000001003,0.0022000000000000023,0.002));
#21=DIRECTION('',(0.,0.,1.));
#22=DIRECTION('',(1.,0.,0.));
#23=AXIS2_PLACEMENT_3D('',#20,#21,#22);
#24=PLANE('',#23);
#25=CARTESIAN_POINT('',(0.006250000000001003,0.0022000000000000023,0.002));
#26=DIRECTION('',(0.,0.,1.));
#27=DIRECTION('',(1.,0.,0.));
#28=AXIS2_PLACEMENT_3D('',#25,#26,#27);
#29=CIRCLE('',#28,0.00175);
#30=CARTESIAN_POINT('',(0.008000000000001003,0.0022000000000000023,0.002));
#31=VERTEX_POINT('',#30);
#32=EDGE_CURVE('',#31,#31,#29,.T.);
#33=ORIENTED_EDGE('',*,*,#32,.T.);
#34=EDGE_LOOP('',(#33));
#35=FACE_OUTER_BOUND('',#34,.T.);
#36=CARTESIAN_POINT('',(0.006250000000001003,0.0022000000000000006,0.002));
#37=DIRECTION('',(0.,0.,1.));
#38=DIRECTION('',(1.,0.,0.));
#39=AXIS2_PLACEMENT_3D('',#36,#37,#38);
#40=CIRCLE('',#39,0.0005000000000000007);
#41=CARTESIAN_POINT('',(0.0067500000000010035,0.0022000000000000006,0.002));
#42=VERTEX_POINT('',#41);
#43=EDGE_CURVE('',#42,#42,#40,.T.);
#44=ORIENTED_EDGE('',*,*,#43,.F.);
#45=EDGE_LOOP('',(#44));
#46=FACE_BOUND('',#45,.T.);
#47=ADVANCED_FACE('',(#35,#46),#24,.T.);
#48=CARTESIAN_POINT('',(0.0020833333333340025,-0.0019666666666999988,0.002));
#49=DIRECTION('',(0.,0.,1.));
#50=DIRECTION('',(1.,0.,0.));
#51=AXIS2_PLACEMENT_3D('',#48,#49,#50);
#52=PLANE('',#51);
#53=CARTESIAN_POINT('',(0.0020833333333340025,-0.0019666666666999988,0.002));
#54=DIRECTION('',(0.,0.,1.));
#55=DIRECTION('',(1.,0.,0.));
#56=AXIS2_PLACEMENT_3D('',#53,#54,#55);
#57=CIRCLE('',#56,0.00175);
#58=CARTESIAN_POINT('',(0.0038333333333340023,-0.0019666666666999988,0.002));
#59=VERTEX_POINT('',#58);
#60=EDGE_CURVE('',#59,#59,#57,.T.);
#61=ORIENTED_EDGE('',*,*,#60,.T.);
#62=EDGE_LOOP('',(#61));
#63=FACE_OUTER_BOUND('',#62,.T.);
#64=CARTESIAN_POINT('',(0.0020833333333340025,-0.0019666666666999996,0.002));
#65=DIRECTION('',(0.,0.,1.));
#66=DIRECTION('',(1.,0.,0.));
#67=AXIS2_PLACEMENT_3D('',#64,#65,#66);
#68=CIRCLE('',#67,0.0005000000000000007);
#69=CARTESIAN_POINT('',(0.002583333333334003,-0.0019666666666999996,0.002));
#70=VERTEX_POINT('',#69);
#71=EDGE_CURVE('',#70,#70,#68,.T.);
#72=ORIENTED_EDGE('',*,*,#71,.F.);
#73=EDGE_LOOP('',(#72));
#74=FACE_BOUND('',#73,.T.);
#75=ADVANCED_FACE('',(#63,#74),#52,.T.);
#76=CARTESIAN_POINT('',(0.0020833333333340025,0.002200000000000002,0.002));
#77=DIRECTION('',(0.,0.,1.));
#78=DIRECTION('',(1.,0.,0.));
#79=AXIS2_PLACEMENT_3D('',#76,#77,#78);
#80=PLANE('',#79);
#81=CARTESIAN_POINT('',(0.0020833333333340025,0.002200000000000002,0.002));
#82=DIRECTION('',(0.,0.,1.));
#83=DIRECTION('',(1.,0.,0.));
#84=AXIS2_PLACEMENT_3D('',#81,#82,#83);
#85=CIRCLE('',#84,0.00175);
#86=CARTESIAN_POINT('',(0.0038333333333340023,0.002200000000000002,0.002));
#87=VERTEX_POINT('',#86);
#88=EDGE_CURVE('',#87,#87,#85,.T.);
#89=ORIENTED_EDGE('',*,*,#88,.T.);
#90=EDGE_LOOP('',(#89));
#91=FACE_OUTER_BOUND('',#90,.T.);
#92=CARTESIAN_POINT('',(0.0020833333333340025,0.0022000000000000006,0.002));
#93=DIRECTION('',(0.,0.,1.));
#94=DIRECTION('',(1.,0.,0.));
#95=AXIS2_PLACEMENT_3D('',#92,#93,#94);
#96=CIRCLE('',#95,0.0005000000000000007);
#97=CARTESIAN_POINT('',(0.002583333333334003,0.0022000000000000006,0.002));
#98=VERTEX_POINT('',#97);
#99=EDGE_CURVE('',#98,#98,#96,.T.);
#100=ORIENTED_EDGE('',*,*,#99,.F.);
#101=EDGE_LOOP('',(#100));
#102=FACE_BOUND('',#101,.T.);
#103=ADVANCED_FACE('',(#91,#102),#80,.T.);
#104=CARTESIAN_POINT('',(-0.002083333333332997,-0.0019666666666999988,0.002));
#105=DIRECTION('',(0.,0.,1.));
#106=DIRECTION('',(1.,0.,0.));
#107=AXIS2_PLACEMENT_3D('',#104,#105,#106);
#108=PLANE('',#107);
#109=CARTESIAN_POINT('',(-0.002083333333332997,-0.0019666666666999988,0.002));
#110=DIRECTION('',(0.,0.,1.));
#111=DIRECTION('',(1.,0.,0.));
#112=AXIS2_PLACEMENT_3D('',#109,#110,#111);
#113=CIRCLE('',#112,0.00175);
#114=CARTESIAN_POINT('',(-0.00033333333333299717,-0.0019666666666999988,0.002));
#115=VERTEX_POINT('',#114);
#116=EDGE_CURVE('',#115,#115,#113,.T.);
#117=ORIENTED_EDGE('',*,*,#116,.T.);
#118=EDGE_LOOP('',(#117));
#119=FACE_OUTER_BOUND('',#118,.T.);
#120=CARTESIAN_POINT('',(-0.0020833333333329963,-0.0019666666666999996,0.002));
#121=DIRECTION('',(0.,0.,1.));
#122=DIRECTION('',(1.,0.,0.));
#123=AXIS2_PLACEMENT_3D('',#120,#121,#122);
#124=CIRCLE('',#123,0.0005000000000000007);
#125=CARTESIAN_POINT('',(-0.0015833333333329957,-0.0019666666666999996,0.002));
#126=VERTEX_POINT('',#125);
#127=EDGE_CURVE('',#126,#126,#124,.T.);
#128=ORIENTED_EDGE('',*,*,#127,.F.);
#129=EDGE_LOOP('',(#128));
#130=FACE_BOUND('',#129,.T.);
#131=ADVANCED_FACE('',(#119,#130),#108,.T.);
#132=CARTESIAN_POINT('',(-0.002083333333332997,0.002200000000000001,0.002));
#133=DIRECTION('',(0.,0.,1.));
#134=DIRECTION('',(1.,0.,0.));
#135=AXIS2_PLACEMENT_3D('',#132,#133,#134);
#136=PLANE('',#135);
#137=CARTESIAN_POINT('',(-0.002083333333332997,0.002200000000000001,0.002));
#138=DIRECTION('',(0.,0.,1.));
#139=DIRECTION('',(1.,0.,0.));
#140=AXIS2_PLACEMENT_3D('',#137,#138,#139);
#141=CIRCLE('',#140,0.00175);
#142=CARTESIAN_POINT('',(-0.00033333333333299717,0.002200000000000001,0.002));
#143=VERTEX_POINT('',#142);
#144=EDGE_CURVE('',#143,#143,#141,.T.);
#145=ORIENTED_EDGE('',*,*,#144,.T.);
#146=EDGE_LOOP('',(#145));
#147=FACE_OUTER_BOUND('',#146,.T.);
#148=CARTESIAN_POINT('',(-0.002083333333332997,0.0022000000000000006,0.002));
#149=DIRECTION('',(0.,0.,1.));
#150=DIRECTION('',(1.,0.,0.));
#151=AXIS2_PLACEMENT_3D('',#148,#149,#150);
#152=CIRCLE('',#151,0.0005000000000000007);
#153=CARTESIAN_POINT('',(-0.0015833333333329965,0.0022000000000000006,0.002));
#154=VERTEX_POINT('',#153);
#155=EDGE_CURVE('',#154,#154,#152,.T.);
#156=ORIENTED_EDGE('',*,*,#155,.F.);
#157=EDGE_LOOP('',(#156));
#158=FACE_BOUND('',#157,.T.);
#159=ADVANCED_FACE('',(#147,#158),#136,.T.);
#160=CARTESIAN_POINT('',(-0.006249999999999997,-0.0019666666666999996,0.002));
#161=DIRECTION('',(0.,0.,1.));
#162=DIRECTION('',(1.,0.,0.));
#163=AXIS2_PLACEMENT_3D('',#160,#161,#162);
#164=PLANE('',#163);
#165=CARTESIAN_POINT('',(-0.006249999999999997,-0.0019666666666999996,0.002));
#166=DIRECTION('',(0.,0.,1.));
#167=DIRECTION('',(1.,0.,0.));
#168=AXIS2_PLACEMENT_3D('',#165,#166,#167);
#169=CIRCLE('',#168,0.00175);
#170=CARTESIAN_POINT('',(-0.004499999999999997,-0.0019666666666999996,0.002));
#171=VERTEX_POINT('',#170);
#172=EDGE_CURVE('',#171,#171,#169,.T.);
#173=ORIENTED_EDGE('',*,*,#172,.T.);
#174=EDGE_LOOP('',(#173));
#175=FACE_OUTER_BOUND('',#174,.T.);
#176=CARTESIAN_POINT('',(-0.006249999999999996,-0.0019666666666999996,0.002));
#177=DIRECTION('',(0.,0.,1.));
#178=DIRECTION('',(1.,0.,0.));
#179=AXIS2_PLACEMENT_3D('',#176,#177,#178);
#180=CIRCLE('',#179,0.0005000000000000007);
#181=CARTESIAN_POINT('',(-0.0057499999999999956,-0.0019666666666999996,0.002));
#182=VERTEX_POINT('',#181);
#183=EDGE_CURVE('',#182,#182,#180,.T.);
#184=ORIENTED_EDGE('',*,*,#183,.F.);
#185=EDGE_LOOP('',(#184));
#186=FACE_BOUND('',#185,.T.);
#187=ADVANCED_FACE('',(#175,#186),#164,.T.);
#188=CARTESIAN_POINT('',(0.008,-9.62964972193618E-35,-0.00675));
#189=DIRECTION('',(0.,1.,0.));
#190=DIRECTION('',(0.,0.,1.));
#191=AXIS2_PLACEMENT_3D('',#188,#189,#190);
#192=PLANE('',#191);
#193=CARTESIAN_POINT('',(0.0020833333333340025,-5.631374106395878E-35,-0.006250000000000002));
#194=DIRECTION('',(0.,-1.,0.));
#195=DIRECTION('',(0.,0.,-1.));
#196=AXIS2_PLACEMENT_3D('',#193,#194,#195);
#197=CIRCLE('',#196,0.0005000000000000009);
#198=CARTESIAN_POINT('',(0.0020833333333340025,-5.631374106395878E-35,-0.00675));
#199=VERTEX_POINT('',#198);
#200=EDGE_CURVE('',#199,#199,#197,.T.);
#201=ORIENTED_EDGE('',*,*,#200,.T.);
#202=CARTESIAN_POINT('',(0.008,-9.62964972193618E-35,-0.00675));
#203=DIRECTION('',(-1.,0.,0.));
#204=VECTOR('',#203,1.);
#205=LINE('',#202,#204);
#206=CARTESIAN_POINT('',(-0.002083333333332997,-2.815687053197939E-35,-0.00675));
#207=VERTEX_POINT('',#206);
#208=EDGE_CURVE('',#199,#207,#205,.T.);
#209=ORIENTED_EDGE('',*,*,#208,.T.);
#210=CARTESIAN_POINT('',(-0.002083333333332997,-2.815687053197939E-35,-0.006250000000000002));
#211=DIRECTION('',(0.,-1.,0.));
#212=DIRECTION('',(0.,0.,-1.));
#213=AXIS2_PLACEMENT_3D('',#210,#211,#212);
#214=CIRCLE('',#213,0.0005000000000000009);
#215=EDGE_CURVE('',#207,#207,#214,.T.);
#216=ORIENTED_EDGE('',*,*,#215,.T.);
#217=CARTESIAN_POINT('',(0.008,-9.62964972193618E-35,-0.00675));
#218=DIRECTION('',(-1.,0.,0.));
#219=VECTOR('',#218,1.);
#220=LINE('',#217,#219);
#221=CARTESIAN_POINT('',(-0.006249999999999997,0.,-0.00675));
#222=VERTEX_POINT('',#221);
#223=EDGE_CURVE('',#207,#222,#220,.T.);
#224=ORIENTED_EDGE('',*,*,#223,.T.);
#225=CARTESIAN_POINT('',(-0.006249999999999997,0.,-0.006250000000000002));
#226=DIRECTION('',(0.,-1.,0.));
#227=DIRECTION('',(0.,0.,-1.));
#228=AXIS2_PLACEMENT_3D('',#225,#226,#227);
#229=CIRCLE('',#228,0.0005000000000000009);
#230=EDGE_CURVE('',#222,#222,#229,.T.);
#231=ORIENTED_EDGE('',*,*,#230,.T.);
#232=CARTESIAN_POINT('',(0.008,-9.62964972193618E-35,-0.00675));
#233=DIRECTION('',(-1.,0.,0.));
#234=VECTOR('',#233,1.);
#235=LINE('',#232,#234);
#236=CARTESIAN_POINT('',(-0.008,-9.62964972193618E-35,-0.00675));
#237=VERTEX_POINT('',#236);
#238=EDGE_CURVE('',#222,#237,#235,.T.);
#239=ORIENTED_EDGE('',*,*,#238,.T.);
#240=CARTESIAN_POINT('',(-0.008,-9.62964972193618E-35,-0.00675));
#241=DIRECTION('',(0.,0.,1.));
#242=VECTOR('',#241,1.);
#243=LINE('',#240,#242);
#244=CARTESIAN_POINT('',(-0.008,-9.62964972193618E-35,-0.004));
#245=VERTEX_POINT('',#244);
#246=EDGE_CURVE('',#237,#245,#243,.T.);
#247=ORIENTED_EDGE('',*,*,#246,.T.);
#248=CARTESIAN_POINT('',(-0.008,-9.62964972193618E-35,-0.004));
#249=DIRECTION('',(1.,-1.224646799147353E-16,0.));
#250=VECTOR('',#249,1.);
#251=LINE('',#248,#250);
#252=CARTESIAN_POINT('',(0.004,-1.4695761589768239E-18,-0.004));
#253=VERTEX_POINT('',#252);
#254=EDGE_CURVE('',#245,#253,#251,.T.);
#255=ORIENTED_EDGE('',*,*,#254,.T.);
#256=CARTESIAN_POINT('',(0.004,-1.4695761589768239E-18,-0.004));
#257=DIRECTION('',(0.,0.,1.));
#258=VECTOR('',#257,1.);
#259=LINE('',#256,#258);
#260=CARTESIAN_POINT('',(0.004,-1.4695761589768239E-18,0.));
#261=VERTEX_POINT('',#260);
#262=EDGE_CURVE('',#253,#261,#259,.T.);
#263=ORIENTED_EDGE('',*,*,#262,.T.);
#264=CARTESIAN_POINT('',(0.008,-9.62964972193618E-35,0.));
#265=DIRECTION('',(-1.,0.,0.));
#266=VECTOR('',#265,1.);
#267=LINE('',#264,#266);
#268=CARTESIAN_POINT('',(0.008,-9.62964972193618E-35,0.));
#269=VERTEX_POINT('',#268);
#270=EDGE_CURVE('',#261,#269,#267,.T.);
#271=ORIENTED_EDGE('',*,*,#270,.T.);
#272=CARTESIAN_POINT('',(0.008,-9.62964972193618E-35,-0.00675));
#273=DIRECTION('',(0.,0.,1.));
#274=VECTOR('',#273,1.);
#275=LINE('',#272,#274);
#276=CARTESIAN_POINT('',(0.008,-9.62964972193618E-35,-0.00675));
#277=VERTEX_POINT('',#276);
#278=EDGE_CURVE('',#269,#277,#275,.T.);
#279=ORIENTED_EDGE('',*,*,#278,.T.);
#280=CARTESIAN_POINT('',(0.008,-9.62964972193618E-35,-0.00675));
#281=DIRECTION('',(-1.,0.,0.));
#282=VECTOR('',#281,1.);
#283=LINE('',#280,#282);
#284=CARTESIAN_POINT('',(0.006250000000001003,-8.447061159593818E-35,-0.00675));
#285=VERTEX_POINT('',#284);
#286=EDGE_CURVE('',#277,#285,#283,.T.);
#287=ORIENTED_EDGE('',*,*,#286,.T.);
#288=CARTESIAN_POINT('',(0.006250000000001003,-8.447061159593818E-35,-0.006250000000000002));
#289=DIRECTION('',(0.,-1.,0.));
#290=DIRECTION('',(0.,0.,-1.));
#291=AXIS2_PLACEMENT_3D('',#288,#289,#290);
#292=CIRCLE('',#291,0.0005000000000000009);
#293=EDGE_CURVE('',#285,#285,#292,.T.);
#294=ORIENTED_EDGE('',*,*,#293,.T.);
#295=CARTESIAN_POINT('',(0.008,-9.62964972193618E-35,-0.00675));
#296=DIRECTION('',(-1.,0.,0.));
#297=VECTOR('',#296,1.);
#298=LINE('',#295,#297);
#299=EDGE_CURVE('',#285,#199,#298,.T.);
#300=ORIENTED_EDGE('',*,*,#299,.T.);
#301=EDGE_LOOP('',(#201,#209,#216,#224,#231,#239,#247,#255,#263,#271,#279,#287,#294,#300));
#302=FACE_OUTER_BOUND('',#301,.T.);
#303=ADVANCED_FACE('',(#302),#192,.F.);
#304=CARTESIAN_POINT('',(-0.008,-0.004420000000000001,-0.004));
#305=DIRECTION('',(1.4456028966473392E-16,1.,0.));
#306=DIRECTION('',(-1.,1.4456028966473392E-16,0.));
#307=AXIS2_PLACEMENT_3D('',#304,#305,#306);
#308=PLANE('',#307);
#309=CARTESIAN_POINT('',(-0.002083333333332997,-0.004420000000000002,-0.002083333333300002));
#310=DIRECTION('',(-1.4456028966473392E-16,-1.,0.));
#311=DIRECTION('',(-1.,1.4456028966473392E-16,0.));
#312=AXIS2_PLACEMENT_3D('',#309,#310,#311);
#313=CIRCLE('',#312,0.0005000000000000009);
#314=CARTESIAN_POINT('',(-0.002583333333332998,-0.004420000000000002,-0.002083333333300002));
#315=VERTEX_POINT('',#314);
#316=EDGE_CURVE('',#315,#315,#313,.T.);
#317=ORIENTED_EDGE('',*,*,#316,.F.);
#318=EDGE_LOOP('',(#317));
#319=FACE_OUTER_BOUND('',#318,.T.);
#320=CARTESIAN_POINT('',(0.0019999999999990715,-0.004420000000000748,-0.0015903266847054726));
#321=CARTESIAN_POINT('',(0.0015833333333338264,-0.004420000000000003,-0.001660756205936709));
#322=CARTESIAN_POINT('',(0.0015833333333340016,-0.004420000000000003,-0.002083333333300209));
#323=CARTESIAN_POINT('',(0.0015833333333341768,-0.004420000000000003,-0.002505910460663709));
#324=CARTESIAN_POINT('',(0.002,-0.004420000000000003,-0.0025763399818915242));
#325=(BOUNDED_CURVE() B_SPLINE_CURVE(2,(#320,#321,#322,#323,#324),.UNSPECIFIED.,.F.,.F.) B_SPLINE_CURVE_WITH_KNOTS((3,2,3),(0.,1.,2.),.UNSPECIFIED.) CURVE() GEOMETRIC_REPRESENTATION_ITEM() RATIONAL_B_SPLINE_CURVE((1.,0.763762615826545,1.,0.763762615826545,1.)) REPRESENTATION_ITEM(''));
#326=CARTESIAN_POINT('',(0.0019999999999990715,-0.004420000000000748,-0.0015903266847054726));
#327=VERTEX_POINT('',#326);
#328=CARTESIAN_POINT('',(0.002,-0.004420000000000003,-0.0025763399818915242));
#329=VERTEX_POINT('',#328);
#330=EDGE_CURVE('',#327,#329,#325,.T.);
#331=ORIENTED_EDGE('',*,*,#330,.F.);
#332=CARTESIAN_POINT('',(0.002,-0.004420000000000003,-0.004));
#333=DIRECTION('',(0.,0.,1.));
#334=VECTOR('',#333,1.);
#335=LINE('',#332,#334);
#336=CARTESIAN_POINT('',(0.002,-0.004420000000000003,0.));
#337=VERTEX_POINT('',#336);
#338=EDGE_CURVE('',#337,#327,#335,.T.);
#339=ORIENTED_EDGE('',*,*,#338,.F.);
#340=CARTESIAN_POINT('',(-0.008,-0.004420000000000001,0.));
#341=DIRECTION('',(-1.,1.4456028966473392E-16,0.));
#342=VECTOR('',#341,1.);
#343=LINE('',#340,#342);
#344=CARTESIAN_POINT('',(-0.006,-0.004420000000000001,0.));
#345=VERTEX_POINT('',#344);
#346=EDGE_CURVE('',#345,#337,#343,.T.);
#347=ORIENTED_EDGE('',*,*,#346,.F.);
#348=CARTESIAN_POINT('',(-0.006,-0.004420000000000001,-0.004));
#349=DIRECTION('',(0.,0.,1.));
#350=VECTOR('',#349,1.);
#351=LINE('',#348,#350);
#352=CARTESIAN_POINT('',(-0.006,-0.004420000000000001,-0.0016503206314077796));
#353=VERTEX_POINT('',#352);
#354=EDGE_CURVE('',#353,#345,#351,.T.);
#355=ORIENTED_EDGE('',*,*,#354,.F.);
#356=CARTESIAN_POINT('',(-0.006,-0.004420000000000002,-0.0025163460351922255));
#357=CARTESIAN_POINT('',(-0.005749999999999996,-0.004420000000000001,-0.0023720084678948185));
#358=CARTESIAN_POINT('',(-0.005749999999999996,-0.004420000000000001,-0.0020833333333000023));
#359=CARTESIAN_POINT('',(-0.0057499999999999956,-0.004420000000000001,-0.0017946581987051857));
#360=CARTESIAN_POINT('',(-0.006,-0.004420000000000001,-0.0016503206314077796));
#361=(BOUNDED_CURVE() B_SPLINE_CURVE(2,(#356,#357,#358,#359,#360),.UNSPECIFIED.,.F.,.F.) B_SPLINE_CURVE_WITH_KNOTS((3,2,3),(0.,1.,2.),.UNSPECIFIED.) CURVE() GEOMETRIC_REPRESENTATION_ITEM() RATIONAL_B_SPLINE_CURVE((1.,0.8660254037844364,1.,0.8660254037844364,1.)) REPRESENTATION_ITEM(''));
#362=CARTESIAN_POINT('',(-0.006,-0.004420000000000002,-0.0025163460351922255));
#363=VERTEX_POINT('',#362);
#364=EDGE_CURVE('',#363,#353,#361,.T.);
#365=ORIENTED_EDGE('',*,*,#364,.F.);
#366=CARTESIAN_POINT('',(-0.006,-0.004420000000000001,-0.004));
#367=DIRECTION('',(0.,0.,1.));
#368=VECTOR('',#367,1.);
#369=LINE('',#366,#368);
#370=CARTESIAN_POINT('',(-0.006,-0.004420000000000001,-0.004));
#371=VERTEX_POINT('',#370);
#372=EDGE_CURVE('',#371,#363,#369,.T.);
#373=ORIENTED_EDGE('',*,*,#372,.F.);
#374=CARTESIAN_POINT('',(-0.008,-0.004420000000000001,-0.004));
#375=DIRECTION('',(-1.,1.4456028966473392E-16,0.));
#376=VECTOR('',#375,1.);
#377=LINE('',#374,#376);
#378=CARTESIAN_POINT('',(0.002,-0.004420000000000003,-0.004));
#379=VERTEX_POINT('',#378);
#380=EDGE_CURVE('',#379,#371,#377,.T.);
#381=ORIENTED_EDGE('',*,*,#380,.F.);
#382=CARTESIAN_POINT('',(0.002,-0.004420000000000003,-0.004));
#383=DIRECTION('',(0.,0.,1.));
#384=VECTOR('',#383,1.);
#385=LINE('',#382,#384);
#386=EDGE_CURVE('',#329,#379,#385,.T.);
#387=ORIENTED_EDGE('',*,*,#386,.F.);
#388=EDGE_LOOP('',(#331,#339,#347,#355,#365,#373,#381,#387));
#389=FACE_BOUND('',#388,.T.);
#390=ADVANCED_FACE('',(#319,#389),#308,.F.);
#391=CARTESIAN_POINT('',(0.002,-0.0024200000000000024,-0.004));
#392=DIRECTION('',(0.,0.,1.));
#393=DIRECTION('',(1.,0.,0.));
#394=AXIS2_PLACEMENT_3D('',#391,#392,#393);
#395=CYLINDRICAL_SURFACE('',#394,0.002);
#396=CARTESIAN_POINT('',(0.002,-0.004420000000000003,-0.0025763399818915242));
#397=DIRECTION('',(-9.416817634878048E-13,-7.556325407155762E-13,1.));
#398=VECTOR('',#397,1.);
#399=LINE('',#396,#398);
#400=EDGE_CURVE('',#329,#327,#399,.T.);
#401=ORIENTED_EDGE('',*,*,#400,.F.);
#402=CARTESIAN_POINT('',(0.002,-0.004420000000000003,-0.004));
#403=DIRECTION('',(0.,0.,1.));
#404=VECTOR('',#403,1.);
#405=LINE('',#402,#404);
#406=EDGE_CURVE('',#329,#379,#405,.T.);
#407=ORIENTED_EDGE('',*,*,#406,.T.);
#408=CARTESIAN_POINT('',(0.004,-0.0024200000000000024,-0.004));
#409=CARTESIAN_POINT('',(0.004,-0.004420000000000002,-0.004));
#410=CARTESIAN_POINT('',(0.002,-0.004420000000000003,-0.004));
#411=(BOUNDED_CURVE() B_SPLINE_CURVE(2,(#408,#409,#410),.UNSPECIFIED.,.F.,.F.) B_SPLINE_CURVE_WITH_KNOTS((3,3),(0.,1.),.UNSPECIFIED.) CURVE() GEOMETRIC_REPRESENTATION_ITEM() RATIONAL_B_SPLINE_CURVE((1.,0.7071067811865476,1.)) REPRESENTATION_ITEM(''));
#412=CARTESIAN_POINT('',(0.004,-0.0024200000000000024,-0.004));
#413=VERTEX_POINT('',#412);
#414=EDGE_CURVE('',#413,#379,#411,.T.);
#415=ORIENTED_EDGE('',*,*,#414,.F.);
#416=CARTESIAN_POINT('',(0.004,-0.0024200000000000024,-0.004));
#417=DIRECTION('',(0.,0.,1.));
#418=VECTOR('',#417,1.);
#419=LINE('',#416,#418);
#420=CARTESIAN_POINT('',(0.004,-0.0024200000000000024,0.));
#421=VERTEX_POINT('',#420);
#422=EDGE_CURVE('',#421,#413,#419,.T.);
#423=ORIENTED_EDGE('',*,*,#422,.F.);
#424=CARTESIAN_POINT('',(0.002,-0.004420000000000003,0.));
#425=CARTESIAN_POINT('',(0.004,-0.004420000000000002,0.));
#426=CARTESIAN_POINT('',(0.004,-0.0024200000000000024,0.));
#427=(BOUNDED_CURVE() B_SPLINE_CURVE(2,(#424,#425,#426),.UNSPECIFIED.,.F.,.F.) B_SPLINE_CURVE_WITH_KNOTS((3,3),(0.,1.),.UNSPECIFIED.) CURVE() GEOMETRIC_REPRESENTATION_ITEM() RATIONAL_B_SPLINE_CURVE((1.,0.7071067811865476,1.)) REPRESENTATION_ITEM(''));
#428=EDGE_CURVE('',#337,#421,#427,.T.);
#429=ORIENTED_EDGE('',*,*,#428,.F.);
#430=CARTESIAN_POINT('',(0.002,-0.004420000000000003,-0.004));
#431=DIRECTION('',(0.,0.,1.));
#432=VECTOR('',#431,1.);
#433=LINE('',#430,#432);
#434=EDGE_CURVE('',#337,#327,#433,.T.);
#435=ORIENTED_EDGE('',*,*,#434,.T.);
#436=EDGE_LOOP('',(#401,#407,#415,#423,#429,#435));
#437=FACE_OUTER_BOUND('',#436,.T.);
#438=ADVANCED_FACE('',(#437),#395,.T.);
#439=CARTESIAN_POINT('',(-0.006,-0.002420000000000001,-0.00675));
#440=DIRECTION('',(0.,0.,1.));
#441=DIRECTION('',(1.,0.,0.));
#442=AXIS2_PLACEMENT_3D('',#439,#440,#441);
#443=CYLINDRICAL_SURFACE('',#442,0.002);
#444=CARTESIAN_POINT('',(-0.006,-0.004420000000000001,-0.0016503206314077796));
#445=DIRECTION('',(0.,-1.0015430658247645E-15,-1.));
#446=VECTOR('',#445,1.);
#447=LINE('',#444,#446);
#448=EDGE_CURVE('',#353,#363,#447,.T.);
#449=ORIENTED_EDGE('',*,*,#448,.F.);
#450=CARTESIAN_POINT('',(-0.006,-0.004420000000000001,-0.004));
#451=DIRECTION('',(0.,0.,1.));
#452=VECTOR('',#451,1.);
#453=LINE('',#450,#452);
#454=EDGE_CURVE('',#353,#345,#453,.T.);
#455=ORIENTED_EDGE('',*,*,#454,.T.);
#456=CARTESIAN_POINT('',(-0.008,-0.002420000000000001,0.));
#457=CARTESIAN_POINT('',(-0.008,-0.004420000000000001,0.));
#458=CARTESIAN_POINT('',(-0.006,-0.004420000000000001,0.));
#459=(BOUNDED_CURVE() B_SPLINE_CURVE(2,(#456,#457,#458),.UNSPECIFIED.,.F.,.F.) B_SPLINE_CURVE_WITH_KNOTS((3,3),(0.,1.),.UNSPECIFIED.) CURVE() GEOMETRIC_REPRESENTATION_ITEM() RATIONAL_B_SPLINE_CURVE((1.,0.7071067811865476,1.)) REPRESENTATION_ITEM(''));
#460=CARTESIAN_POINT('',(-0.008,-0.002420000000000001,0.));
#461=VERTEX_POINT('',#460);
#462=EDGE_CURVE('',#461,#345,#459,.T.);
#463=ORIENTED_EDGE('',*,*,#462,.F.);
#464=CARTESIAN_POINT('',(-0.008,-0.002420000000000001,-0.00675));
#465=DIRECTION('',(0.,0.,1.));
#466=VECTOR('',#465,1.);
#467=LINE('',#464,#466);
#468=CARTESIAN_POINT('',(-0.008,-0.002420000000000001,-0.004));
#469=VERTEX_POINT('',#468);
#470=EDGE_CURVE('',#469,#461,#467,.T.);
#471=ORIENTED_EDGE('',*,*,#470,.F.);
#472=CARTESIAN_POINT('',(-0.006,-0.004420000000000001,-0.004));
#473=CARTESIAN_POINT('',(-0.008,-0.004420000000000001,-0.004));
#474=CARTESIAN_POINT('',(-0.008,-0.002420000000000001,-0.004));
#475=(BOUNDED_CURVE() B_SPLINE_CURVE(2,(#472,#473,#474),.UNSPECIFIED.,.F.,.F.) B_SPLINE_CURVE_WITH_KNOTS((3,3),(0.,1.),.UNSPECIFIED.) CURVE() GEOMETRIC_REPRESENTATION_ITEM() RATIONAL_B_SPLINE_CURVE((1.,0.7071067811865476,1.)) REPRESENTATION_ITEM(''));
#476=EDGE_CURVE('',#371,#469,#475,.T.);
#477=ORIENTED_EDGE('',*,*,#476,.F.);
#478=CARTESIAN_POINT('',(-0.006,-0.004420000000000001,-0.004));
#479=DIRECTION('',(0.,0.,1.));
#480=VECTOR('',#479,1.);
#481=LINE('',#478,#480);
#482=EDGE_CURVE('',#371,#363,#481,.T.);
#483=ORIENTED_EDGE('',*,*,#482,.T.);
#484=EDGE_LOOP('',(#449,#455,#463,#471,#477,#483));
#485=FACE_OUTER_BOUND('',#484,.T.);
#486=ADVANCED_FACE('',(#485),#443,.T.);
#487=CARTESIAN_POINT('',(0.,0.,0.));
#488=DIRECTION('',(0.,0.,1.));
#489=DIRECTION('',(1.,0.,0.));
#490=AXIS2_PLACEMENT_3D('',#487,#488,#489);
#491=PLANE('',#490);
#492=CARTESIAN_POINT('',(0.00995000000000001,-0.00825,0.));
#493=CARTESIAN_POINT('',(0.01245000000000001,-0.008249999999999997,0.));
#494=CARTESIAN_POINT('',(0.012450000000000008,-0.005749999999999998,0.));
#495=(BOUNDED_CURVE() B_SPLINE_CURVE(2,(#492,#493,#494),.UNSPECIFIED.,.F.,.F.) B_SPLINE_CURVE_WITH_KNOTS((3,3),(0.,1.),.UNSPECIFIED.) CURVE() GEOMETRIC_REPRESENTATION_ITEM() RATIONAL_B_SPLINE_CURVE((1.,0.7071067811865476,1.)) REPRESENTATION_ITEM(''));
#496=CARTESIAN_POINT('',(0.00995000000000001,-0.00825,0.));
#497=VERTEX_POINT('',#496);
#498=CARTESIAN_POINT('',(0.012450000000000008,-0.005749999999999998,0.));
#499=VERTEX_POINT('',#498);
#500=EDGE_CURVE('',#497,#499,#495,.T.);
#501=ORIENTED_EDGE('',*,*,#500,.T.);
#502=CARTESIAN_POINT('',(0.012450000000000003,0.00825,0.));
#503=DIRECTION('',(-3.1540426835941946E-16,1.,0.));
#504=VECTOR('',#503,1.);
#505=LINE('',#502,#504);
#506=CARTESIAN_POINT('',(0.012450000000000003,0.005750000000000001,0.));
#507=VERTEX_POINT('',#506);
#508=EDGE_CURVE('',#499,#507,#505,.T.);
#509=ORIENTED_EDGE('',*,*,#508,.T.);
#510=CARTESIAN_POINT('',(0.012450000000000003,0.005750000000000001,0.));
#511=CARTESIAN_POINT('',(0.01245,0.00825,0.));
#512=CARTESIAN_POINT('',(0.00995,0.00825,0.));
#513=(BOUNDED_CURVE() B_SPLINE_CURVE(2,(#510,#511,#512),.UNSPECIFIED.,.F.,.F.) B_SPLINE_CURVE_WITH_KNOTS((3,3),(0.,1.),.UNSPECIFIED.) CURVE() GEOMETRIC_REPRESENTATION_ITEM() RATIONAL_B_SPLINE_CURVE((1.,0.7071067811865477,1.)) REPRESENTATION_ITEM(''));
#514=CARTESIAN_POINT('',(0.00995,0.00825,0.));
#515=VERTEX_POINT('',#514);
#516=EDGE_CURVE('',#507,#515,#513,.T.);
#517=ORIENTED_EDGE('',*,*,#516,.T.);
#518=CARTESIAN_POINT('',(-0.012449999999999996,0.00825,0.));
#519=DIRECTION('',(-1.,0.,0.));
#520=VECTOR('',#519,1.);
#521=LINE('',#518,#520);
#522=CARTESIAN_POINT('',(-0.009949999999999995,0.00825,0.));
#523=VERTEX_POINT('',#522);
#524=EDGE_CURVE('',#515,#523,#521,.T.);
#525=ORIENTED_EDGE('',*,*,#524,.T.);
#526=CARTESIAN_POINT('',(-0.009949999999999995,0.00825,0.));
#527=CARTESIAN_POINT('',(-0.012449999999999996,0.00825,0.));
#528=CARTESIAN_POINT('',(-0.012449999999999996,0.00575,0.));
#529=(BOUNDED_CURVE() B_SPLINE_CURVE(2,(#526,#527,#528),.UNSPECIFIED.,.F.,.F.) B_SPLINE_CURVE_WITH_KNOTS((3,3),(0.,1.),.UNSPECIFIED.) CURVE() GEOMETRIC_REPRESENTATION_ITEM() RATIONAL_B_SPLINE_CURVE((1.,0.7071067811865476,1.)) REPRESENTATION_ITEM(''));
#530=CARTESIAN_POINT('',(-0.012449999999999996,0.00575,0.));
#531=VERTEX_POINT('',#530);
#532=EDGE_CURVE('',#523,#531,#529,.T.);
#533=ORIENTED_EDGE('',*,*,#532,.T.);
#534=CARTESIAN_POINT('',(-0.012449999999999996,0.00825,0.));
#535=DIRECTION('',(1.0513475611980648E-16,-1.,0.));
#536=VECTOR('',#535,1.);
#537=LINE('',#534,#536);
#538=CARTESIAN_POINT('',(-0.012449999999999994,-0.00575,0.));
#539=VERTEX_POINT('',#538);
#540=EDGE_CURVE('',#531,#539,#537,.T.);
#541=ORIENTED_EDGE('',*,*,#540,.T.);
#542=CARTESIAN_POINT('',(-0.012449999999999994,-0.00575,0.));
#543=CARTESIAN_POINT('',(-0.012449999999999992,-0.00825,0.));
#544=CARTESIAN_POINT('',(-0.009949999999999994,-0.00825,0.));
#545=(BOUNDED_CURVE() B_SPLINE_CURVE(2,(#542,#543,#544),.UNSPECIFIED.,.F.,.F.) B_SPLINE_CURVE_WITH_KNOTS((3,3),(0.,1.),.UNSPECIFIED.) CURVE() GEOMETRIC_REPRESENTATION_ITEM() RATIONAL_B_SPLINE_CURVE((1.,0.7071067811865476,1.)) REPRESENTATION_ITEM(''));
#546=CARTESIAN_POINT('',(-0.009949999999999994,-0.00825,0.));
#547=VERTEX_POINT('',#546);
#548=EDGE_CURVE('',#539,#547,#545,.T.);
#549=ORIENTED_EDGE('',*,*,#548,.T.);
#550=CARTESIAN_POINT('',(-0.012449999999999994,-0.00825,0.));
#551=DIRECTION('',(1.,0.,0.));
#552=VECTOR('',#551,1.);
#553=LINE('',#550,#552);
#554=EDGE_CURVE('',#547,#497,#553,.T.);
#555=ORIENTED_EDGE('',*,*,#554,.T.);
#556=EDGE_LOOP('',(#501,#509,#517,#525,#533,#541,#549,#555));
#557=FACE_OUTER_BOUND('',#556,.T.);
#558=CARTESIAN_POINT('',(-0.008,0.0039,0.));
#559=DIRECTION('',(0.,1.,0.));
#560=VECTOR('',#559,1.);
#561=LINE('',#558,#560);
#562=CARTESIAN_POINT('',(-0.008,0.0018999999999999998,0.));
#563=VERTEX_POINT('',#562);
#564=EDGE_CURVE('',#461,#563,#561,.T.);
#565=ORIENTED_EDGE('',*,*,#564,.F.);
#566=CARTESIAN_POINT('',(-0.008,-0.002420000000000001,0.));
#567=CARTESIAN_POINT('',(-0.008,-0.004420000000000001,0.));
#568=CARTESIAN_POINT('',(-0.006,-0.004420000000000001,0.));
#569=(BOUNDED_CURVE() B_SPLINE_CURVE(2,(#566,#567,#568),.UNSPECIFIED.,.F.,.F.) B_SPLINE_CURVE_WITH_KNOTS((3,3),(0.,1.),.UNSPECIFIED.) CURVE() GEOMETRIC_REPRESENTATION_ITEM() RATIONAL_B_SPLINE_CURVE((1.,0.7071067811865476,1.)) REPRESENTATION_ITEM(''));
#570=EDGE_CURVE('',#461,#345,#569,.T.);
#571=ORIENTED_EDGE('',*,*,#570,.T.);
#572=CARTESIAN_POINT('',(-0.008,-0.004420000000000001,0.));
#573=DIRECTION('',(-1.,1.4456028966473392E-16,0.));
#574=VECTOR('',#573,1.);
#575=LINE('',#572,#574);
#576=EDGE_CURVE('',#345,#337,#575,.T.);
#577=ORIENTED_EDGE('',*,*,#576,.T.);
#578=CARTESIAN_POINT('',(0.002,-0.004420000000000003,0.));
#579=CARTESIAN_POINT('',(0.004,-0.004420000000000002,0.));
#580=CARTESIAN_POINT('',(0.004,-0.0024200000000000024,0.));
#581=(BOUNDED_CURVE() B_SPLINE_CURVE(2,(#578,#579,#580),.UNSPECIFIED.,.F.,.F.) B_SPLINE_CURVE_WITH_KNOTS((3,3),(0.,1.),.UNSPECIFIED.) CURVE() GEOMETRIC_REPRESENTATION_ITEM() RATIONAL_B_SPLINE_CURVE((1.,0.7071067811865476,1.)) REPRESENTATION_ITEM(''));
#582=EDGE_CURVE('',#337,#421,#581,.T.);
#583=ORIENTED_EDGE('',*,*,#582,.T.);
#584=CARTESIAN_POINT('',(0.004,-1.4695761589768239E-18,0.));
#585=DIRECTION('',(0.,-1.,0.));
#586=VECTOR('',#585,1.);
#587=LINE('',#584,#586);
#588=EDGE_CURVE('',#261,#421,#587,.T.);
#589=ORIENTED_EDGE('',*,*,#588,.F.);
#590=CARTESIAN_POINT('',(0.008,-9.62964972193618E-35,0.));
#591=DIRECTION('',(-1.,0.,0.));
#592=VECTOR('',#591,1.);
#593=LINE('',#590,#592);
#594=EDGE_CURVE('',#261,#269,#593,.T.);
#595=ORIENTED_EDGE('',*,*,#594,.T.);
#596=CARTESIAN_POINT('',(0.008,0.0039,0.));
#597=DIRECTION('',(0.,-1.,0.));
#598=VECTOR('',#597,1.);
#599=LINE('',#596,#598);
#600=CARTESIAN_POINT('',(0.008,0.0018999999999999998,0.));
#601=VERTEX_POINT('',#600);
#602=EDGE_CURVE('',#601,#269,#599,.T.);
#603=ORIENTED_EDGE('',*,*,#602,.F.);
#604=CARTESIAN_POINT('',(0.006,0.0039,0.));
#605=CARTESIAN_POINT('',(0.008,0.0039,0.));
#606=CARTESIAN_POINT('',(0.008,0.0018999999999999998,0.));
#607=(BOUNDED_CURVE() B_SPLINE_CURVE(2,(#604,#605,#606),.UNSPECIFIED.,.F.,.F.) B_SPLINE_CURVE_WITH_KNOTS((3,3),(0.,1.),.UNSPECIFIED.) CURVE() GEOMETRIC_REPRESENTATION_ITEM() RATIONAL_B_SPLINE_CURVE((1.,0.7071067811865476,1.)) REPRESENTATION_ITEM(''));
#608=CARTESIAN_POINT('',(0.006,0.0039,0.));
#609=VERTEX_POINT('',#608);
#610=EDGE_CURVE('',#609,#601,#607,.T.);
#611=ORIENTED_EDGE('',*,*,#610,.F.);
#612=CARTESIAN_POINT('',(0.008,0.0039,0.));
#613=DIRECTION('',(1.,0.,0.));
#614=VECTOR('',#613,1.);
#615=LINE('',#612,#614);
#616=CARTESIAN_POINT('',(-0.006,0.0039,0.));
#617=VERTEX_POINT('',#616);
#618=EDGE_CURVE('',#617,#609,#615,.T.);
#619=ORIENTED_EDGE('',*,*,#618,.F.);
#620=CARTESIAN_POINT('',(-0.008,0.0018999999999999998,0.));
#621=CARTESIAN_POINT('',(-0.008,0.0039,0.));
#622=CARTESIAN_POINT('',(-0.006,0.0039,0.));
#623=(BOUNDED_CURVE() B_SPLINE_CURVE(2,(#620,#621,#622),.UNSPECIFIED.,.F.,.F.) B_SPLINE_CURVE_WITH_KNOTS((3,3),(0.,1.),.UNSPECIFIED.) CURVE() GEOMETRIC_REPRESENTATION_ITEM() RATIONAL_B_SPLINE_CURVE((1.,0.7071067811865476,1.)) REPRESENTATION_ITEM(''));
#624=EDGE_CURVE('',#563,#617,#623,.T.);
#625=ORIENTED_EDGE('',*,*,#624,.F.);
#626=EDGE_LOOP('',(#565,#571,#577,#583,#589,#595,#603,#611,#619,#625));
#627=FACE_BOUND('',#626,.T.);
#628=ADVANCED_FACE('',(#557,#627),#491,.F.);
#629=CARTESIAN_POINT('',(-0.006249999999999997,0.0022000000000000006,0.002));
#630=DIRECTION('',(0.,0.,1.));
#631=DIRECTION('',(1.,0.,0.));
#632=AXIS2_PLACEMENT_3D('',#629,#630,#631);
#633=PLANE('',#632);
#634=CARTESIAN_POINT('',(-0.006249999999999997,0.0022000000000000006,0.002));
#635=DIRECTION('',(0.,0.,1.));
#636=DIRECTION('',(1.,0.,0.));
#637=AXIS2_PLACEMENT_3D('',#634,#635,#636);
#638=CIRCLE('',#637,0.00175);
#639=CARTESIAN_POINT('',(-0.004499999999999997,0.0022000000000000006,0.002));
#640=VERTEX_POINT('',#639);
#641=EDGE_CURVE('',#640,#640,#638,.T.);
#642=ORIENTED_EDGE('',*,*,#641,.T.);
#643=EDGE_LOOP('',(#642));
#644=FACE_OUTER_BOUND('',#643,.T.);
#645=CARTESIAN_POINT('',(-0.006249999999999997,0.0022000000000000006,0.002));
#646=DIRECTION('',(0.,0.,1.));
#647=DIRECTION('',(1.,0.,0.));
#648=AXIS2_PLACEMENT_3D('',#645,#646,#647);
#649=CIRCLE('',#648,0.0005000000000000007);
#650=CARTESIAN_POINT('',(-0.005749999999999996,0.0022000000000000006,0.002));
#651=VERTEX_POINT('',#650);
#652=EDGE_CURVE('',#651,#651,#649,.T.);
#653=ORIENTED_EDGE('',*,*,#652,.F.);
#654=EDGE_LOOP('',(#653));
#655=FACE_BOUND('',#654,.T.);
#656=ADVANCED_FACE('',(#644,#655),#633,.T.);
#657=CARTESIAN_POINT('',(0.001750000000000012,-0.0021999999999999997,0.0014999999999999996));
#658=DIRECTION('',(0.,0.,-1.));
#659=DIRECTION('',(-1.,0.,0.));
#660=AXIS2_PLACEMENT_3D('',#657,#658,#659);
#661=PLANE('',#660);
#662=CARTESIAN_POINT('',(0.004896029343657482,-0.005417530010558743,0.0014999999999999996));
#663=CARTESIAN_POINT('',(0.003584412309001657,-0.006700000000000007,0.0014999999999999996));
#664=CARTESIAN_POINT('',(0.0017499999999999937,-0.0067,0.0014999999999999996));
#665=(BOUNDED_CURVE() B_SPLINE_CURVE(2,(#662,#663,#664),.UNSPECIFIED.,.F.,.F.) B_SPLINE_CURVE_WITH_KNOTS((3,3),(0.,1.),.UNSPECIFIED.) CURVE() GEOMETRIC_REPRESENTATION_ITEM() RATIONAL_B_SPLINE_CURVE((1.,0.9260147593351445,1.)) REPRESENTATION_ITEM(''));
#666=CARTESIAN_POINT('',(0.004896029343657482,-0.005417530010558743,0.0014999999999999996));
#667=VERTEX_POINT('',#666);
#668=CARTESIAN_POINT('',(0.0017499999999999937,-0.0067,0.0014999999999999996));
#669=VERTEX_POINT('',#668);
#670=EDGE_CURVE('',#667,#669,#665,.T.);
#671=ORIENTED_EDGE('',*,*,#670,.T.);
#672=CARTESIAN_POINT('',(-0.006249999999999964,-0.0067,0.0014999999999999996));
#673=DIRECTION('',(1.,0.,0.));
#674=VECTOR('',#673,1.);
#675=LINE('',#672,#674);
#676=CARTESIAN_POINT('',(-0.006249999999999965,-0.0067,0.0014999999999999996));
#677=VERTEX_POINT('',#676);
#678=EDGE_CURVE('',#669,#677,#675,.T.);
#679=ORIENTED_EDGE('',*,*,#678,.T.);
#680=CARTESIAN_POINT('',(-0.006249999999999965,-0.0067,0.0014999999999999996));
#681=CARTESIAN_POINT('',(-0.00811396103067891,-0.006700000000000013,0.0014999999999999996));
#682=CARTESIAN_POINT('',(-0.009431980515339458,-0.005381980515339465,0.0014999999999999996));
#683=CARTESIAN_POINT('',(-0.010750000000000008,-0.004063961030678918,0.0014999999999999996));
#684=CARTESIAN_POINT('',(-0.010749999999999996,-0.0021999999999999685,0.0014999999999999996));
#685=(BOUNDED_CURVE() B_SPLINE_CURVE(2,(#680,#681,#682,#683,#684),.UNSPECIFIED.,.F.,.F.) B_SPLINE_CURVE_WITH_KNOTS((3,2,3),(0.,1.,2.),.UNSPECIFIED.) CURVE() GEOMETRIC_REPRESENTATION_ITEM() RATIONAL_B_SPLINE_CURVE((1.,0.9238795325112855,1.,0.9238795325112855,1.)) REPRESENTATION_ITEM(''));
#686=CARTESIAN_POINT('',(-0.010749999999999996,-0.0021999999999999685,0.0014999999999999996));
#687=VERTEX_POINT('',#686);
#688=EDGE_CURVE('',#677,#687,#685,.T.);
#689=ORIENTED_EDGE('',*,*,#688,.T.);
#690=CARTESIAN_POINT('',(-0.010749999999999996,0.0021999999999999685,0.0014999999999999996));
#691=DIRECTION('',(0.,-1.,0.));
#692=VECTOR('',#691,1.);
#693=LINE('',#690,#692);
#694=CARTESIAN_POINT('',(-0.010749999999999996,0.0021999999999999693,0.0014999999999999996));
#695=VERTEX_POINT('',#694);
#696=EDGE_CURVE('',#687,#695,#693,.T.);
#697=ORIENTED_EDGE('',*,*,#696,.T.);
#698=CARTESIAN_POINT('',(-0.010749999999999996,0.0021999999999999693,0.0014999999999999996));
#699=CARTESIAN_POINT('',(-0.010750000000000008,0.004063961030678916,0.0014999999999999996));
#700=CARTESIAN_POINT('',(-0.009431980515339462,0.0053819805153394636,0.0014999999999999996));
#701=CARTESIAN_POINT('',(-0.008113961030678914,0.006700000000000011,0.0014999999999999996));
#702=CARTESIAN_POINT('',(-0.006249999999999966,0.0067,0.0014999999999999996));
#703=(BOUNDED_CURVE() B_SPLINE_CURVE(2,(#698,#699,#700,#701,#702),.UNSPECIFIED.,.F.,.F.) B_SPLINE_CURVE_WITH_KNOTS((3,2,3),(0.,1.,2.),.UNSPECIFIED.) CURVE() GEOMETRIC_REPRESENTATION_ITEM() RATIONAL_B_SPLINE_CURVE((1.,0.9238795325112854,1.,0.9238795325112854,1.)) REPRESENTATION_ITEM(''));
#704=CARTESIAN_POINT('',(-0.006249999999999966,0.0067,0.0014999999999999996));
#705=VERTEX_POINT('',#704);
#706=EDGE_CURVE('',#695,#705,#703,.T.);
#707=ORIENTED_EDGE('',*,*,#706,.T.);
#708=CARTESIAN_POINT('',(-0.006249999999999966,0.0067,0.0014999999999999996));
#709=DIRECTION('',(-1.,0.,0.));
#710=VECTOR('',#709,1.);
#711=LINE('',#708,#710);
#712=CARTESIAN_POINT('',(0.006249999999999969,0.006700000000000001,0.0014999999999999996));
#713=VERTEX_POINT('',#712);
#714=EDGE_CURVE('',#705,#713,#711,.T.);
#715=ORIENTED_EDGE('',*,*,#714,.T.);
#716=CARTESIAN_POINT('',(0.006249999999999969,0.006700000000000001,0.0014999999999999996));
#717=CARTESIAN_POINT('',(0.0092751214669296,0.006700000000000023,0.0014999999999999996));
#718=CARTESIAN_POINT('',(0.010417066417008153,0.0038986928728416016,0.0014999999999999996));
#719=CARTESIAN_POINT('',(0.011559011367086706,0.0010973857456831801,0.0014999999999999996));
#720=CARTESIAN_POINT('',(0.00939602934365746,-0.0010175300105587553,0.0014999999999999996));
#721=(BOUNDED_CURVE() B_SPLINE_CURVE(2,(#716,#717,#718,#719,#720),.UNSPECIFIED.,.F.,.F.) B_SPLINE_CURVE_WITH_KNOTS((3,2,3),(0.,1.,2.),.UNSPECIFIED.) CURVE() GEOMETRIC_REPRESENTATION_ITEM() RATIONAL_B_SPLINE_CURVE((1.,0.8299058094374038,1.,0.8299058094374038,1.)) REPRESENTATION_ITEM(''));
#722=CARTESIAN_POINT('',(0.00939602934365746,-0.0010175300105587553,0.0014999999999999996));
#723=VERTEX_POINT('',#722);
#724=EDGE_CURVE('',#713,#723,#721,.T.);
#725=ORIENTED_EDGE('',*,*,#724,.T.);
#726=CARTESIAN_POINT('',(0.004896029343657482,-0.005417530010558743,0.0014999999999999996));
#727=DIRECTION('',(0.715006669013057,0.6991176319238794,0.));
#728=VECTOR('',#727,1.);
#729=LINE('',#726,#728);
#730=EDGE_CURVE('',#723,#667,#729,.T.);
#731=ORIENTED_EDGE('',*,*,#730,.T.);
#732=EDGE_LOOP('',(#671,#679,#689,#697,#707,#715,#725,#731));
#733=FACE_OUTER_BOUND('',#732,.T.);
#734=CARTESIAN_POINT('',(0.0017500000000000013,-0.0047,0.0014999999999999996));
#735=CARTESIAN_POINT('',(0.0027691179494453693,-0.0047000000000000045,0.0014999999999999996));
#736=CARTESIAN_POINT('',(0.0034977940798097172,-0.0039875166725326355,0.0014999999999999996));
#737=(BOUNDED_CURVE() B_SPLINE_CURVE(2,(#734,#735,#736),.UNSPECIFIED.,.F.,.F.) B_SPLINE_CURVE_WITH_KNOTS((3,3),(0.,1.),.UNSPECIFIED.) CURVE() GEOMETRIC_REPRESENTATION_ITEM() RATIONAL_B_SPLINE_CURVE((1.,0.9260147593351445,1.)) REPRESENTATION_ITEM(''));
#738=CARTESIAN_POINT('',(0.0017500000000000013,-0.0047,0.0014999999999999996));
#739=VERTEX_POINT('',#738);
#740=CARTESIAN_POINT('',(0.0034977940798097172,-0.0039875166725326355,0.0014999999999999996));
#741=VERTEX_POINT('',#740);
#742=EDGE_CURVE('',#739,#741,#737,.T.);
#743=ORIENTED_EDGE('',*,*,#742,.F.);
#744=CARTESIAN_POINT('',(-0.006249999999999978,-0.0047,0.0014999999999999996));
#745=DIRECTION('',(1.,0.,0.));
#746=VECTOR('',#745,1.);
#747=LINE('',#744,#746);
#748=CARTESIAN_POINT('',(-0.006249999999999978,-0.0047,0.0014999999999999996));
#749=VERTEX_POINT('',#748);
#750=EDGE_CURVE('',#749,#739,#747,.T.);
#751=ORIENTED_EDGE('',*,*,#750,.F.);
#752=CARTESIAN_POINT('',(-0.008749999999999996,-0.0021999999999999997,0.0014999999999999996));
#753=CARTESIAN_POINT('',(-0.008749999999999996,-0.003235533905932742,0.0014999999999999996));
#754=CARTESIAN_POINT('',(-0.00801776695296636,-0.003967766952966374,0.0014999999999999996));
#755=CARTESIAN_POINT('',(-0.007285533905932722,-0.004700000000000006,0.0014999999999999996));
#756=CARTESIAN_POINT('',(-0.006249999999999978,-0.0047,0.0014999999999999996));
#757=(BOUNDED_CURVE() B_SPLINE_CURVE(2,(#752,#753,#754,#755,#756),.UNSPECIFIED.,.F.,.F.) B_SPLINE_CURVE_WITH_KNOTS((3,2,3),(0.,1.,2.),.UNSPECIFIED.) CURVE() GEOMETRIC_REPRESENTATION_ITEM() RATIONAL_B_SPLINE_CURVE((1.,0.9238795325112861,1.,0.9238795325112861,1.)) REPRESENTATION_ITEM(''));
#758=CARTESIAN_POINT('',(-0.008749999999999996,-0.0021999999999999997,0.0014999999999999996));
#759=VERTEX_POINT('',#758);
#760=EDGE_CURVE('',#759,#749,#757,.T.);
#761=ORIENTED_EDGE('',*,*,#760,.F.);
#762=CARTESIAN_POINT('',(-0.008749999999999996,0.0021999999999999845,0.0014999999999999996));
#763=DIRECTION('',(0.,-1.,0.));
#764=VECTOR('',#763,1.);
#765=LINE('',#762,#764);
#766=CARTESIAN_POINT('',(-0.008749999999999996,0.002199999999999985,0.0014999999999999996));
#767=VERTEX_POINT('',#766);
#768=EDGE_CURVE('',#767,#759,#765,.T.);
#769=ORIENTED_EDGE('',*,*,#768,.F.);
#770=CARTESIAN_POINT('',(-0.006249999999999966,0.004699999999999999,0.0014999999999999996));
#771=CARTESIAN_POINT('',(-0.007285533905932716,0.004700000000000013,0.0014999999999999996));
#772=CARTESIAN_POINT('',(-0.00801776695296636,0.003967766952966374,0.0014999999999999996));
#773=CARTESIAN_POINT('',(-0.00875,0.0032355339059327365,0.0014999999999999996));
#774=CARTESIAN_POINT('',(-0.008749999999999996,0.002199999999999985,0.0014999999999999996));
#775=(BOUNDED_CURVE() B_SPLINE_CURVE(2,(#770,#771,#772,#773,#774),.UNSPECIFIED.,.F.,.F.) B_SPLINE_CURVE_WITH_KNOTS((3,2,3),(0.,1.,2.),.UNSPECIFIED.) CURVE() GEOMETRIC_REPRESENTATION_ITEM() RATIONAL_B_SPLINE_CURVE((1.,0.923879532511285,1.,0.923879532511285,1.)) REPRESENTATION_ITEM(''));
#776=CARTESIAN_POINT('',(-0.006249999999999966,0.004699999999999999,0.0014999999999999996));
#777=VERTEX_POINT('',#776);
#778=EDGE_CURVE('',#777,#767,#775,.T.);
#779=ORIENTED_EDGE('',*,*,#778,.F.);
#780=CARTESIAN_POINT('',(0.006249999999999983,0.004700000000000001,0.0014999999999999996));
#781=DIRECTION('',(-1.,-6.938893903907257E-17,0.));
#782=VECTOR('',#781,1.);
#783=LINE('',#780,#782);
#784=CARTESIAN_POINT('',(0.006249999999999983,0.004700000000000001,0.0014999999999999996));
#785=VERTEX_POINT('',#784);
#786=EDGE_CURVE('',#785,#777,#783,.T.);
#787=ORIENTED_EDGE('',*,*,#786,.F.);
#788=CARTESIAN_POINT('',(0.007997794079809703,0.00041248332746736047,0.0014999999999999996));
#789=CARTESIAN_POINT('',(0.009199450759492616,0.0015874365253795483,0.0014999999999999996));
#790=CARTESIAN_POINT('',(0.008565036898337862,0.003143718262689781,0.0014999999999999996));
#791=CARTESIAN_POINT('',(0.00793062303718311,0.004700000000000015,0.0014999999999999996));
#792=CARTESIAN_POINT('',(0.006249999999999983,0.004700000000000001,0.0014999999999999996));
#793=(BOUNDED_CURVE() B_SPLINE_CURVE(2,(#788,#789,#790,#791,#792),.UNSPECIFIED.,.F.,.F.) B_SPLINE_CURVE_WITH_KNOTS((3,2,3),(0.,1.,2.),.UNSPECIFIED.) CURVE() GEOMETRIC_REPRESENTATION_ITEM() RATIONAL_B_SPLINE_CURVE((1.,0.8299058094374039,1.,0.8299058094374039,1.)) REPRESENTATION_ITEM(''));
#794=CARTESIAN_POINT('',(0.007997794079809703,0.00041248332746736047,0.0014999999999999996));
#795=VERTEX_POINT('',#794);
#796=EDGE_CURVE('',#795,#785,#793,.T.);
#797=ORIENTED_EDGE('',*,*,#796,.F.);
#798=CARTESIAN_POINT('',(0.0034977940798097172,-0.0039875166725326355,0.0014999999999999996));
#799=DIRECTION('',(0.715006669013057,0.6991176319238794,0.));
#800=VECTOR('',#799,1.);
#801=LINE('',#798,#800);
#802=EDGE_CURVE('',#741,#795,#801,.T.);
#803=ORIENTED_EDGE('',*,*,#802,.F.);
#804=EDGE_LOOP('',(#743,#751,#761,#769,#779,#787,#797,#803));
#805=FACE_BOUND('',#804,.T.);
#806=ADVANCED_FACE('',(#733,#805),#661,.F.);
#807=CARTESIAN_POINT('',(-0.00995000000000001,-0.0017500000000000007,0.008));
#808=DIRECTION('',(0.,-1.,0.));
#809=DIRECTION('',(0.,0.,-1.));
#810=AXIS2_PLACEMENT_3D('',#807,#808,#809);
#811=CYLINDRICAL_SURFACE('',#810,0.0014999999999999987);
#812=CARTESIAN_POINT('',(-0.009949999999999994,-0.00825,0.0065));
#813=DIRECTION('',(0.,0.,1.));
#814=VECTOR('',#813,1.);
#815=LINE('',#812,#814);
#816=CARTESIAN_POINT('',(-0.009949999999999994,-0.00825,0.0065));
#817=VERTEX_POINT('',#816);
#818=CARTESIAN_POINT('',(-0.009949999999999994,-0.00825,0.009499999999999998));
#819=VERTEX_POINT('',#818);
#820=EDGE_CURVE('',#817,#819,#815,.T.);
#821=ORIENTED_EDGE('',*,*,#820,.F.);
#822=CARTESIAN_POINT('',(-0.009949999999999994,-0.00825,0.009499999999999998));
#823=CARTESIAN_POINT('',(-0.00845000000000001,-0.00825,0.009499999999999984));
#824=CARTESIAN_POINT('',(-0.00845000000000001,-0.00825,0.008));
#825=CARTESIAN_POINT('',(-0.008450000000000011,-0.00825,0.006500000000000016));
#826=CARTESIAN_POINT('',(-0.009949999999999994,-0.00825,0.0065));
#827=(BOUNDED_CURVE() B_SPLINE_CURVE(2,(#822,#823,#824,#825,#826),.UNSPECIFIED.,.F.,.F.) B_SPLINE_CURVE_WITH_KNOTS((3,2,3),(0.,1.,2.),.UNSPECIFIED.) CURVE() GEOMETRIC_REPRESENTATION_ITEM() RATIONAL_B_SPLINE_CURVE((1.,0.7071067811865511,1.,0.7071067811865511,1.)) REPRESENTATION_ITEM(''));
#828=EDGE_CURVE('',#819,#817,#827,.T.);
#829=ORIENTED_EDGE('',*,*,#828,.F.);
#830=EDGE_LOOP('',(#821,#829));
#831=FACE_OUTER_BOUND('',#830,.T.);
#832=CARTESIAN_POINT('',(-0.00982500000000001,-0.0017500000000000007,0.006505217407112327));
#833=DIRECTION('',(0.,-1.,0.));
#834=VECTOR('',#833,1.);
#835=LINE('',#832,#834);
#836=CARTESIAN_POINT('',(-0.00982500000000001,-0.00875,0.006505217407112326));
#837=VERTEX_POINT('',#836);
#838=CARTESIAN_POINT('',(-0.00982500000000001,-0.010750000000000003,0.006505217407112326));
#839=VERTEX_POINT('',#838);
#840=EDGE_CURVE('',#837,#839,#835,.T.);
#841=ORIENTED_EDGE('',*,*,#840,.F.);
#842=CARTESIAN_POINT('',(-0.010075000000000011,-0.00875,0.006505217407112327));
#843=CARTESIAN_POINT('',(-0.009950000000000011,-0.00875,0.006494764381987238));
#844=CARTESIAN_POINT('',(-0.00982500000000001,-0.00875,0.006505217407112326));
#845=(BOUNDED_CURVE() B_SPLINE_CURVE(2,(#842,#843,#844),.UNSPECIFIED.,.F.,.F.) B_SPLINE_CURVE_WITH_KNOTS((3,3),(0.,1.),.UNSPECIFIED.) CURVE() GEOMETRIC_REPRESENTATION_ITEM() RATIONAL_B_SPLINE_CURVE((1.,0.9965217285917831,1.)) REPRESENTATION_ITEM(''));
#846=CARTESIAN_POINT('',(-0.010075000000000011,-0.00875,0.006505217407112327));
#847=VERTEX_POINT('',#846);
#848=EDGE_CURVE('',#847,#837,#845,.T.);
#849=ORIENTED_EDGE('',*,*,#848,.F.);
#850=CARTESIAN_POINT('',(-0.010075000000000011,-0.0017500000000000007,0.006505217407112327));
#851=DIRECTION('',(0.,-1.,0.));
#852=VECTOR('',#851,1.);
#853=LINE('',#850,#852);
#854=CARTESIAN_POINT('',(-0.010075000000000011,-0.010750000000000003,0.006505217407112327));
#855=VERTEX_POINT('',#854);
#856=EDGE_CURVE('',#855,#847,#853,.T.);
#857=ORIENTED_EDGE('',*,*,#856,.F.);
#858=CARTESIAN_POINT('',(-0.010075000000000011,-0.010750000000000003,0.009494782592887673));
#859=CARTESIAN_POINT('',(-0.011450000000000009,-0.010750000000000003,0.009379799316511696));
#860=CARTESIAN_POINT('',(-0.011450000000000009,-0.010750000000000003,0.008));
#861=CARTESIAN_POINT('',(-0.011450000000000009,-0.010750000000000003,0.006620200683488303));
#862=CARTESIAN_POINT('',(-0.010075000000000011,-0.010750000000000003,0.006505217407112327));
#863=(BOUNDED_CURVE() B_SPLINE_CURVE(2,(#858,#859,#860,#861,#862),.UNSPECIFIED.,.F.,.F.) B_SPLINE_CURVE_WITH_KNOTS((3,2,3),(0.,1.,2.),.UNSPECIFIED.) CURVE() GEOMETRIC_REPRESENTATION_ITEM() RATIONAL_B_SPLINE_CURVE((1.,0.7359800721939876,1.,0.7359800721939876,1.)) REPRESENTATION_ITEM(''));
#864=CARTESIAN_POINT('',(-0.010075000000000011,-0.010750000000000003,0.009494782592887673));
#865=VERTEX_POINT('',#864);
#866=EDGE_CURVE('',#865,#855,#863,.T.);
#867=ORIENTED_EDGE('',*,*,#866,.F.);
#868=CARTESIAN_POINT('',(-0.010075000000000011,-0.0017500000000000007,0.009494782592887673));
#869=DIRECTION('',(0.,-1.,0.));
#870=VECTOR('',#869,1.);
#871=LINE('',#868,#870);
#872=CARTESIAN_POINT('',(-0.010075000000000011,-0.00875,0.009494782592887673));
#873=VERTEX_POINT('',#872);
#874=EDGE_CURVE('',#873,#865,#871,.T.);
#875=ORIENTED_EDGE('',*,*,#874,.F.);
#876=CARTESIAN_POINT('',(-0.00982500000000001,-0.00875,0.009494782592887673));
#877=CARTESIAN_POINT('',(-0.009950000000000011,-0.00875,0.009505235618012763));
#878=CARTESIAN_POINT('',(-0.010075000000000011,-0.00875,0.009494782592887673));
#879=(BOUNDED_CURVE() B_SPLINE_CURVE(2,(#876,#877,#878),.UNSPECIFIED.,.F.,.F.) B_SPLINE_CURVE_WITH_KNOTS((3,3),(0.,1.),.UNSPECIFIED.) CURVE() GEOMETRIC_REPRESENTATION_ITEM() RATIONAL_B_SPLINE_CURVE((1.,0.9965217285917831,1.)) REPRESENTATION_ITEM(''));
#880=CARTESIAN_POINT('',(-0.00982500000000001,-0.00875,0.009494782592887673));
#881=VERTEX_POINT('',#880);
#882=EDGE_CURVE('',#881,#873,#879,.T.);
#883=ORIENTED_EDGE('',*,*,#882,.F.);
#884=CARTESIAN_POINT('',(-0.00982500000000001,-0.0017500000000000007,0.009494782592887673));
#885=DIRECTION('',(0.,-1.,0.));
#886=VECTOR('',#885,1.);
#887=LINE('',#884,#886);
#888=CARTESIAN_POINT('',(-0.00982500000000001,-0.010750000000000003,0.009494782592887673));
#889=VERTEX_POINT('',#888);
#890=EDGE_CURVE('',#889,#881,#887,.T.);
#891=ORIENTED_EDGE('',*,*,#890,.F.);
#892=CARTESIAN_POINT('',(-0.00982500000000001,-0.010750000000000003,0.006505217407112326));
#893=CARTESIAN_POINT('',(-0.00845000000000001,-0.010750000000000003,0.0066202006834883));
#894=CARTESIAN_POINT('',(-0.00845000000000001,-0.010750000000000003,0.008));
#895=CARTESIAN_POINT('',(-0.00845000000000001,-0.010750000000000003,0.0093797993165117));
#896=CARTESIAN_POINT('',(-0.00982500000000001,-0.010750000000000003,0.009494782592887673));
#897=(BOUNDED_CURVE() B_SPLINE_CURVE(2,(#892,#893,#894,#895,#896),.UNSPECIFIED.,.F.,.F.) B_SPLINE_CURVE_WITH_KNOTS((3,2,3),(0.,1.,2.),.UNSPECIFIED.) CURVE() GEOMETRIC_REPRESENTATION_ITEM() RATIONAL_B_SPLINE_CURVE((1.,0.7359800721939869,1.,0.7359800721939869,1.)) REPRESENTATION_ITEM(''));
#898=EDGE_CURVE('',#839,#889,#897,.T.);
#899=ORIENTED_EDGE('',*,*,#898,.F.);
#900=EDGE_LOOP('',(#841,#849,#857,#867,#875,#883,#891,#899));
#901=FACE_BOUND('',#900,.T.);
#902=ADVANCED_FACE('',(#831,#901),#811,.T.);
#903=CARTESIAN_POINT('',(-0.00995000000000001,-0.010750000000000001,0.008));
#904=DIRECTION('',(0.,-1.,0.));
#905=DIRECTION('',(0.,0.,-1.));
#906=AXIS2_PLACEMENT_3D('',#903,#904,#905);
#907=PLANE('',#906);
#908=CARTESIAN_POINT('',(-0.00982500000000001,-0.010750000000000001,0.008));
#909=DIRECTION('',(0.,0.,-1.));
#910=VECTOR('',#909,1.);
#911=LINE('',#908,#910);
#912=CARTESIAN_POINT('',(-0.00982500000000001,-0.010750000000000001,0.010071231517720798));
#913=VERTEX_POINT('',#912);
#914=EDGE_CURVE('',#913,#889,#911,.T.);
#915=ORIENTED_EDGE('',*,*,#914,.F.);
#916=CARTESIAN_POINT('',(-0.00982500000000001,-0.010750000000000001,0.005928768482279202));
#917=CARTESIAN_POINT('',(-0.007875000000000009,-0.010750000000000001,0.00604645209124061));
#918=CARTESIAN_POINT('',(-0.007875000000000009,-0.010750000000000001,0.008));
#919=CARTESIAN_POINT('',(-0.007875000000000009,-0.010750000000000001,0.00995354790875939));
#920=CARTESIAN_POINT('',(-0.00982500000000001,-0.010750000000000001,0.010071231517720798));
#921=(BOUNDED_CURVE() B_SPLINE_CURVE(2,(#916,#917,#918,#919,#920),.UNSPECIFIED.,.F.,.F.) B_SPLINE_CURVE_WITH_KNOTS((3,2,3),(0.,1.,2.),.UNSPECIFIED.) CURVE() GEOMETRIC_REPRESENTATION_ITEM() RATIONAL_B_SPLINE_CURVE((1.,0.7280937315536444,1.,0.7280937315536444,1.)) REPRESENTATION_ITEM(''));
#922=CARTESIAN_POINT('',(-0.00982500000000001,-0.010750000000000001,0.005928768482279202));
#923=VERTEX_POINT('',#922);
#924=EDGE_CURVE('',#923,#913,#921,.T.);
#925=ORIENTED_EDGE('',*,*,#924,.F.);
#926=CARTESIAN_POINT('',(-0.00982500000000001,-0.010750000000000001,0.008));
#927=DIRECTION('',(0.,0.,-1.));
#928=VECTOR('',#927,1.);
#929=LINE('',#926,#928);
#930=EDGE_CURVE('',#839,#923,#929,.T.);
#931=ORIENTED_EDGE('',*,*,#930,.F.);
#932=CARTESIAN_POINT('',(-0.00982500000000001,-0.010750000000000003,0.006505217407112326));
#933=CARTESIAN_POINT('',(-0.00845000000000001,-0.010750000000000003,0.0066202006834883));
#934=CARTESIAN_POINT('',(-0.00845000000000001,-0.010750000000000003,0.008));
#935=CARTESIAN_POINT('',(-0.00845000000000001,-0.010750000000000003,0.0093797993165117));
#936=CARTESIAN_POINT('',(-0.00982500000000001,-0.010750000000000003,0.009494782592887673));
#937=(BOUNDED_CURVE() B_SPLINE_CURVE(2,(#932,#933,#934,#935,#936),.UNSPECIFIED.,.F.,.F.) B_SPLINE_CURVE_WITH_KNOTS((3,2,3),(0.,1.,2.),.UNSPECIFIED.) CURVE() GEOMETRIC_REPRESENTATION_ITEM() RATIONAL_B_SPLINE_CURVE((1.,0.7359800721939869,1.,0.7359800721939869,1.)) REPRESENTATION_ITEM(''));
#938=EDGE_CURVE('',#839,#889,#937,.T.);
#939=ORIENTED_EDGE('',*,*,#938,.T.);
#940=EDGE_LOOP('',(#915,#925,#931,#939));
#941=FACE_OUTER_BOUND('',#940,.T.);
#942=ADVANCED_FACE('',(#941),#907,.F.);
#943=CARTESIAN_POINT('',(-0.010075000000000011,-0.010750000000000001,0.008));
#944=DIRECTION('',(0.,0.,1.));
#945=VECTOR('',#944,1.);
#946=LINE('',#943,#945);
#947=CARTESIAN_POINT('',(-0.010075000000000011,-0.010750000000000001,0.005928768482279202));
#948=VERTEX_POINT('',#947);
#949=EDGE_CURVE('',#948,#855,#946,.T.);
#950=ORIENTED_EDGE('',*,*,#949,.F.);
#951=CARTESIAN_POINT('',(-0.010075000000000011,-0.010750000000000001,0.010071231517720798));
#952=CARTESIAN_POINT('',(-0.01202500000000001,-0.010750000000000001,0.009953547908759387));
#953=CARTESIAN_POINT('',(-0.01202500000000001,-0.010750000000000001,0.008));
#954=CARTESIAN_POINT('',(-0.01202500000000001,-0.010750000000000001,0.006046452091240613));
#955=CARTESIAN_POINT('',(-0.010075000000000011,-0.010750000000000001,0.005928768482279202));
#956=(BOUNDED_CURVE() B_SPLINE_CURVE(2,(#951,#952,#953,#954,#955),.UNSPECIFIED.,.F.,.F.) B_SPLINE_CURVE_WITH_KNOTS((3,2,3),(0.,1.,2.),.UNSPECIFIED.) CURVE() GEOMETRIC_REPRESENTATION_ITEM() RATIONAL_B_SPLINE_CURVE((1.,0.728093731553645,1.,0.728093731553645,1.)) REPRESENTATION_ITEM(''));
#957=CARTESIAN_POINT('',(-0.010075000000000011,-0.010750000000000001,0.010071231517720798));
#958=VERTEX_POINT('',#957);
#959=EDGE_CURVE('',#958,#948,#956,.T.);
#960=ORIENTED_EDGE('',*,*,#959,.F.);
#961=CARTESIAN_POINT('',(-0.010075000000000011,-0.010750000000000001,0.008));
#962=DIRECTION('',(0.,0.,1.));
#963=VECTOR('',#962,1.);
#964=LINE('',#961,#963);
#965=EDGE_CURVE('',#865,#958,#964,.T.);
#966=ORIENTED_EDGE('',*,*,#965,.F.);
#967=CARTESIAN_POINT('',(-0.010075000000000011,-0.010750000000000003,0.009494782592887673));
#968=CARTESIAN_POINT('',(-0.011450000000000009,-0.010750000000000003,0.009379799316511696));
#969=CARTESIAN_POINT('',(-0.011450000000000009,-0.010750000000000003,0.008));
#970=CARTESIAN_POINT('',(-0.011450000000000009,-0.010750000000000003,0.006620200683488303));
#971=CARTESIAN_POINT('',(-0.010075000000000011,-0.010750000000000003,0.006505217407112327));
#972=(BOUNDED_CURVE() B_SPLINE_CURVE(2,(#967,#968,#969,#970,#971),.UNSPECIFIED.,.F.,.F.) B_SPLINE_CURVE_WITH_KNOTS((3,2,3),(0.,1.,2.),.UNSPECIFIED.) CURVE() GEOMETRIC_REPRESENTATION_ITEM() RATIONAL_B_SPLINE_CURVE((1.,0.7359800721939876,1.,0.7359800721939876,1.)) REPRESENTATION_ITEM(''));
#973=EDGE_CURVE('',#865,#855,#972,.T.);
#974=ORIENTED_EDGE('',*,*,#973,.T.);
#975=EDGE_LOOP('',(#950,#960,#966,#974));
#976=FACE_OUTER_BOUND('',#975,.T.);
#977=ADVANCED_FACE('',(#976),#907,.F.);
#978=CARTESIAN_POINT('',(-0.00995000000000001,-0.014750000000000001,0.008));
#979=DIRECTION('',(0.,1.,0.));
#980=DIRECTION('',(0.,0.,1.));
#981=AXIS2_PLACEMENT_3D('',#978,#979,#980);
#982=CYLINDRICAL_SURFACE('',#981,0.0020750000000000005);
#983=CARTESIAN_POINT('',(-0.00982500000000001,-0.014750000000000001,0.010071231517720798));
#984=DIRECTION('',(0.,1.,0.));
#985=VECTOR('',#984,1.);
#986=LINE('',#983,#985);
#987=CARTESIAN_POINT('',(-0.00982500000000001,-0.012750000000000001,0.010071231517720798));
#988=VERTEX_POINT('',#987);
#989=EDGE_CURVE('',#988,#913,#986,.T.);
#990=ORIENTED_EDGE('',*,*,#989,.F.);
#991=CARTESIAN_POINT('',(-0.00982500000000001,-0.012749999999999997,0.005928768482279176));
#992=CARTESIAN_POINT('',(-0.007875000000000009,-0.012750000000000001,0.006046452091240608));
#993=CARTESIAN_POINT('',(-0.007875000000000009,-0.012750000000000001,0.008));
#994=CARTESIAN_POINT('',(-0.007875000000000009,-0.012750000000000001,0.00995354790875939));
#995=CARTESIAN_POINT('',(-0.00982500000000001,-0.012750000000000001,0.010071231517720798));
#996=(BOUNDED_CURVE() B_SPLINE_CURVE(2,(#991,#992,#993,#994,#995),.UNSPECIFIED.,.F.,.F.) B_SPLINE_CURVE_WITH_KNOTS((3,2,3),(0.,1.,2.),.UNSPECIFIED.) CURVE() GEOMETRIC_REPRESENTATION_ITEM() RATIONAL_B_SPLINE_CURVE((1.,0.7280937315536443,1.,0.7280937315536443,1.)) REPRESENTATION_ITEM(''));
#997=CARTESIAN_POINT('',(-0.00982500000000001,-0.012749999999999997,0.005928768482279176));
#998=VERTEX_POINT('',#997);
#999=EDGE_CURVE('',#998,#988,#996,.T.);
#1000=ORIENTED_EDGE('',*,*,#999,.F.);
#1001=CARTESIAN_POINT('',(-0.00982500000000001,-0.014750000000000001,0.005928768482279202));
#1002=DIRECTION('',(0.,1.,0.));
#1003=VECTOR('',#1002,1.);
#1004=LINE('',#1001,#1003);
#1005=EDGE_CURVE('',#923,#998,#1004,.T.);
#1006=ORIENTED_EDGE('',*,*,#1005,.F.);
#1007=CARTESIAN_POINT('',(-0.00982500000000001,-0.010750000000000001,0.005928768482279202));
#1008=CARTESIAN_POINT('',(-0.007875000000000009,-0.010750000000000001,0.00604645209124061));
#1009=CARTESIAN_POINT('',(-0.007875000000000009,-0.010750000000000001,0.008));
#1010=CARTESIAN_POINT('',(-0.007875000000000009,-0.010750000000000001,0.00995354790875939));
#1011=CARTESIAN_POINT('',(-0.00982500000000001,-0.010750000000000001,0.010071231517720798));
#1012=(BOUNDED_CURVE() B_SPLINE_CURVE(2,(#1007,#1008,#1009,#1010,#1011),.UNSPECIFIED.,.F.,.F.) B_SPLINE_CURVE_WITH_KNOTS((3,2,3),(0.,1.,2.),.UNSPECIFIED.) CURVE() GEOMETRIC_REPRESENTATION_ITEM() RATIONAL_B_SPLINE_CURVE((1.,0.7280937315536444,1.,0.7280937315536444,1.)) REPRESENTATION_ITEM(''));
#1013=EDGE_CURVE('',#923,#913,#1012,.T.);
#1014=ORIENTED_EDGE('',*,*,#1013,.T.);
#1015=EDGE_LOOP('',(#990,#1000,#1006,#1014));
#1016=FACE_OUTER_BOUND('',#1015,.T.);
#1017=ADVANCED_FACE('',(#1016),#982,.T.);
#1018=CARTESIAN_POINT('',(-0.010075000000000011,-0.014750000000000001,0.005928768482279202));
#1019=DIRECTION('',(0.,1.,0.));
#1020=VECTOR('',#1019,1.);
#1021=LINE('',#1018,#1020);
#1022=CARTESIAN_POINT('',(-0.010075000000000011,-0.012750000000000001,0.005928768482279202));
#1023=VERTEX_POINT('',#1022);
#1024=EDGE_CURVE('',#1023,#948,#1021,.T.);
#1025=ORIENTED_EDGE('',*,*,#1024,.F.);
#1026=CARTESIAN_POINT('',(-0.010075000000000011,-0.012750000000000001,0.010071231517720798));
#1027=CARTESIAN_POINT('',(-0.01202500000000001,-0.012750000000000001,0.009953547908759387));
#1028=CARTESIAN_POINT('',(-0.01202500000000001,-0.012750000000000001,0.008));
#1029=CARTESIAN_POINT('',(-0.01202500000000001,-0.012750000000000001,0.006046452091240613));
#1030=CARTESIAN_POINT('',(-0.010075000000000011,-0.012750000000000001,0.005928768482279202));
#1031=(BOUNDED_CURVE() B_SPLINE_CURVE(2,(#1026,#1027,#1028,#1029,#1030),.UNSPECIFIED.,.F.,.F.) B_SPLINE_CURVE_WITH_KNOTS((3,2,3),(0.,1.,2.),.UNSPECIFIED.) CURVE() GEOMETRIC_REPRESENTATION_ITEM() RATIONAL_B_SPLINE_CURVE((1.,0.728093731553645,1.,0.728093731553645,1.)) REPRESENTATION_ITEM(''));
#1032=CARTESIAN_POINT('',(-0.010075000000000011,-0.012750000000000001,0.010071231517720798));
#1033=VERTEX_POINT('',#1032);
#1034=EDGE_CURVE('',#1033,#1023,#1031,.T.);
#1035=ORIENTED_EDGE('',*,*,#1034,.F.);
#1036=CARTESIAN_POINT('',(-0.010075000000000011,-0.014750000000000001,0.010071231517720798));
#1037=DIRECTION('',(0.,1.,0.));
#1038=VECTOR('',#1037,1.);
#1039=LINE('',#1036,#1038);
#1040=EDGE_CURVE('',#958,#1033,#1039,.T.);
#1041=ORIENTED_EDGE('',*,*,#1040,.F.);
#1042=CARTESIAN_POINT('',(-0.010075000000000011,-0.010750000000000001,0.010071231517720798));
#1043=CARTESIAN_POINT('',(-0.01202500000000001,-0.010750000000000001,0.009953547908759387));
#1044=CARTESIAN_POINT('',(-0.01202500000000001,-0.010750000000000001,0.008));
#1045=CARTESIAN_POINT('',(-0.01202500000000001,-0.010750000000000001,0.006046452091240613));
#1046=CARTESIAN_POINT('',(-0.010075000000000011,-0.010750000000000001,0.005928768482279202));
#1047=(BOUNDED_CURVE() B_SPLINE_CURVE(2,(#1042,#1043,#1044,#1045,#1046),.UNSPECIFIED.,.F.,.F.) B_SPLINE_CURVE_WITH_KNOTS((3,2,3),(0.,1.,2.),.UNSPECIFIED.) CURVE() GEOMETRIC_REPRESENTATION_ITEM() RATIONAL_B_SPLINE_CURVE((1.,0.728093731553645,1.,0.728093731553645,1.)) REPRESENTATION_ITEM(''));
#1048=EDGE_CURVE('',#958,#948,#1047,.T.);
#1049=ORIENTED_EDGE('',*,*,#1048,.T.);
#1050=EDGE_LOOP('',(#1025,#1035,#1041,#1049));
#1051=FACE_OUTER_BOUND('',#1050,.T.);
#1052=ADVANCED_FACE('',(#1051),#982,.T.);
#1053=CARTESIAN_POINT('',(-0.00995000000000001,-0.012750000000000001,0.008));
#1054=DIRECTION('',(0.,-1.,0.));
#1055=DIRECTION('',(0.,0.,-1.));
#1056=AXIS2_PLACEMENT_3D('',#1053,#1054,#1055);
#1057=TOROIDAL_SURFACE('',#1056,0.00007500000000000041,0.002);
#1058=CARTESIAN_POINT('',(-0.00982500000000001,-0.012749999999999997,0.005928768482279176));
#1059=CARTESIAN_POINT('',(-0.007875000000000009,-0.012750000000000001,0.006046452091240608));
#1060=CARTESIAN_POINT('',(-0.007875000000000009,-0.012750000000000001,0.008));
#1061=CARTESIAN_POINT('',(-0.007875000000000009,-0.012750000000000001,0.00995354790875939));
#1062=CARTESIAN_POINT('',(-0.00982500000000001,-0.012750000000000001,0.010071231517720798));
#1063=(BOUNDED_CURVE() B_SPLINE_CURVE(2,(#1058,#1059,#1060,#1061,#1062),.UNSPECIFIED.,.F.,.F.) B_SPLINE_CURVE_WITH_KNOTS((3,2,3),(0.,1.,2.),.UNSPECIFIED.) CURVE() GEOMETRIC_REPRESENTATION_ITEM() RATIONAL_B_SPLINE_CURVE((1.,0.7280937315536443,1.,0.7280937315536443,1.)) REPRESENTATION_ITEM(''));
#1064=EDGE_CURVE('',#998,#988,#1063,.T.);
#1065=ORIENTED_EDGE('',*,*,#1064,.F.);
#1066=CARTESIAN_POINT('',(-0.00982500000000001,-0.012749999999999997,0.005928768482279176));
#1067=DIRECTION('',(0.,-8.375323864739667E-16,1.));
#1068=VECTOR('',#1067,1.);
#1069=LINE('',#1066,#1068);
#1070=EDGE_CURVE('',#998,#988,#1069,.T.);
#1071=ORIENTED_EDGE('',*,*,#1070,.T.);
#1072=EDGE_LOOP('',(#1065,#1071));
#1073=FACE_OUTER_BOUND('',#1072,.T.);
#1074=ADVANCED_FACE('',(#1073),#1057,.T.);
#1075=CARTESIAN_POINT('',(-0.010075000000000011,-0.012750000000000001,0.010071231517720798));
#1076=CARTESIAN_POINT('',(-0.01202500000000001,-0.012750000000000001,0.009953547908759387));
#1077=CARTESIAN_POINT('',(-0.01202500000000001,-0.012750000000000001,0.008));
#1078=CARTESIAN_POINT('',(-0.01202500000000001,-0.012750000000000001,0.006046452091240613));
#1079=CARTESIAN_POINT('',(-0.010075000000000011,-0.012750000000000001,0.005928768482279202));
#1080=(BOUNDED_CURVE() B_SPLINE_CURVE(2,(#1075,#1076,#1077,#1078,#1079),.UNSPECIFIED.,.F.,.F.) B_SPLINE_CURVE_WITH_KNOTS((3,2,3),(0.,1.,2.),.UNSPECIFIED.) CURVE() GEOMETRIC_REPRESENTATION_ITEM() RATIONAL_B_SPLINE_CURVE((1.,0.728093731553645,1.,0.728093731553645,1.)) REPRESENTATION_ITEM(''));
#1081=EDGE_CURVE('',#1033,#1023,#1080,.T.);
#1082=ORIENTED_EDGE('',*,*,#1081,.F.);
#1083=CARTESIAN_POINT('',(-0.010075000000000011,-0.012750000000000001,0.010071231517720798));
#1084=DIRECTION('',(0.,0.,-1.));
#1085=VECTOR('',#1084,1.);
#1086=LINE('',#1083,#1085);
#1087=EDGE_CURVE('',#1033,#1023,#1086,.T.);
#1088=ORIENTED_EDGE('',*,*,#1087,.T.);
#1089=EDGE_LOOP('',(#1082,#1088));
#1090=FACE_OUTER_BOUND('',#1089,.T.);
#1091=ADVANCED_FACE('',(#1090),#1057,.T.);
#1092=CARTESIAN_POINT('',(-0.012449999999999994,-0.00825,0.014));
#1093=DIRECTION('',(0.,1.,0.));
#1094=DIRECTION('',(0.,0.,1.));
#1095=AXIS2_PLACEMENT_3D('',#1092,#1093,#1094);
#1096=PLANE('',#1095);
#1097=CARTESIAN_POINT('',(-0.009949999999999994,-0.00825,0.009499999999999998));
#1098=CARTESIAN_POINT('',(-0.00845000000000001,-0.00825,0.009499999999999984));
#1099=CARTESIAN_POINT('',(-0.00845000000000001,-0.00825,0.008));
#1100=CARTESIAN_POINT('',(-0.008450000000000011,-0.00825,0.006500000000000016));
#1101=CARTESIAN_POINT('',(-0.009949999999999994,-0.00825,0.0065));
#1102=(BOUNDED_CURVE() B_SPLINE_CURVE(2,(#1097,#1098,#1099,#1100,#1101),.UNSPECIFIED.,.F.,.F.) B_SPLINE_CURVE_WITH_KNOTS((3,2,3),(0.,1.,2.),.UNSPECIFIED.) CURVE() GEOMETRIC_REPRESENTATION_ITEM() RATIONAL_B_SPLINE_CURVE((1.,0.7071067811865511,1.,0.7071067811865511,1.)) REPRESENTATION_ITEM(''));
#1103=EDGE_CURVE('',#819,#817,#1102,.T.);
#1104=ORIENTED_EDGE('',*,*,#1103,.F.);
#1105=CARTESIAN_POINT('',(-0.009949999999999994,-0.00825,0.014));
#1106=DIRECTION('',(0.,0.,-1.));
#1107=VECTOR('',#1106,1.);
#1108=LINE('',#1105,#1107);
#1109=CARTESIAN_POINT('',(-0.009949999999999994,-0.00825,0.014));
#1110=VERTEX_POINT('',#1109);
#1111=EDGE_CURVE('',#819,#1110,#1108,.T.);
#1112=ORIENTED_EDGE('',*,*,#1111,.T.);
#1113=CARTESIAN_POINT('',(-0.012449999999999994,-0.00825,0.014));
#1114=DIRECTION('',(1.,0.,0.));
#1115=VECTOR('',#1114,1.);
#1116=LINE('',#1113,#1115);
#1117=CARTESIAN_POINT('',(0.00995000000000001,-0.00825,0.014));
#1118=VERTEX_POINT('',#1117);
#1119=EDGE_CURVE('',#1110,#1118,#1116,.T.);
#1120=ORIENTED_EDGE('',*,*,#1119,.T.);
#1121=CARTESIAN_POINT('',(0.00995000000000001,-0.00825,0.014));
#1122=DIRECTION('',(0.,0.,-1.));
#1123=VECTOR('',#1122,1.);
#1124=LINE('',#1121,#1123);
#1125=CARTESIAN_POINT('',(0.009950000000000011,-0.00825,0.009499999999999998));
#1126=VERTEX_POINT('',#1125);
#1127=EDGE_CURVE('',#1118,#1126,#1124,.T.);
#1128=ORIENTED_EDGE('',*,*,#1127,.T.);
#1129=CARTESIAN_POINT('',(0.009950000000000011,-0.00825,0.009499999999999998));
#1130=CARTESIAN_POINT('',(0.009083974596215573,-0.00825,0.0095));
#1131=CARTESIAN_POINT('',(0.008650961894323354,-0.00825,0.00875));
#1132=CARTESIAN_POINT('',(0.008217949192431134,-0.00825,0.008000000000000002));
#1133=CARTESIAN_POINT('',(0.008650961894323352,-0.00825,0.007250000000000001));
#1134=CARTESIAN_POINT('',(0.00908397459621557,-0.00825,0.0065000000000000014));
#1135=CARTESIAN_POINT('',(0.00995000000000001,-0.00825,0.0065));
#1136=(BOUNDED_CURVE() B_SPLINE_CURVE(2,(#1129,#1130,#1131,#1132,#1133,#1134,#1135),.UNSPECIFIED.,.F.,.F.) B_SPLINE_CURVE_WITH_KNOTS((3,2,2,3),(0.,1.,2.,3.),.UNSPECIFIED.) CURVE() GEOMETRIC_REPRESENTATION_ITEM() RATIONAL_B_SPLINE_CURVE((1.,0.8660254037844386,1.,0.8660254037844386,1.,0.8660254037844386,1.)) REPRESENTATION_ITEM(''));
#1137=CARTESIAN_POINT('',(0.00995000000000001,-0.00825,0.0065));
#1138=VERTEX_POINT('',#1137);
#1139=EDGE_CURVE('',#1126,#1138,#1136,.T.);
#1140=ORIENTED_EDGE('',*,*,#1139,.T.);
#1141=CARTESIAN_POINT('',(0.00995000000000001,-0.00825,0.014));
#1142=DIRECTION('',(0.,0.,-1.));
#1143=VECTOR('',#1142,1.);
#1144=LINE('',#1141,#1143);
#1145=EDGE_CURVE('',#1138,#497,#1144,.T.);
#1146=ORIENTED_EDGE('',*,*,#1145,.T.);
#1147=CARTESIAN_POINT('',(-0.012449999999999994,-0.00825,0.));
#1148=DIRECTION('',(1.,0.,0.));
#1149=VECTOR('',#1148,1.);
#1150=LINE('',#1147,#1149);
#1151=EDGE_CURVE('',#547,#497,#1150,.T.);
#1152=ORIENTED_EDGE('',*,*,#1151,.F.);
#1153=CARTESIAN_POINT('',(-0.009949999999999994,-0.00825,0.014));
#1154=DIRECTION('',(0.,0.,-1.));
#1155=VECTOR('',#1154,1.);
#1156=LINE('',#1153,#1155);
#1157=EDGE_CURVE('',#547,#817,#1156,.T.);
#1158=ORIENTED_EDGE('',*,*,#1157,.T.);
#1159=EDGE_LOOP('',(#1104,#1112,#1120,#1128,#1140,#1146,#1152,#1158));
#1160=FACE_OUTER_BOUND('',#1159,.T.);
#1161=ADVANCED_FACE('',(#1160),#1096,.F.);
#1162=CARTESIAN_POINT('',(-0.009949999999999994,-0.00575,0.014));
#1163=DIRECTION('',(0.,0.,-1.));
#1164=DIRECTION('',(-1.,0.,0.));
#1165=AXIS2_PLACEMENT_3D('',#1162,#1163,#1164);
#1166=CYLINDRICAL_SURFACE('',#1165,0.0025);
#1167=CARTESIAN_POINT('',(-0.009949999999999994,-0.00825,0.0065));
#1168=DIRECTION('',(0.,0.,1.));
#1169=VECTOR('',#1168,1.);
#1170=LINE('',#1167,#1169);
#1171=EDGE_CURVE('',#817,#819,#1170,.T.);
#1172=ORIENTED_EDGE('',*,*,#1171,.T.);
#1173=CARTESIAN_POINT('',(-0.009949999999999994,-0.00825,0.014));
#1174=DIRECTION('',(0.,0.,-1.));
#1175=VECTOR('',#1174,1.);
#1176=LINE('',#1173,#1175);
#1177=EDGE_CURVE('',#819,#1110,#1176,.T.);
#1178=ORIENTED_EDGE('',*,*,#1177,.T.);
#1179=CARTESIAN_POINT('',(-0.012449999999999994,-0.00575,0.014));
#1180=CARTESIAN_POINT('',(-0.012449999999999994,-0.00825,0.014));
#1181=CARTESIAN_POINT('',(-0.009949999999999994,-0.00825,0.014));
#1182=(BOUNDED_CURVE() B_SPLINE_CURVE(2,(#1179,#1180,#1181),.UNSPECIFIED.,.F.,.F.) B_SPLINE_CURVE_WITH_KNOTS((3,3),(0.,1.),.UNSPECIFIED.) CURVE() GEOMETRIC_REPRESENTATION_ITEM() RATIONAL_B_SPLINE_CURVE((1.,0.7071067811865476,1.)) REPRESENTATION_ITEM(''));
#1183=CARTESIAN_POINT('',(-0.012449999999999994,-0.00575,0.014));
#1184=VERTEX_POINT('',#1183);
#1185=EDGE_CURVE('',#1184,#1110,#1182,.T.);
#1186=ORIENTED_EDGE('',*,*,#1185,.F.);
#1187=CARTESIAN_POINT('',(-0.012449999999999994,-0.00575,0.014));
#1188=DIRECTION('',(0.,0.,-1.));
#1189=VECTOR('',#1188,1.);
#1190=LINE('',#1187,#1189);
#1191=EDGE_CURVE('',#539,#1184,#1190,.T.);
#1192=ORIENTED_EDGE('',*,*,#1191,.F.);
#1193=CARTESIAN_POINT('',(-0.012449999999999994,-0.00575,0.));
#1194=CARTESIAN_POINT('',(-0.012449999999999992,-0.00825,0.));
#1195=CARTESIAN_POINT('',(-0.009949999999999994,-0.00825,0.));
#1196=(BOUNDED_CURVE() B_SPLINE_CURVE(2,(#1193,#1194,#1195),.UNSPECIFIED.,.F.,.F.) B_SPLINE_CURVE_WITH_KNOTS((3,3),(0.,1.),.UNSPECIFIED.) CURVE() GEOMETRIC_REPRESENTATION_ITEM() RATIONAL_B_SPLINE_CURVE((1.,0.7071067811865476,1.)) REPRESENTATION_ITEM(''));
#1197=EDGE_CURVE('',#539,#547,#1196,.T.);
#1198=ORIENTED_EDGE('',*,*,#1197,.T.);
#1199=CARTESIAN_POINT('',(-0.009949999999999994,-0.00825,0.014));
#1200=DIRECTION('',(0.,0.,-1.));
#1201=VECTOR('',#1200,1.);
#1202=LINE('',#1199,#1201);
#1203=EDGE_CURVE('',#547,#817,#1202,.T.);
#1204=ORIENTED_EDGE('',*,*,#1203,.T.);
#1205=EDGE_LOOP('',(#1172,#1178,#1186,#1192,#1198,#1204));
#1206=FACE_OUTER_BOUND('',#1205,.T.);
#1207=ADVANCED_FACE('',(#1206),#1166,.T.);
#1208=CARTESIAN_POINT('',(0.00995000000000001,-0.014750000000000001,0.008));
#1209=DIRECTION('',(0.,1.,0.));
#1210=DIRECTION('',(0.,0.,1.));
#1211=AXIS2_PLACEMENT_3D('',#1208,#1209,#1210);
#1212=CYLINDRICAL_SURFACE('',#1211,0.0020750000000000005);
#1213=CARTESIAN_POINT('',(0.00982500000000001,-0.014750000000000001,0.010071231517720798));
#1214=DIRECTION('',(0.,1.,0.));
#1215=VECTOR('',#1214,1.);
#1216=LINE('',#1213,#1215);
#1217=CARTESIAN_POINT('',(0.00982500000000001,-0.010750000000000001,0.010071231517720798));
#1218=VERTEX_POINT('',#1217);
#1219=CARTESIAN_POINT('',(0.00982500000000001,-0.012750000000000001,0.010071231517720798));
#1220=VERTEX_POINT('',#1219);
#1221=EDGE_CURVE('',#1218,#1220,#1216,.T.);
#1222=ORIENTED_EDGE('',*,*,#1221,.F.);
#1223=CARTESIAN_POINT('',(0.00982500000000001,-0.010750000000000001,0.005928768482279202));
#1224=CARTESIAN_POINT('',(0.007875000000000009,-0.010750000000000001,0.00604645209124061));
#1225=CARTESIAN_POINT('',(0.007875000000000009,-0.010750000000000001,0.008));
#1226=CARTESIAN_POINT('',(0.007875000000000009,-0.010750000000000001,0.00995354790875939));
#1227=CARTESIAN_POINT('',(0.00982500000000001,-0.010750000000000001,0.010071231517720798));
#1228=(BOUNDED_CURVE() B_SPLINE_CURVE(2,(#1223,#1224,#1225,#1226,#1227),.UNSPECIFIED.,.F.,.F.) B_SPLINE_CURVE_WITH_KNOTS((3,2,3),(0.,1.,2.),.UNSPECIFIED.) CURVE() GEOMETRIC_REPRESENTATION_ITEM() RATIONAL_B_SPLINE_CURVE((1.,0.7280937315536444,1.,0.7280937315536444,1.)) REPRESENTATION_ITEM(''));
#1229=CARTESIAN_POINT('',(0.00982500000000001,-0.010750000000000001,0.005928768482279202));
#1230=VERTEX_POINT('',#1229);
#1231=EDGE_CURVE('',#1230,#1218,#1228,.T.);
#1232=ORIENTED_EDGE('',*,*,#1231,.F.);
#1233=CARTESIAN_POINT('',(0.00982500000000001,-0.014750000000000001,0.005928768482279202));
#1234=DIRECTION('',(0.,1.,0.));
#1235=VECTOR('',#1234,1.);
#1236=LINE('',#1233,#1235);
#1237=CARTESIAN_POINT('',(0.00982500000000001,-0.012749999999999997,0.005928768482279176));
#1238=VERTEX_POINT('',#1237);
#1239=EDGE_CURVE('',#1238,#1230,#1236,.T.);
#1240=ORIENTED_EDGE('',*,*,#1239,.F.);
#1241=CARTESIAN_POINT('',(0.00982500000000001,-0.012750000000000001,0.010071231517720798));
#1242=CARTESIAN_POINT('',(0.007875000000000009,-0.012750000000000001,0.00995354790875939));
#1243=CARTESIAN_POINT('',(0.007875000000000009,-0.012750000000000001,0.008));
#1244=CARTESIAN_POINT('',(0.007875000000000009,-0.012750000000000001,0.006046452091240608));
#1245=CARTESIAN_POINT('',(0.00982500000000001,-0.012749999999999997,0.005928768482279176));
#1246=(BOUNDED_CURVE() B_SPLINE_CURVE(2,(#1241,#1242,#1243,#1244,#1245),.UNSPECIFIED.,.F.,.F.) B_SPLINE_CURVE_WITH_KNOTS((3,2,3),(0.,1.,2.),.UNSPECIFIED.) CURVE() GEOMETRIC_REPRESENTATION_ITEM() RATIONAL_B_SPLINE_CURVE((1.,0.7280937315536443,1.,0.7280937315536443,1.)) REPRESENTATION_ITEM(''));
#1247=EDGE_CURVE('',#1220,#1238,#1246,.T.);
#1248=ORIENTED_EDGE('',*,*,#1247,.F.);
#1249=EDGE_LOOP('',(#1222,#1232,#1240,#1248));
#1250=FACE_OUTER_BOUND('',#1249,.T.);
#1251=ADVANCED_FACE('',(#1250),#1212,.T.);
#1252=CARTESIAN_POINT('',(0.00995000000000001,-0.010750000000000001,0.008));
#1253=DIRECTION('',(0.,-1.,0.));
#1254=DIRECTION('',(0.,0.,-1.));
#1255=AXIS2_PLACEMENT_3D('',#1252,#1253,#1254);
#1256=PLANE('',#1255);
#1257=CARTESIAN_POINT('',(0.00982500000000001,-0.010750000000000001,0.005928768482279202));
#1258=CARTESIAN_POINT('',(0.007875000000000009,-0.010750000000000001,0.00604645209124061));
#1259=CARTESIAN_POINT('',(0.007875000000000009,-0.010750000000000001,0.008));
#1260=CARTESIAN_POINT('',(0.007875000000000009,-0.010750000000000001,0.00995354790875939));
#1261=CARTESIAN_POINT('',(0.00982500000000001,-0.010750000000000001,0.010071231517720798));
#1262=(BOUNDED_CURVE() B_SPLINE_CURVE(2,(#1257,#1258,#1259,#1260,#1261),.UNSPECIFIED.,.F.,.F.) B_SPLINE_CURVE_WITH_KNOTS((3,2,3),(0.,1.,2.),.UNSPECIFIED.) CURVE() GEOMETRIC_REPRESENTATION_ITEM() RATIONAL_B_SPLINE_CURVE((1.,0.7280937315536444,1.,0.7280937315536444,1.)) REPRESENTATION_ITEM(''));
#1263=EDGE_CURVE('',#1230,#1218,#1262,.T.);
#1264=ORIENTED_EDGE('',*,*,#1263,.F.);
#1265=CARTESIAN_POINT('',(0.00982500000000001,-0.010750000000000001,0.008));
#1266=DIRECTION('',(0.,0.,-1.));
#1267=VECTOR('',#1266,1.);
#1268=LINE('',#1265,#1267);
#1269=CARTESIAN_POINT('',(0.00982500000000001,-0.010750000000000001,0.006505217407112326));
#1270=VERTEX_POINT('',#1269);
#1271=EDGE_CURVE('',#1230,#1270,#1268,.T.);
#1272=ORIENTED_EDGE('',*,*,#1271,.T.);
#1273=CARTESIAN_POINT('',(0.00982500000000001,-0.010750000000000001,0.006505217407112326));
#1274=CARTESIAN_POINT('',(0.00845000000000001,-0.010750000000000001,0.0066202006834883));
#1275=CARTESIAN_POINT('',(0.00845000000000001,-0.010750000000000001,0.008));
#1276=CARTESIAN_POINT('',(0.00845000000000001,-0.010750000000000001,0.0093797993165117));
#1277=CARTESIAN_POINT('',(0.00982500000000001,-0.010750000000000001,0.009494782592887673));
#1278=(BOUNDED_CURVE() B_SPLINE_CURVE(2,(#1273,#1274,#1275,#1276,#1277),.UNSPECIFIED.,.F.,.F.) B_SPLINE_CURVE_WITH_KNOTS((3,2,3),(0.,1.,2.),.UNSPECIFIED.) CURVE() GEOMETRIC_REPRESENTATION_ITEM() RATIONAL_B_SPLINE_CURVE((1.,0.7359800721939869,1.,0.7359800721939869,1.)) REPRESENTATION_ITEM(''));
#1279=CARTESIAN_POINT('',(0.00982500000000001,-0.010750000000000001,0.009494782592887673));
#1280=VERTEX_POINT('',#1279);
#1281=EDGE_CURVE('',#1270,#1280,#1278,.T.);
#1282=ORIENTED_EDGE('',*,*,#1281,.T.);
#1283=CARTESIAN_POINT('',(0.00982500000000001,-0.010750000000000001,0.008));
#1284=DIRECTION('',(0.,0.,-1.));
#1285=VECTOR('',#1284,1.);
#1286=LINE('',#1283,#1285);
#1287=EDGE_CURVE('',#1280,#1218,#1286,.T.);
#1288=ORIENTED_EDGE('',*,*,#1287,.T.);
#1289=EDGE_LOOP('',(#1264,#1272,#1282,#1288));
#1290=FACE_OUTER_BOUND('',#1289,.T.);
#1291=ADVANCED_FACE('',(#1290),#1256,.F.);
#1292=CARTESIAN_POINT('',(0.00995000000000001,-0.012750000000000001,0.008));
#1293=DIRECTION('',(0.,-1.,0.));
#1294=DIRECTION('',(0.,0.,-1.));
#1295=AXIS2_PLACEMENT_3D('',#1292,#1293,#1294);
#1296=TOROIDAL_SURFACE('',#1295,0.00007500000000000041,0.002);
#1297=CARTESIAN_POINT('',(0.00982500000000001,-0.012750000000000001,0.010071231517720798));
#1298=DIRECTION('',(0.,8.375323864739667E-16,-1.));
#1299=VECTOR('',#1298,1.);
#1300=LINE('',#1297,#1299);
#1301=EDGE_CURVE('',#1220,#1238,#1300,.T.);
#1302=ORIENTED_EDGE('',*,*,#1301,.F.);
#1303=CARTESIAN_POINT('',(0.00982500000000001,-0.012750000000000001,0.010071231517720798));
#1304=CARTESIAN_POINT('',(0.007875000000000009,-0.012750000000000001,0.00995354790875939));
#1305=CARTESIAN_POINT('',(0.007875000000000009,-0.012750000000000001,0.008));
#1306=CARTESIAN_POINT('',(0.007875000000000009,-0.012750000000000001,0.006046452091240608));
#1307=CARTESIAN_POINT('',(0.00982500000000001,-0.012749999999999997,0.005928768482279176));
#1308=(BOUNDED_CURVE() B_SPLINE_CURVE(2,(#1303,#1304,#1305,#1306,#1307),.UNSPECIFIED.,.F.,.F.) B_SPLINE_CURVE_WITH_KNOTS((3,2,3),(0.,1.,2.),.UNSPECIFIED.) CURVE() GEOMETRIC_REPRESENTATION_ITEM() RATIONAL_B_SPLINE_CURVE((1.,0.7280937315536443,1.,0.7280937315536443,1.)) REPRESENTATION_ITEM(''));
#1309=EDGE_CURVE('',#1220,#1238,#1308,.T.);
#1310=ORIENTED_EDGE('',*,*,#1309,.T.);
#1311=EDGE_LOOP('',(#1302,#1310));
#1312=FACE_OUTER_BOUND('',#1311,.T.);
#1313=ADVANCED_FACE('',(#1312),#1296,.T.);
#1314=CARTESIAN_POINT('',(0.012450000000000003,0.00825,0.014));
#1315=DIRECTION('',(-1.,-3.1540426835941946E-16,0.));
#1316=DIRECTION('',(3.1540426835941946E-16,-1.,0.));
#1317=AXIS2_PLACEMENT_3D('',#1314,#1315,#1316);
#1318=PLANE('',#1317);
#1319=CARTESIAN_POINT('',(0.012450000000000003,0.005750000000000001,0.014));
#1320=DIRECTION('',(0.,0.,-1.));
#1321=VECTOR('',#1320,1.);
#1322=LINE('',#1319,#1321);
#1323=CARTESIAN_POINT('',(0.012450000000000003,0.005750000000000001,0.014));
#1324=VERTEX_POINT('',#1323);
#1325=EDGE_CURVE('',#1324,#507,#1322,.T.);
#1326=ORIENTED_EDGE('',*,*,#1325,.T.);
#1327=CARTESIAN_POINT('',(0.012450000000000003,0.00825,0.));
#1328=DIRECTION('',(-3.1540426835941946E-16,1.,0.));
#1329=VECTOR('',#1328,1.);
#1330=LINE('',#1327,#1329);
#1331=EDGE_CURVE('',#499,#507,#1330,.T.);
#1332=ORIENTED_EDGE('',*,*,#1331,.F.);
#1333=CARTESIAN_POINT('',(0.012450000000000008,-0.005749999999999998,0.014));
#1334=DIRECTION('',(0.,0.,-1.));
#1335=VECTOR('',#1334,1.);
#1336=LINE('',#1333,#1335);
#1337=CARTESIAN_POINT('',(0.012450000000000008,-0.005749999999999998,0.014));
#1338=VERTEX_POINT('',#1337);
#1339=EDGE_CURVE('',#499,#1338,#1336,.T.);
#1340=ORIENTED_EDGE('',*,*,#1339,.T.);
#1341=CARTESIAN_POINT('',(0.012450000000000003,0.00825,0.014));
#1342=DIRECTION('',(-3.1540426835941946E-16,1.,0.));
#1343=VECTOR('',#1342,1.);
#1344=LINE('',#1341,#1343);
#1345=EDGE_CURVE('',#1338,#1324,#1344,.T.);
#1346=ORIENTED_EDGE('',*,*,#1345,.T.);
#1347=EDGE_LOOP('',(#1326,#1332,#1340,#1346));
#1348=FACE_OUTER_BOUND('',#1347,.T.);
#1349=CARTESIAN_POINT('',(0.012450000000000004,0.003750000000000001,0.008889999999999999));
#1350=DIRECTION('',(-2.867311530540177E-16,1.,0.));
#1351=VECTOR('',#1350,1.);
#1352=LINE('',#1349,#1351);
#1353=CARTESIAN_POINT('',(0.012450000000000006,-0.0022999999999999987,0.008889999999999999));
#1354=VERTEX_POINT('',#1353);
#1355=CARTESIAN_POINT('',(0.012450000000000004,0.0037500000000000007,0.008889999999999999));
#1356=VERTEX_POINT('',#1355);
#1357=EDGE_CURVE('',#1354,#1356,#1352,.T.);
#1358=ORIENTED_EDGE('',*,*,#1357,.F.);
#1359=CARTESIAN_POINT('',(0.012450000000000006,-0.0022999999999999987,0.011));
#1360=DIRECTION('',(0.,0.,-1.));
#1361=VECTOR('',#1360,1.);
#1362=LINE('',#1359,#1361);
#1363=CARTESIAN_POINT('',(0.012450000000000006,-0.0022999999999999982,0.011));
#1364=VERTEX_POINT('',#1363);
#1365=EDGE_CURVE('',#1364,#1354,#1362,.T.);
#1366=ORIENTED_EDGE('',*,*,#1365,.F.);
#1367=CARTESIAN_POINT('',(0.012450000000000004,0.003750000000000001,0.011));
#1368=DIRECTION('',(2.867311530540177E-16,-1.,0.));
#1369=VECTOR('',#1368,1.);
#1370=LINE('',#1367,#1369);
#1371=CARTESIAN_POINT('',(0.012450000000000004,0.0037500000000000025,0.011));
#1372=VERTEX_POINT('',#1371);
#1373=EDGE_CURVE('',#1372,#1364,#1370,.T.);
#1374=ORIENTED_EDGE('',*,*,#1373,.F.);
#1375=CARTESIAN_POINT('',(0.012450000000000004,0.003750000000000001,0.011));
#1376=DIRECTION('',(0.,0.,1.));
#1377=VECTOR('',#1376,1.);
#1378=LINE('',#1375,#1377);
#1379=EDGE_CURVE('',#1356,#1372,#1378,.T.);
#1380=ORIENTED_EDGE('',*,*,#1379,.F.);
#1381=EDGE_LOOP('',(#1358,#1366,#1374,#1380));
#1382=FACE_BOUND('',#1381,.T.);
#1383=ADVANCED_FACE('',(#1348,#1382),#1318,.F.);
#1384=CARTESIAN_POINT('',(-0.012449999999999996,0.00825,0.014));
#1385=DIRECTION('',(0.,-1.,0.));
#1386=DIRECTION('',(0.,0.,-1.));
#1387=AXIS2_PLACEMENT_3D('',#1384,#1385,#1386);
#1388=PLANE('',#1387);
#1389=CARTESIAN_POINT('',(-0.009949999999999995,0.00825,0.014));
#1390=DIRECTION('',(0.,0.,-1.));
#1391=VECTOR('',#1390,1.);
#1392=LINE('',#1389,#1391);
#1393=CARTESIAN_POINT('',(-0.009949999999999995,0.00825,0.014));
#1394=VERTEX_POINT('',#1393);
#1395=EDGE_CURVE('',#1394,#523,#1392,.T.);
#1396=ORIENTED_EDGE('',*,*,#1395,.T.);
#1397=CARTESIAN_POINT('',(-0.012449999999999996,0.00825,0.));
#1398=DIRECTION('',(-1.,0.,0.));
#1399=VECTOR('',#1398,1.);
#1400=LINE('',#1397,#1399);
#1401=EDGE_CURVE('',#515,#523,#1400,.T.);
#1402=ORIENTED_EDGE('',*,*,#1401,.F.);
#1403=CARTESIAN_POINT('',(0.00995,0.00825,0.014));
#1404=DIRECTION('',(0.,0.,-1.));
#1405=VECTOR('',#1404,1.);
#1406=LINE('',#1403,#1405);
#1407=CARTESIAN_POINT('',(0.00995,0.00825,0.014));
#1408=VERTEX_POINT('',#1407);
#1409=EDGE_CURVE('',#515,#1408,#1406,.T.);
#1410=ORIENTED_EDGE('',*,*,#1409,.T.);
#1411=CARTESIAN_POINT('',(-0.012449999999999996,0.00825,0.014));
#1412=DIRECTION('',(-1.,0.,0.));
#1413=VECTOR('',#1412,1.);
#1414=LINE('',#1411,#1413);
#1415=EDGE_CURVE('',#1408,#1394,#1414,.T.);
#1416=ORIENTED_EDGE('',*,*,#1415,.T.);
#1417=EDGE_LOOP('',(#1396,#1402,#1410,#1416));
#1418=FACE_OUTER_BOUND('',#1417,.T.);
#1419=ADVANCED_FACE('',(#1418),#1388,.F.);
#1420=CARTESIAN_POINT('',(-0.012449999999999996,0.00825,0.014));
#1421=DIRECTION('',(1.,1.0513475611980648E-16,0.));
#1422=DIRECTION('',(-1.0513475611980648E-16,1.,0.));
#1423=AXIS2_PLACEMENT_3D('',#1420,#1421,#1422);
#1424=PLANE('',#1423);
#1425=CARTESIAN_POINT('',(-0.012450000000000004,0.003750000000000001,0.008889999999999999));
#1426=DIRECTION('',(2.867311530540177E-16,1.,0.));
#1427=VECTOR('',#1426,1.);
#1428=LINE('',#1425,#1427);
#1429=CARTESIAN_POINT('',(-0.012450000000000004,0.003750000000000001,0.008889999999999999));
#1430=VERTEX_POINT('',#1429);
#1431=CARTESIAN_POINT('',(-0.012450000000000006,-0.0022999999999999987,0.008889999999999999));
#1432=VERTEX_POINT('',#1431);
#1433=EDGE_CURVE('',#1430,#1432,#1428,.T.);
#1434=ORIENTED_EDGE('',*,*,#1433,.F.);
#1435=CARTESIAN_POINT('',(-0.012450000000000004,0.003750000000000001,0.011));
#1436=DIRECTION('',(0.,0.,1.));
#1437=VECTOR('',#1436,1.);
#1438=LINE('',#1435,#1437);
#1439=CARTESIAN_POINT('',(-0.012449999999999996,0.0037500000000000007,0.011));
#1440=VERTEX_POINT('',#1439);
#1441=EDGE_CURVE('',#1440,#1430,#1438,.T.);
#1442=ORIENTED_EDGE('',*,*,#1441,.F.);
#1443=CARTESIAN_POINT('',(-0.012450000000000004,0.003750000000000001,0.011));
#1444=DIRECTION('',(-2.867311530540177E-16,-1.,0.));
#1445=VECTOR('',#1444,1.);
#1446=LINE('',#1443,#1445);
#1447=CARTESIAN_POINT('',(-0.012450000000000006,-0.0022999999999999987,0.011));
#1448=VERTEX_POINT('',#1447);
#1449=EDGE_CURVE('',#1448,#1440,#1446,.T.);
#1450=ORIENTED_EDGE('',*,*,#1449,.F.);
#1451=CARTESIAN_POINT('',(-0.012450000000000006,-0.0022999999999999987,0.011));
#1452=DIRECTION('',(0.,0.,-1.));
#1453=VECTOR('',#1452,1.);
#1454=LINE('',#1451,#1453);
#1455=EDGE_CURVE('',#1432,#1448,#1454,.T.);
#1456=ORIENTED_EDGE('',*,*,#1455,.F.);
#1457=EDGE_LOOP('',(#1434,#1442,#1450,#1456));
#1458=FACE_OUTER_BOUND('',#1457,.T.);
#1459=CARTESIAN_POINT('',(-0.012449999999999996,0.00825,0.));
#1460=DIRECTION('',(1.0513475611980648E-16,-1.,0.));
#1461=VECTOR('',#1460,1.);
#1462=LINE('',#1459,#1461);
#1463=EDGE_CURVE('',#531,#539,#1462,.T.);
#1464=ORIENTED_EDGE('',*,*,#1463,.T.);
#1465=CARTESIAN_POINT('',(-0.012449999999999994,-0.00575,0.014));
#1466=DIRECTION('',(0.,0.,-1.));
#1467=VECTOR('',#1466,1.);
#1468=LINE('',#1465,#1467);
#1469=EDGE_CURVE('',#539,#1184,#1468,.T.);
#1470=ORIENTED_EDGE('',*,*,#1469,.T.);
#1471=CARTESIAN_POINT('',(-0.012449999999999996,0.00825,0.014));
#1472=DIRECTION('',(1.0513475611980648E-16,-1.,0.));
#1473=VECTOR('',#1472,1.);
#1474=LINE('',#1471,#1473);
#1475=CARTESIAN_POINT('',(-0.012449999999999996,0.00575,0.014));
#1476=VERTEX_POINT('',#1475);
#1477=EDGE_CURVE('',#1476,#1184,#1474,.T.);
#1478=ORIENTED_EDGE('',*,*,#1477,.F.);
#1479=CARTESIAN_POINT('',(-0.012449999999999996,0.00575,0.014));
#1480=DIRECTION('',(0.,0.,-1.));
#1481=VECTOR('',#1480,1.);
#1482=LINE('',#1479,#1481);
#1483=EDGE_CURVE('',#531,#1476,#1482,.T.);
#1484=ORIENTED_EDGE('',*,*,#1483,.F.);
#1485=EDGE_LOOP('',(#1464,#1470,#1478,#1484));
#1486=FACE_BOUND('',#1485,.T.);
#1487=ADVANCED_FACE('',(#1458,#1486),#1424,.F.);
#1488=CARTESIAN_POINT('',(0.,0.,0.014));
#1489=DIRECTION('',(0.,0.,1.));
#1490=DIRECTION('',(1.,0.,0.));
#1491=AXIS2_PLACEMENT_3D('',#1488,#1489,#1490);
#1492=PLANE('',#1491);
#1493=CARTESIAN_POINT('',(0.004896029343657482,-0.005417530010558743,0.014));
#1494=DIRECTION('',(0.715006669013057,0.6991176319238794,0.));
#1495=VECTOR('',#1494,1.);
#1496=LINE('',#1493,#1495);
#1497=CARTESIAN_POINT('',(0.004896029343657482,-0.0054175300105587425,0.014));
#1498=VERTEX_POINT('',#1497);
#1499=CARTESIAN_POINT('',(0.00939602934365746,-0.0010175300105587553,0.014));
#1500=VERTEX_POINT('',#1499);
#1501=EDGE_CURVE('',#1498,#1500,#1496,.T.);
#1502=ORIENTED_EDGE('',*,*,#1501,.T.);
#1503=CARTESIAN_POINT('',(0.00939602934365746,-0.0010175300105587553,0.014));
#1504=CARTESIAN_POINT('',(0.011559011367086706,0.0010973857456831812,0.014));
#1505=CARTESIAN_POINT('',(0.010417066417008153,0.0038986928728416007,0.014));
#1506=CARTESIAN_POINT('',(0.0092751214669296,0.006700000000000022,0.014));
#1507=CARTESIAN_POINT('',(0.006249999999999969,0.006700000000000001,0.014));
#1508=(BOUNDED_CURVE() B_SPLINE_CURVE(2,(#1503,#1504,#1505,#1506,#1507),.UNSPECIFIED.,.F.,.F.) B_SPLINE_CURVE_WITH_KNOTS((3,2,3),(0.,1.,2.),.UNSPECIFIED.) CURVE() GEOMETRIC_REPRESENTATION_ITEM() RATIONAL_B_SPLINE_CURVE((1.,0.8299058094374038,1.,0.8299058094374038,1.)) REPRESENTATION_ITEM(''));
#1509=CARTESIAN_POINT('',(0.006249999999999969,0.006700000000000001,0.014));
#1510=VERTEX_POINT('',#1509);
#1511=EDGE_CURVE('',#1500,#1510,#1508,.T.);
#1512=ORIENTED_EDGE('',*,*,#1511,.T.);
#1513=CARTESIAN_POINT('',(-0.006249999999999966,0.0067,0.014));
#1514=DIRECTION('',(-1.,0.,0.));
#1515=VECTOR('',#1514,1.);
#1516=LINE('',#1513,#1515);
#1517=CARTESIAN_POINT('',(-0.006249999999999966,0.0067,0.014));
#1518=VERTEX_POINT('',#1517);
#1519=EDGE_CURVE('',#1510,#1518,#1516,.T.);
#1520=ORIENTED_EDGE('',*,*,#1519,.T.);
#1521=CARTESIAN_POINT('',(-0.006249999999999966,0.0067,0.014));
#1522=CARTESIAN_POINT('',(-0.00811396103067891,0.006700000000000012,0.014));
#1523=CARTESIAN_POINT('',(-0.009431980515339458,0.005381980515339465,0.014));
#1524=CARTESIAN_POINT('',(-0.010750000000000006,0.004063961030678919,0.014));
#1525=CARTESIAN_POINT('',(-0.010749999999999996,0.0021999999999999693,0.014));
#1526=(BOUNDED_CURVE() B_SPLINE_CURVE(2,(#1521,#1522,#1523,#1524,#1525),.UNSPECIFIED.,.F.,.F.) B_SPLINE_CURVE_WITH_KNOTS((3,2,3),(0.,1.,2.),.UNSPECIFIED.) CURVE() GEOMETRIC_REPRESENTATION_ITEM() RATIONAL_B_SPLINE_CURVE((1.,0.9238795325112855,1.,0.9238795325112855,1.)) REPRESENTATION_ITEM(''));
#1527=CARTESIAN_POINT('',(-0.010749999999999996,0.0021999999999999693,0.014));
#1528=VERTEX_POINT('',#1527);
#1529=EDGE_CURVE('',#1518,#1528,#1526,.T.);
#1530=ORIENTED_EDGE('',*,*,#1529,.T.);
#1531=CARTESIAN_POINT('',(-0.010749999999999996,0.0021999999999999685,0.014));
#1532=DIRECTION('',(0.,-1.,0.));
#1533=VECTOR('',#1532,1.);
#1534=LINE('',#1531,#1533);
#1535=CARTESIAN_POINT('',(-0.010749999999999996,-0.0021999999999999685,0.014));
#1536=VERTEX_POINT('',#1535);
#1537=EDGE_CURVE('',#1528,#1536,#1534,.T.);
#1538=ORIENTED_EDGE('',*,*,#1537,.T.);
#1539=CARTESIAN_POINT('',(-0.010749999999999996,-0.0021999999999999685,0.014));
#1540=CARTESIAN_POINT('',(-0.01075000000000001,-0.004063961030678916,0.014));
#1541=CARTESIAN_POINT('',(-0.009431980515339462,-0.0053819805153394636,0.014));
#1542=CARTESIAN_POINT('',(-0.008113961030678914,-0.0067000000000000115,0.014));
#1543=CARTESIAN_POINT('',(-0.006249999999999965,-0.0067,0.014));
#1544=(BOUNDED_CURVE() B_SPLINE_CURVE(2,(#1539,#1540,#1541,#1542,#1543),.UNSPECIFIED.,.F.,.F.) B_SPLINE_CURVE_WITH_KNOTS((3,2,3),(0.,1.,2.),.UNSPECIFIED.) CURVE() GEOMETRIC_REPRESENTATION_ITEM() RATIONAL_B_SPLINE_CURVE((1.,0.9238795325112854,1.,0.9238795325112854,1.)) REPRESENTATION_ITEM(''));
#1545=CARTESIAN_POINT('',(-0.006249999999999965,-0.0067,0.014));
#1546=VERTEX_POINT('',#1545);
#1547=EDGE_CURVE('',#1536,#1546,#1544,.T.);
#1548=ORIENTED_EDGE('',*,*,#1547,.T.);
#1549=CARTESIAN_POINT('',(-0.006249999999999964,-0.0067,0.014));
#1550=DIRECTION('',(1.,0.,0.));
#1551=VECTOR('',#1550,1.);
#1552=LINE('',#1549,#1551);
#1553=CARTESIAN_POINT('',(0.0017499999999999937,-0.0067,0.014));
#1554=VERTEX_POINT('',#1553);
#1555=EDGE_CURVE('',#1546,#1554,#1552,.T.);
#1556=ORIENTED_EDGE('',*,*,#1555,.T.);
#1557=CARTESIAN_POINT('',(0.0017499999999999937,-0.0067,0.014));
#1558=CARTESIAN_POINT('',(0.0035844123090016584,-0.006700000000000008,0.014));
#1559=CARTESIAN_POINT('',(0.004896029343657482,-0.0054175300105587425,0.014));
#1560=(BOUNDED_CURVE() B_SPLINE_CURVE(2,(#1557,#1558,#1559),.UNSPECIFIED.,.F.,.F.) B_SPLINE_CURVE_WITH_KNOTS((3,3),(0.,1.),.UNSPECIFIED.) CURVE() GEOMETRIC_REPRESENTATION_ITEM() RATIONAL_B_SPLINE_CURVE((1.,0.9260147593351444,1.)) REPRESENTATION_ITEM(''));
#1561=EDGE_CURVE('',#1554,#1498,#1560,.T.);
#1562=ORIENTED_EDGE('',*,*,#1561,.T.);
#1563=EDGE_LOOP('',(#1502,#1512,#1520,#1530,#1538,#1548,#1556,#1562));
#1564=FACE_OUTER_BOUND('',#1563,.T.);
#1565=CARTESIAN_POINT('',(-0.012449999999999996,0.00825,0.014));
#1566=DIRECTION('',(1.0513475611980648E-16,-1.,0.));
#1567=VECTOR('',#1566,1.);
#1568=LINE('',#1565,#1567);
#1569=EDGE_CURVE('',#1476,#1184,#1568,.T.);
#1570=ORIENTED_EDGE('',*,*,#1569,.T.);
#1571=CARTESIAN_POINT('',(-0.012449999999999994,-0.00575,0.014));
#1572=CARTESIAN_POINT('',(-0.012449999999999994,-0.00825,0.014));
#1573=CARTESIAN_POINT('',(-0.009949999999999994,-0.00825,0.014));
#1574=(BOUNDED_CURVE() B_SPLINE_CURVE(2,(#1571,#1572,#1573),.UNSPECIFIED.,.F.,.F.) B_SPLINE_CURVE_WITH_KNOTS((3,3),(0.,1.),.UNSPECIFIED.) CURVE() GEOMETRIC_REPRESENTATION_ITEM() RATIONAL_B_SPLINE_CURVE((1.,0.7071067811865476,1.)) REPRESENTATION_ITEM(''));
#1575=EDGE_CURVE('',#1184,#1110,#1574,.T.);
#1576=ORIENTED_EDGE('',*,*,#1575,.T.);
#1577=CARTESIAN_POINT('',(-0.012449999999999994,-0.00825,0.014));
#1578=DIRECTION('',(1.,0.,0.));
#1579=VECTOR('',#1578,1.);
#1580=LINE('',#1577,#1579);
#1581=EDGE_CURVE('',#1110,#1118,#1580,.T.);
#1582=ORIENTED_EDGE('',*,*,#1581,.T.);
#1583=CARTESIAN_POINT('',(0.012450000000000008,-0.005749999999999998,0.014));
#1584=CARTESIAN_POINT('',(0.01245000000000001,-0.008249999999999997,0.014));
#1585=CARTESIAN_POINT('',(0.00995000000000001,-0.00825,0.014));
#1586=(BOUNDED_CURVE() B_SPLINE_CURVE(2,(#1583,#1584,#1585),.UNSPECIFIED.,.F.,.F.) B_SPLINE_CURVE_WITH_KNOTS((3,3),(0.,1.),.UNSPECIFIED.) CURVE() GEOMETRIC_REPRESENTATION_ITEM() RATIONAL_B_SPLINE_CURVE((1.,0.7071067811865476,1.)) REPRESENTATION_ITEM(''));
#1587=EDGE_CURVE('',#1338,#1118,#1586,.T.);
#1588=ORIENTED_EDGE('',*,*,#1587,.F.);
#1589=CARTESIAN_POINT('',(0.012450000000000003,0.00825,0.014));
#1590=DIRECTION('',(-3.1540426835941946E-16,1.,0.));
#1591=VECTOR('',#1590,1.);
#1592=LINE('',#1589,#1591);
#1593=EDGE_CURVE('',#1338,#1324,#1592,.T.);
#1594=ORIENTED_EDGE('',*,*,#1593,.T.);
#1595=CARTESIAN_POINT('',(0.00995,0.00825,0.014));
#1596=CARTESIAN_POINT('',(0.01245,0.00825,0.014));
#1597=CARTESIAN_POINT('',(0.012450000000000003,0.005750000000000001,0.014));
#1598=(BOUNDED_CURVE() B_SPLINE_CURVE(2,(#1595,#1596,#1597),.UNSPECIFIED.,.F.,.F.) B_SPLINE_CURVE_WITH_KNOTS((3,3),(0.,1.),.UNSPECIFIED.) CURVE() GEOMETRIC_REPRESENTATION_ITEM() RATIONAL_B_SPLINE_CURVE((1.,0.7071067811865477,1.)) REPRESENTATION_ITEM(''));
#1599=EDGE_CURVE('',#1408,#1324,#1598,.T.);
#1600=ORIENTED_EDGE('',*,*,#1599,.F.);
#1601=CARTESIAN_POINT('',(-0.012449999999999996,0.00825,0.014));
#1602=DIRECTION('',(-1.,0.,0.));
#1603=VECTOR('',#1602,1.);
#1604=LINE('',#1601,#1603);
#1605=EDGE_CURVE('',#1408,#1394,#1604,.T.);
#1606=ORIENTED_EDGE('',*,*,#1605,.T.);
#1607=CARTESIAN_POINT('',(-0.012449999999999996,0.00575,0.014));
#1608=CARTESIAN_POINT('',(-0.012449999999999996,0.00825,0.014));
#1609=CARTESIAN_POINT('',(-0.009949999999999995,0.00825,0.014));
#1610=(BOUNDED_CURVE() B_SPLINE_CURVE(2,(#1607,#1608,#1609),.UNSPECIFIED.,.F.,.F.) B_SPLINE_CURVE_WITH_KNOTS((3,3),(0.,1.),.UNSPECIFIED.) CURVE() GEOMETRIC_REPRESENTATION_ITEM() RATIONAL_B_SPLINE_CURVE((1.,0.7071067811865476,1.)) REPRESENTATION_ITEM(''));
#1611=EDGE_CURVE('',#1476,#1394,#1610,.T.);
#1612=ORIENTED_EDGE('',*,*,#1611,.F.);
#1613=EDGE_LOOP('',(#1570,#1576,#1582,#1588,#1594,#1600,#1606,#1612));
#1614=FACE_BOUND('',#1613,.T.);
#1615=ADVANCED_FACE('',(#1564,#1614),#1492,.T.);
#1616=CARTESIAN_POINT('',(0.009950000000000007,-0.00575,0.014));
#1617=DIRECTION('',(0.,0.,-1.));
#1618=DIRECTION('',(-1.,0.,0.));
#1619=AXIS2_PLACEMENT_3D('',#1616,#1617,#1618);
#1620=CYLINDRICAL_SURFACE('',#1619,0.0025);
#1621=CARTESIAN_POINT('',(0.00995000000000001,-0.00825,0.0065));
#1622=DIRECTION('',(5.782411586589361E-16,0.,1.));
#1623=VECTOR('',#1622,1.);
#1624=LINE('',#1621,#1623);
#1625=EDGE_CURVE('',#1138,#1126,#1624,.T.);
#1626=ORIENTED_EDGE('',*,*,#1625,.F.);
#1627=CARTESIAN_POINT('',(0.00995000000000001,-0.00825,0.014));
#1628=DIRECTION('',(0.,0.,-1.));
#1629=VECTOR('',#1628,1.);
#1630=LINE('',#1627,#1629);
#1631=EDGE_CURVE('',#1138,#497,#1630,.T.);
#1632=ORIENTED_EDGE('',*,*,#1631,.T.);
#1633=CARTESIAN_POINT('',(0.00995000000000001,-0.00825,0.));
#1634=CARTESIAN_POINT('',(0.01245000000000001,-0.008249999999999997,0.));
#1635=CARTESIAN_POINT('',(0.012450000000000008,-0.005749999999999998,0.));
#1636=(BOUNDED_CURVE() B_SPLINE_CURVE(2,(#1633,#1634,#1635),.UNSPECIFIED.,.F.,.F.) B_SPLINE_CURVE_WITH_KNOTS((3,3),(0.,1.),.UNSPECIFIED.) CURVE() GEOMETRIC_REPRESENTATION_ITEM() RATIONAL_B_SPLINE_CURVE((1.,0.7071067811865476,1.)) REPRESENTATION_ITEM(''));
#1637=EDGE_CURVE('',#497,#499,#1636,.T.);
#1638=ORIENTED_EDGE('',*,*,#1637,.T.);
#1639=CARTESIAN_POINT('',(0.012450000000000008,-0.005749999999999998,0.014));
#1640=DIRECTION('',(0.,0.,-1.));
#1641=VECTOR('',#1640,1.);
#1642=LINE('',#1639,#1641);
#1643=EDGE_CURVE('',#499,#1338,#1642,.T.);
#1644=ORIENTED_EDGE('',*,*,#1643,.T.);
#1645=CARTESIAN_POINT('',(0.012450000000000008,-0.005749999999999998,0.014));
#1646=CARTESIAN_POINT('',(0.01245000000000001,-0.008249999999999997,0.014));
#1647=CARTESIAN_POINT('',(0.00995000000000001,-0.00825,0.014));
#1648=(BOUNDED_CURVE() B_SPLINE_CURVE(2,(#1645,#1646,#1647),.UNSPECIFIED.,.F.,.F.) B_SPLINE_CURVE_WITH_KNOTS((3,3),(0.,1.),.UNSPECIFIED.) CURVE() GEOMETRIC_REPRESENTATION_ITEM() RATIONAL_B_SPLINE_CURVE((1.,0.7071067811865476,1.)) REPRESENTATION_ITEM(''));
#1649=EDGE_CURVE('',#1338,#1118,#1648,.T.);
#1650=ORIENTED_EDGE('',*,*,#1649,.T.);
#1651=CARTESIAN_POINT('',(0.00995000000000001,-0.00825,0.014));
#1652=DIRECTION('',(0.,0.,-1.));
#1653=VECTOR('',#1652,1.);
#1654=LINE('',#1651,#1653);
#1655=EDGE_CURVE('',#1118,#1126,#1654,.T.);
#1656=ORIENTED_EDGE('',*,*,#1655,.T.);
#1657=EDGE_LOOP('',(#1626,#1632,#1638,#1644,#1650,#1656));
#1658=FACE_OUTER_BOUND('',#1657,.T.);
#1659=ADVANCED_FACE('',(#1658),#1620,.T.);
#1660=CARTESIAN_POINT('',(0.00995,0.00575,0.014));
#1661=DIRECTION('',(0.,0.,-1.));
#1662=DIRECTION('',(-1.,0.,0.));
#1663=AXIS2_PLACEMENT_3D('',#1660,#1661,#1662);
#1664=CYLINDRICAL_SURFACE('',#1663,0.0025);
#1665=CARTESIAN_POINT('',(0.012450000000000003,0.005750000000000001,0.014));
#1666=DIRECTION('',(0.,0.,-1.));
#1667=VECTOR('',#1666,1.);
#1668=LINE('',#1665,#1667);
#1669=EDGE_CURVE('',#1324,#507,#1668,.T.);
#1670=ORIENTED_EDGE('',*,*,#1669,.T.);
#1671=CARTESIAN_POINT('',(0.012450000000000003,0.005750000000000001,0.));
#1672=CARTESIAN_POINT('',(0.01245,0.00825,0.));
#1673=CARTESIAN_POINT('',(0.00995,0.00825,0.));
#1674=(BOUNDED_CURVE() B_SPLINE_CURVE(2,(#1671,#1672,#1673),.UNSPECIFIED.,.F.,.F.) B_SPLINE_CURVE_WITH_KNOTS((3,3),(0.,1.),.UNSPECIFIED.) CURVE() GEOMETRIC_REPRESENTATION_ITEM() RATIONAL_B_SPLINE_CURVE((1.,0.7071067811865477,1.)) REPRESENTATION_ITEM(''));
#1675=EDGE_CURVE('',#507,#515,#1674,.T.);
#1676=ORIENTED_EDGE('',*,*,#1675,.T.);
#1677=CARTESIAN_POINT('',(0.00995,0.00825,0.014));
#1678=DIRECTION('',(0.,0.,-1.));
#1679=VECTOR('',#1678,1.);
#1680=LINE('',#1677,#1679);
#1681=EDGE_CURVE('',#515,#1408,#1680,.T.);
#1682=ORIENTED_EDGE('',*,*,#1681,.T.);
#1683=CARTESIAN_POINT('',(0.00995,0.00825,0.014));
#1684=CARTESIAN_POINT('',(0.01245,0.00825,0.014));
#1685=CARTESIAN_POINT('',(0.012450000000000003,0.005750000000000001,0.014));
#1686=(BOUNDED_CURVE() B_SPLINE_CURVE(2,(#1683,#1684,#1685),.UNSPECIFIED.,.F.,.F.) B_SPLINE_CURVE_WITH_KNOTS((3,3),(0.,1.),.UNSPECIFIED.) CURVE() GEOMETRIC_REPRESENTATION_ITEM() RATIONAL_B_SPLINE_CURVE((1.,0.7071067811865477,1.)) REPRESENTATION_ITEM(''));
#1687=EDGE_CURVE('',#1408,#1324,#1686,.T.);
#1688=ORIENTED_EDGE('',*,*,#1687,.T.);
#1689=EDGE_LOOP('',(#1670,#1676,#1682,#1688));
#1690=FACE_OUTER_BOUND('',#1689,.T.);
#1691=ADVANCED_FACE('',(#1690),#1664,.T.);
#1692=CARTESIAN_POINT('',(-0.009949999999999995,0.00575,0.014));
#1693=DIRECTION('',(0.,0.,-1.));
#1694=DIRECTION('',(-1.,0.,0.));
#1695=AXIS2_PLACEMENT_3D('',#1692,#1693,#1694);
#1696=CYLINDRICAL_SURFACE('',#1695,0.0025);
#1697=CARTESIAN_POINT('',(-0.009949999999999995,0.00825,0.014));
#1698=DIRECTION('',(0.,0.,-1.));
#1699=VECTOR('',#1698,1.);
#1700=LINE('',#1697,#1699);
#1701=EDGE_CURVE('',#1394,#523,#1700,.T.);
#1702=ORIENTED_EDGE('',*,*,#1701,.T.);
#1703=CARTESIAN_POINT('',(-0.009949999999999995,0.00825,0.));
#1704=CARTESIAN_POINT('',(-0.012449999999999996,0.00825,0.));
#1705=CARTESIAN_POINT('',(-0.012449999999999996,0.00575,0.));
#1706=(BOUNDED_CURVE() B_SPLINE_CURVE(2,(#1703,#1704,#1705),.UNSPECIFIED.,.F.,.F.) B_SPLINE_CURVE_WITH_KNOTS((3,3),(0.,1.),.UNSPECIFIED.) CURVE() GEOMETRIC_REPRESENTATION_ITEM() RATIONAL_B_SPLINE_CURVE((1.,0.7071067811865476,1.)) REPRESENTATION_ITEM(''));
#1707=EDGE_CURVE('',#523,#531,#1706,.T.);
#1708=ORIENTED_EDGE('',*,*,#1707,.T.);
#1709=CARTESIAN_POINT('',(-0.012449999999999996,0.00575,0.014));
#1710=DIRECTION('',(0.,0.,-1.));
#1711=VECTOR('',#1710,1.);
#1712=LINE('',#1709,#1711);
#1713=EDGE_CURVE('',#531,#1476,#1712,.T.);
#1714=ORIENTED_EDGE('',*,*,#1713,.T.);
#1715=CARTESIAN_POINT('',(-0.012449999999999996,0.00575,0.014));
#1716=CARTESIAN_POINT('',(-0.012449999999999996,0.00825,0.014));
#1717=CARTESIAN_POINT('',(-0.009949999999999995,0.00825,0.014));
#1718=(BOUNDED_CURVE() B_SPLINE_CURVE(2,(#1715,#1716,#1717),.UNSPECIFIED.,.F.,.F.) B_SPLINE_CURVE_WITH_KNOTS((3,3),(0.,1.),.UNSPECIFIED.) CURVE() GEOMETRIC_REPRESENTATION_ITEM() RATIONAL_B_SPLINE_CURVE((1.,0.7071067811865476,1.)) REPRESENTATION_ITEM(''));
#1719=EDGE_CURVE('',#1476,#1394,#1718,.T.);
#1720=ORIENTED_EDGE('',*,*,#1719,.T.);
#1721=EDGE_LOOP('',(#1702,#1708,#1714,#1720));
#1722=FACE_OUTER_BOUND('',#1721,.T.);
#1723=ADVANCED_FACE('',(#1722),#1696,.T.);
#1724=CARTESIAN_POINT('',(0.015150000000000004,0.003750000000000002,0.008889999999999999));
#1725=DIRECTION('',(0.,0.,1.));
#1726=DIRECTION('',(1.,0.,0.));
#1727=AXIS2_PLACEMENT_3D('',#1724,#1725,#1726);
#1728=PLANE('',#1727);
#1729=CARTESIAN_POINT('',(0.015150000000000007,-0.002299999999999998,0.008889999999999999));
#1730=DIRECTION('',(-1.,-3.1540426835941946E-16,0.));
#1731=VECTOR('',#1730,1.);
#1732=LINE('',#1729,#1731);
#1733=CARTESIAN_POINT('',(0.015150000000000007,-0.002299999999999998,0.008889999999999999));
#1734=VERTEX_POINT('',#1733);
#1735=EDGE_CURVE('',#1354,#1734,#1732,.T.);
#1736=ORIENTED_EDGE('',*,*,#1735,.T.);
#1737=CARTESIAN_POINT('',(0.015150000000000004,0.003750000000000002,0.008889999999999999));
#1738=DIRECTION('',(-2.867311530540177E-16,1.,0.));
#1739=VECTOR('',#1738,1.);
#1740=LINE('',#1737,#1739);
#1741=CARTESIAN_POINT('',(0.015150000000000004,0.003750000000000002,0.008889999999999999));
#1742=VERTEX_POINT('',#1741);
#1743=EDGE_CURVE('',#1734,#1742,#1740,.T.);
#1744=ORIENTED_EDGE('',*,*,#1743,.T.);
#1745=CARTESIAN_POINT('',(0.015150000000000004,0.003750000000000002,0.008889999999999999));
#1746=DIRECTION('',(-1.,-3.1540426835941946E-16,0.));
#1747=VECTOR('',#1746,1.);
#1748=LINE('',#1745,#1747);
#1749=EDGE_CURVE('',#1742,#1356,#1748,.T.);
#1750=ORIENTED_EDGE('',*,*,#1749,.T.);
#1751=CARTESIAN_POINT('',(0.012450000000000004,0.003750000000000001,0.008889999999999999));
#1752=DIRECTION('',(-2.867311530540177E-16,1.,0.));
#1753=VECTOR('',#1752,1.);
#1754=LINE('',#1751,#1753);
#1755=EDGE_CURVE('',#1354,#1356,#1754,.T.);
#1756=ORIENTED_EDGE('',*,*,#1755,.F.);
#1757=EDGE_LOOP('',(#1736,#1744,#1750,#1756));
#1758=FACE_OUTER_BOUND('',#1757,.T.);
#1759=ADVANCED_FACE('',(#1758),#1728,.F.);
#1760=CARTESIAN_POINT('',(0.015150000000000004,0.003750000000000002,0.011));
#1761=DIRECTION('',(3.1540426835941946E-16,-1.,0.));
#1762=DIRECTION('',(1.,3.1540426835941946E-16,0.));
#1763=AXIS2_PLACEMENT_3D('',#1760,#1761,#1762);
#1764=PLANE('',#1763);
#1765=CARTESIAN_POINT('',(0.015150000000000004,0.003750000000000002,0.008889999999999999));
#1766=DIRECTION('',(-1.,-3.1540426835941946E-16,0.));
#1767=VECTOR('',#1766,1.);
#1768=LINE('',#1765,#1767);
#1769=EDGE_CURVE('',#1742,#1356,#1768,.T.);
#1770=ORIENTED_EDGE('',*,*,#1769,.F.);
#1771=CARTESIAN_POINT('',(0.015150000000000004,0.003750000000000002,0.011));
#1772=DIRECTION('',(0.,0.,1.));
#1773=VECTOR('',#1772,1.);
#1774=LINE('',#1771,#1773);
#1775=CARTESIAN_POINT('',(0.015150000000000004,0.003750000000000002,0.011));
#1776=VERTEX_POINT('',#1775);
#1777=EDGE_CURVE('',#1742,#1776,#1774,.T.);
#1778=ORIENTED_EDGE('',*,*,#1777,.T.);
#1779=CARTESIAN_POINT('',(0.015150000000000004,0.003750000000000002,0.011));
#1780=DIRECTION('',(-1.,-3.1540426835941946E-16,0.));
#1781=VECTOR('',#1780,1.);
#1782=LINE('',#1779,#1781);
#1783=EDGE_CURVE('',#1776,#1372,#1782,.T.);
#1784=ORIENTED_EDGE('',*,*,#1783,.T.);
#1785=CARTESIAN_POINT('',(0.012450000000000004,0.003750000000000001,0.011));
#1786=DIRECTION('',(0.,0.,1.));
#1787=VECTOR('',#1786,1.);
#1788=LINE('',#1785,#1787);
#1789=EDGE_CURVE('',#1356,#1372,#1788,.T.);
#1790=ORIENTED_EDGE('',*,*,#1789,.F.);
#1791=EDGE_LOOP('',(#1770,#1778,#1784,#1790));
#1792=FACE_OUTER_BOUND('',#1791,.T.);
#1793=ADVANCED_FACE('',(#1792),#1764,.F.);
#1794=CARTESIAN_POINT('',(0.015150000000000004,0.003750000000000002,0.011));
#1795=DIRECTION('',(0.,0.,-1.));
#1796=DIRECTION('',(-1.,0.,0.));
#1797=AXIS2_PLACEMENT_3D('',#1794,#1795,#1796);
#1798=PLANE('',#1797);
#1799=CARTESIAN_POINT('',(0.015150000000000004,0.003750000000000002,0.011));
#1800=DIRECTION('',(-1.,-3.1540426835941946E-16,0.));
#1801=VECTOR('',#1800,1.);
#1802=LINE('',#1799,#1801);
#1803=EDGE_CURVE('',#1776,#1372,#1802,.T.);
#1804=ORIENTED_EDGE('',*,*,#1803,.F.);
#1805=CARTESIAN_POINT('',(0.015150000000000004,0.003750000000000002,0.011));
#1806=DIRECTION('',(2.867311530540177E-16,-1.,0.));
#1807=VECTOR('',#1806,1.);
#1808=LINE('',#1805,#1807);
#1809=CARTESIAN_POINT('',(0.015150000000000007,-0.002299999999999998,0.011));
#1810=VERTEX_POINT('',#1809);
#1811=EDGE_CURVE('',#1776,#1810,#1808,.T.);
#1812=ORIENTED_EDGE('',*,*,#1811,.T.);
#1813=CARTESIAN_POINT('',(0.015150000000000007,-0.002299999999999998,0.011));
#1814=DIRECTION('',(-1.,-3.1540426835941946E-16,0.));
#1815=VECTOR('',#1814,1.);
#1816=LINE('',#1813,#1815);
#1817=EDGE_CURVE('',#1810,#1364,#1816,.T.);
#1818=ORIENTED_EDGE('',*,*,#1817,.T.);
#1819=CARTESIAN_POINT('',(0.012450000000000004,0.003750000000000001,0.011));
#1820=DIRECTION('',(2.867311530540177E-16,-1.,0.));
#1821=VECTOR('',#1820,1.);
#1822=LINE('',#1819,#1821);
#1823=EDGE_CURVE('',#1372,#1364,#1822,.T.);
#1824=ORIENTED_EDGE('',*,*,#1823,.F.);
#1825=EDGE_LOOP('',(#1804,#1812,#1818,#1824));
#1826=FACE_OUTER_BOUND('',#1825,.T.);
#1827=ADVANCED_FACE('',(#1826),#1798,.F.);
#1828=CARTESIAN_POINT('',(0.015150000000000007,-0.002299999999999998,0.011));
#1829=DIRECTION('',(-3.1540426835941946E-16,1.,0.));
#1830=DIRECTION('',(-1.,-3.1540426835941946E-16,0.));
#1831=AXIS2_PLACEMENT_3D('',#1828,#1829,#1830);
#1832=PLANE('',#1831);
#1833=CARTESIAN_POINT('',(0.015150000000000007,-0.002299999999999998,0.011));
#1834=DIRECTION('',(-1.,-3.1540426835941946E-16,0.));
#1835=VECTOR('',#1834,1.);
#1836=LINE('',#1833,#1835);
#1837=EDGE_CURVE('',#1810,#1364,#1836,.T.);
#1838=ORIENTED_EDGE('',*,*,#1837,.F.);
#1839=CARTESIAN_POINT('',(0.015150000000000007,-0.002299999999999998,0.011));
#1840=DIRECTION('',(0.,0.,-1.));
#1841=VECTOR('',#1840,1.);
#1842=LINE('',#1839,#1841);
#1843=EDGE_CURVE('',#1810,#1734,#1842,.T.);
#1844=ORIENTED_EDGE('',*,*,#1843,.T.);
#1845=CARTESIAN_POINT('',(0.015150000000000007,-0.002299999999999998,0.008889999999999999));
#1846=DIRECTION('',(-1.,-3.1540426835941946E-16,0.));
#1847=VECTOR('',#1846,1.);
#1848=LINE('',#1845,#1847);
#1849=EDGE_CURVE('',#1354,#1734,#1848,.T.);
#1850=ORIENTED_EDGE('',*,*,#1849,.F.);
#1851=CARTESIAN_POINT('',(0.012450000000000006,-0.0022999999999999987,0.011));
#1852=DIRECTION('',(0.,0.,-1.));
#1853=VECTOR('',#1852,1.);
#1854=LINE('',#1851,#1853);
#1855=EDGE_CURVE('',#1364,#1354,#1854,.T.);
#1856=ORIENTED_EDGE('',*,*,#1855,.F.);
#1857=EDGE_LOOP('',(#1838,#1844,#1850,#1856));
#1858=FACE_OUTER_BOUND('',#1857,.T.);
#1859=ADVANCED_FACE('',(#1858),#1832,.F.);
#1860=CARTESIAN_POINT('',(0.015150000000000007,4.421394380092955E-18,0.));
#1861=DIRECTION('',(1.,2.867311530540177E-16,0.));
#1862=DIRECTION('',(-2.867311530540177E-16,1.,0.));
#1863=AXIS2_PLACEMENT_3D('',#1860,#1861,#1862);
#1864=PLANE('',#1863);
#1865=CARTESIAN_POINT('',(0.015150000000000004,0.003750000000000002,0.008889999999999999));
#1866=DIRECTION('',(-2.867311530540177E-16,1.,0.));
#1867=VECTOR('',#1866,1.);
#1868=LINE('',#1865,#1867);
#1869=EDGE_CURVE('',#1734,#1742,#1868,.T.);
#1870=ORIENTED_EDGE('',*,*,#1869,.T.);
#1871=CARTESIAN_POINT('',(0.015150000000000004,0.003750000000000002,0.011));
#1872=DIRECTION('',(0.,0.,1.));
#1873=VECTOR('',#1872,1.);
#1874=LINE('',#1871,#1873);
#1875=EDGE_CURVE('',#1742,#1776,#1874,.T.);
#1876=ORIENTED_EDGE('',*,*,#1875,.T.);
#1877=CARTESIAN_POINT('',(0.015150000000000004,0.003750000000000002,0.011));
#1878=DIRECTION('',(2.867311530540177E-16,-1.,0.));
#1879=VECTOR('',#1878,1.);
#1880=LINE('',#1877,#1879);
#1881=EDGE_CURVE('',#1776,#1810,#1880,.T.);
#1882=ORIENTED_EDGE('',*,*,#1881,.T.);
#1883=CARTESIAN_POINT('',(0.015150000000000007,-0.002299999999999998,0.011));
#1884=DIRECTION('',(0.,0.,-1.));
#1885=VECTOR('',#1884,1.);
#1886=LINE('',#1883,#1885);
#1887=EDGE_CURVE('',#1810,#1734,#1886,.T.);
#1888=ORIENTED_EDGE('',*,*,#1887,.T.);
#1889=EDGE_LOOP('',(#1870,#1876,#1882,#1888));
#1890=FACE_OUTER_BOUND('',#1889,.T.);
#1891=ADVANCED_FACE('',(#1890),#1864,.T.);
#1892=CARTESIAN_POINT('',(0.00995000000000001,-0.0017500000000000007,0.008));
#1893=DIRECTION('',(0.,-1.,0.));
#1894=DIRECTION('',(0.,0.,-1.));
#1895=AXIS2_PLACEMENT_3D('',#1892,#1893,#1894);
#1896=CYLINDRICAL_SURFACE('',#1895,0.0014999999999999987);
#1897=CARTESIAN_POINT('',(0.00982500000000001,-0.0017500000000000007,0.006505217407112327));
#1898=DIRECTION('',(0.,-1.,0.));
#1899=VECTOR('',#1898,1.);
#1900=LINE('',#1897,#1899);
#1901=CARTESIAN_POINT('',(0.00982500000000001,-0.00875,0.006505217407112326));
#1902=VERTEX_POINT('',#1901);
#1903=EDGE_CURVE('',#1270,#1902,#1900,.T.);
#1904=ORIENTED_EDGE('',*,*,#1903,.F.);
#1905=CARTESIAN_POINT('',(0.00982500000000001,-0.010750000000000001,0.006505217407112326));
#1906=CARTESIAN_POINT('',(0.00845000000000001,-0.010750000000000001,0.0066202006834883));
#1907=CARTESIAN_POINT('',(0.00845000000000001,-0.010750000000000001,0.008));
#1908=CARTESIAN_POINT('',(0.00845000000000001,-0.010750000000000001,0.0093797993165117));
#1909=CARTESIAN_POINT('',(0.00982500000000001,-0.010750000000000001,0.009494782592887673));
#1910=(BOUNDED_CURVE() B_SPLINE_CURVE(2,(#1905,#1906,#1907,#1908,#1909),.UNSPECIFIED.,.F.,.F.) B_SPLINE_CURVE_WITH_KNOTS((3,2,3),(0.,1.,2.),.UNSPECIFIED.) CURVE() GEOMETRIC_REPRESENTATION_ITEM() RATIONAL_B_SPLINE_CURVE((1.,0.7359800721939869,1.,0.7359800721939869,1.)) REPRESENTATION_ITEM(''));
#1911=EDGE_CURVE('',#1270,#1280,#1910,.T.);
#1912=ORIENTED_EDGE('',*,*,#1911,.T.);
#1913=CARTESIAN_POINT('',(0.00982500000000001,-0.0017500000000000007,0.009494782592887673));
#1914=DIRECTION('',(0.,-1.,0.));
#1915=VECTOR('',#1914,1.);
#1916=LINE('',#1913,#1915);
#1917=CARTESIAN_POINT('',(0.00982500000000001,-0.00875,0.009494782592887673));
#1918=VERTEX_POINT('',#1917);
#1919=EDGE_CURVE('',#1918,#1280,#1916,.T.);
#1920=ORIENTED_EDGE('',*,*,#1919,.F.);
#1921=CARTESIAN_POINT('',(0.010075000000000011,-0.00875,0.009494782592887673));
#1922=CARTESIAN_POINT('',(0.009950000000000011,-0.00875,0.009505235618012763));
#1923=CARTESIAN_POINT('',(0.00982500000000001,-0.00875,0.009494782592887673));
#1924=(BOUNDED_CURVE() B_SPLINE_CURVE(2,(#1921,#1922,#1923),.UNSPECIFIED.,.F.,.F.) B_SPLINE_CURVE_WITH_KNOTS((3,3),(0.,1.),.UNSPECIFIED.) CURVE() GEOMETRIC_REPRESENTATION_ITEM() RATIONAL_B_SPLINE_CURVE((1.,0.9965217285917831,1.)) REPRESENTATION_ITEM(''));
#1925=CARTESIAN_POINT('',(0.010075000000000011,-0.00875,0.009494782592887673));
#1926=VERTEX_POINT('',#1925);
#1927=EDGE_CURVE('',#1926,#1918,#1924,.T.);
#1928=ORIENTED_EDGE('',*,*,#1927,.F.);
#1929=CARTESIAN_POINT('',(0.010075000000000011,-0.0017500000000000007,0.009494782592887673));
#1930=DIRECTION('',(0.,-1.,0.));
#1931=VECTOR('',#1930,1.);
#1932=LINE('',#1929,#1931);
#1933=CARTESIAN_POINT('',(0.010075000000000011,-0.010750000000000001,0.009494782592887673));
#1934=VERTEX_POINT('',#1933);
#1935=EDGE_CURVE('',#1934,#1926,#1932,.T.);
#1936=ORIENTED_EDGE('',*,*,#1935,.F.);
#1937=CARTESIAN_POINT('',(0.010075000000000011,-0.010750000000000001,0.006505217407112327));
#1938=CARTESIAN_POINT('',(0.011450000000000009,-0.010750000000000001,0.006620200683488303));
#1939=CARTESIAN_POINT('',(0.011450000000000009,-0.010750000000000001,0.008));
#1940=CARTESIAN_POINT('',(0.011450000000000009,-0.010750000000000001,0.009379799316511696));
#1941=CARTESIAN_POINT('',(0.010075000000000011,-0.010750000000000001,0.009494782592887673));
#1942=(BOUNDED_CURVE() B_SPLINE_CURVE(2,(#1937,#1938,#1939,#1940,#1941),.UNSPECIFIED.,.F.,.F.) B_SPLINE_CURVE_WITH_KNOTS((3,2,3),(0.,1.,2.),.UNSPECIFIED.) CURVE() GEOMETRIC_REPRESENTATION_ITEM() RATIONAL_B_SPLINE_CURVE((1.,0.7359800721939876,1.,0.7359800721939876,1.)) REPRESENTATION_ITEM(''));
#1943=CARTESIAN_POINT('',(0.010075000000000011,-0.010750000000000001,0.006505217407112327));
#1944=VERTEX_POINT('',#1943);
#1945=EDGE_CURVE('',#1944,#1934,#1942,.T.);
#1946=ORIENTED_EDGE('',*,*,#1945,.F.);
#1947=CARTESIAN_POINT('',(0.010075000000000011,-0.0017500000000000007,0.006505217407112327));
#1948=DIRECTION('',(0.,-1.,0.));
#1949=VECTOR('',#1948,1.);
#1950=LINE('',#1947,#1949);
#1951=CARTESIAN_POINT('',(0.010075000000000011,-0.00875,0.006505217407112327));
#1952=VERTEX_POINT('',#1951);
#1953=EDGE_CURVE('',#1952,#1944,#1950,.T.);
#1954=ORIENTED_EDGE('',*,*,#1953,.F.);
#1955=CARTESIAN_POINT('',(0.00982500000000001,-0.00875,0.006505217407112326));
#1956=CARTESIAN_POINT('',(0.009950000000000011,-0.00875,0.006494764381987238));
#1957=CARTESIAN_POINT('',(0.010075000000000011,-0.00875,0.006505217407112327));
#1958=(BOUNDED_CURVE() B_SPLINE_CURVE(2,(#1955,#1956,#1957),.UNSPECIFIED.,.F.,.F.) B_SPLINE_CURVE_WITH_KNOTS((3,3),(0.,1.),.UNSPECIFIED.) CURVE() GEOMETRIC_REPRESENTATION_ITEM() RATIONAL_B_SPLINE_CURVE((1.,0.9965217285917831,1.)) REPRESENTATION_ITEM(''));
#1959=EDGE_CURVE('',#1902,#1952,#1958,.T.);
#1960=ORIENTED_EDGE('',*,*,#1959,.F.);
#1961=EDGE_LOOP('',(#1904,#1912,#1920,#1928,#1936,#1946,#1954,#1960));
#1962=FACE_OUTER_BOUND('',#1961,.T.);
#1963=CARTESIAN_POINT('',(0.009950000000000011,-0.00825,0.009499999999999998));
#1964=CARTESIAN_POINT('',(0.009083974596215573,-0.00825,0.0095));
#1965=CARTESIAN_POINT('',(0.008650961894323354,-0.00825,0.00875));
#1966=CARTESIAN_POINT('',(0.008217949192431134,-0.00825,0.008000000000000002));
#1967=CARTESIAN_POINT('',(0.008650961894323352,-0.00825,0.007250000000000001));
#1968=CARTESIAN_POINT('',(0.00908397459621557,-0.00825,0.0065000000000000014));
#1969=CARTESIAN_POINT('',(0.00995000000000001,-0.00825,0.0065));
#1970=(BOUNDED_CURVE() B_SPLINE_CURVE(2,(#1963,#1964,#1965,#1966,#1967,#1968,#1969),.UNSPECIFIED.,.F.,.F.) B_SPLINE_CURVE_WITH_KNOTS((3,2,2,3),(0.,1.,2.,3.),.UNSPECIFIED.) CURVE() GEOMETRIC_REPRESENTATION_ITEM() RATIONAL_B_SPLINE_CURVE((1.,0.8660254037844386,1.,0.8660254037844386,1.,0.8660254037844386,1.)) REPRESENTATION_ITEM(''));
#1971=EDGE_CURVE('',#1126,#1138,#1970,.T.);
#1972=ORIENTED_EDGE('',*,*,#1971,.F.);
#1973=CARTESIAN_POINT('',(0.00995000000000001,-0.00825,0.0065));
#1974=DIRECTION('',(5.782411586589361E-16,0.,1.));
#1975=VECTOR('',#1974,1.);
#1976=LINE('',#1973,#1975);
#1977=EDGE_CURVE('',#1138,#1126,#1976,.T.);
#1978=ORIENTED_EDGE('',*,*,#1977,.F.);
#1979=EDGE_LOOP('',(#1972,#1978));
#1980=FACE_BOUND('',#1979,.T.);
#1981=ADVANCED_FACE('',(#1962,#1980),#1896,.T.);
#1982=CARTESIAN_POINT('',(0.010075000000000011,-0.014750000000000001,0.005928768482279202));
#1983=DIRECTION('',(0.,1.,0.));
#1984=VECTOR('',#1983,1.);
#1985=LINE('',#1982,#1984);
#1986=CARTESIAN_POINT('',(0.010075000000000011,-0.010750000000000001,0.005928768482279202));
#1987=VERTEX_POINT('',#1986);
#1988=CARTESIAN_POINT('',(0.010075000000000011,-0.012750000000000001,0.005928768482279202));
#1989=VERTEX_POINT('',#1988);
#1990=EDGE_CURVE('',#1987,#1989,#1985,.T.);
#1991=ORIENTED_EDGE('',*,*,#1990,.F.);
#1992=CARTESIAN_POINT('',(0.010075000000000011,-0.010750000000000001,0.010071231517720798));
#1993=CARTESIAN_POINT('',(0.01202500000000001,-0.010750000000000001,0.009953547908759387));
#1994=CARTESIAN_POINT('',(0.01202500000000001,-0.010750000000000001,0.008));
#1995=CARTESIAN_POINT('',(0.01202500000000001,-0.010750000000000001,0.006046452091240613));
#1996=CARTESIAN_POINT('',(0.010075000000000011,-0.010750000000000001,0.005928768482279202));
#1997=(BOUNDED_CURVE() B_SPLINE_CURVE(2,(#1992,#1993,#1994,#1995,#1996),.UNSPECIFIED.,.F.,.F.) B_SPLINE_CURVE_WITH_KNOTS((3,2,3),(0.,1.,2.),.UNSPECIFIED.) CURVE() GEOMETRIC_REPRESENTATION_ITEM() RATIONAL_B_SPLINE_CURVE((1.,0.728093731553645,1.,0.728093731553645,1.)) REPRESENTATION_ITEM(''));
#1998=CARTESIAN_POINT('',(0.010075000000000011,-0.010750000000000001,0.010071231517720798));
#1999=VERTEX_POINT('',#1998);
#2000=EDGE_CURVE('',#1999,#1987,#1997,.T.);
#2001=ORIENTED_EDGE('',*,*,#2000,.F.);
#2002=CARTESIAN_POINT('',(0.010075000000000011,-0.014750000000000001,0.010071231517720798));
#2003=DIRECTION('',(0.,1.,0.));
#2004=VECTOR('',#2003,1.);
#2005=LINE('',#2002,#2004);
#2006=CARTESIAN_POINT('',(0.010075000000000011,-0.012749999999999997,0.010071231517720824));
#2007=VERTEX_POINT('',#2006);
#2008=EDGE_CURVE('',#2007,#1999,#2005,.T.);
#2009=ORIENTED_EDGE('',*,*,#2008,.F.);
#2010=CARTESIAN_POINT('',(0.010075000000000011,-0.012750000000000001,0.005928768482279202));
#2011=CARTESIAN_POINT('',(0.01202500000000001,-0.012750000000000001,0.006046452091240612));
#2012=CARTESIAN_POINT('',(0.01202500000000001,-0.012750000000000001,0.008));
#2013=CARTESIAN_POINT('',(0.01202500000000001,-0.012750000000000001,0.009953547908759387));
#2014=CARTESIAN_POINT('',(0.010075000000000011,-0.012749999999999997,0.010071231517720824));
#2015=(BOUNDED_CURVE() B_SPLINE_CURVE(2,(#2010,#2011,#2012,#2013,#2014),.UNSPECIFIED.,.F.,.F.) B_SPLINE_CURVE_WITH_KNOTS((3,2,3),(0.,1.,2.),.UNSPECIFIED.) CURVE() GEOMETRIC_REPRESENTATION_ITEM() RATIONAL_B_SPLINE_CURVE((1.,0.7280937315536449,1.,0.7280937315536449,1.)) REPRESENTATION_ITEM(''));
#2016=EDGE_CURVE('',#1989,#2007,#2015,.T.);
#2017=ORIENTED_EDGE('',*,*,#2016,.F.);
#2018=EDGE_LOOP('',(#1991,#2001,#2009,#2017));
#2019=FACE_OUTER_BOUND('',#2018,.T.);
#2020=ADVANCED_FACE('',(#2019),#1212,.T.);
#2021=CARTESIAN_POINT('',(0.010075000000000011,-0.010750000000000001,0.010071231517720798));
#2022=CARTESIAN_POINT('',(0.01202500000000001,-0.010750000000000001,0.009953547908759387));
#2023=CARTESIAN_POINT('',(0.01202500000000001,-0.010750000000000001,0.008));
#2024=CARTESIAN_POINT('',(0.01202500000000001,-0.010750000000000001,0.006046452091240613));
#2025=CARTESIAN_POINT('',(0.010075000000000011,-0.010750000000000001,0.005928768482279202));
#2026=(BOUNDED_CURVE() B_SPLINE_CURVE(2,(#2021,#2022,#2023,#2024,#2025),.UNSPECIFIED.,.F.,.F.) B_SPLINE_CURVE_WITH_KNOTS((3,2,3),(0.,1.,2.),.UNSPECIFIED.) CURVE() GEOMETRIC_REPRESENTATION_ITEM() RATIONAL_B_SPLINE_CURVE((1.,0.728093731553645,1.,0.728093731553645,1.)) REPRESENTATION_ITEM(''));
#2027=EDGE_CURVE('',#1999,#1987,#2026,.T.);
#2028=ORIENTED_EDGE('',*,*,#2027,.F.);
#2029=CARTESIAN_POINT('',(0.010075000000000011,-0.010750000000000001,0.008));
#2030=DIRECTION('',(0.,0.,1.));
#2031=VECTOR('',#2030,1.);
#2032=LINE('',#2029,#2031);
#2033=EDGE_CURVE('',#1999,#1934,#2032,.T.);
#2034=ORIENTED_EDGE('',*,*,#2033,.T.);
#2035=CARTESIAN_POINT('',(0.010075000000000011,-0.010750000000000001,0.006505217407112327));
#2036=CARTESIAN_POINT('',(0.011450000000000009,-0.010750000000000001,0.006620200683488303));
#2037=CARTESIAN_POINT('',(0.011450000000000009,-0.010750000000000001,0.008));
#2038=CARTESIAN_POINT('',(0.011450000000000009,-0.010750000000000001,0.009379799316511696));
#2039=CARTESIAN_POINT('',(0.010075000000000011,-0.010750000000000001,0.009494782592887673));
#2040=(BOUNDED_CURVE() B_SPLINE_CURVE(2,(#2035,#2036,#2037,#2038,#2039),.UNSPECIFIED.,.F.,.F.) B_SPLINE_CURVE_WITH_KNOTS((3,2,3),(0.,1.,2.),.UNSPECIFIED.) CURVE() GEOMETRIC_REPRESENTATION_ITEM() RATIONAL_B_SPLINE_CURVE((1.,0.7359800721939876,1.,0.7359800721939876,1.)) REPRESENTATION_ITEM(''));
#2041=EDGE_CURVE('',#1944,#1934,#2040,.T.);
#2042=ORIENTED_EDGE('',*,*,#2041,.F.);
#2043=CARTESIAN_POINT('',(0.010075000000000011,-0.010750000000000001,0.008));
#2044=DIRECTION('',(0.,0.,1.));
#2045=VECTOR('',#2044,1.);
#2046=LINE('',#2043,#2045);
#2047=EDGE_CURVE('',#1944,#1987,#2046,.T.);
#2048=ORIENTED_EDGE('',*,*,#2047,.T.);
#2049=EDGE_LOOP('',(#2028,#2034,#2042,#2048));
#2050=FACE_OUTER_BOUND('',#2049,.T.);
#2051=ADVANCED_FACE('',(#2050),#1256,.F.);
#2052=CARTESIAN_POINT('',(0.010075000000000011,-0.012750000000000001,0.005928768482279202));
#2053=DIRECTION('',(0.,8.375323864739667E-16,1.));
#2054=VECTOR('',#2053,1.);
#2055=LINE('',#2052,#2054);
#2056=EDGE_CURVE('',#1989,#2007,#2055,.T.);
#2057=ORIENTED_EDGE('',*,*,#2056,.F.);
#2058=CARTESIAN_POINT('',(0.010075000000000011,-0.012750000000000001,0.005928768482279202));
#2059=CARTESIAN_POINT('',(0.01202500000000001,-0.012750000000000001,0.006046452091240612));
#2060=CARTESIAN_POINT('',(0.01202500000000001,-0.012750000000000001,0.008));
#2061=CARTESIAN_POINT('',(0.01202500000000001,-0.012750000000000001,0.009953547908759387));
#2062=CARTESIAN_POINT('',(0.010075000000000011,-0.012749999999999997,0.010071231517720824));
#2063=(BOUNDED_CURVE() B_SPLINE_CURVE(2,(#2058,#2059,#2060,#2061,#2062),.UNSPECIFIED.,.F.,.F.) B_SPLINE_CURVE_WITH_KNOTS((3,2,3),(0.,1.,2.),.UNSPECIFIED.) CURVE() GEOMETRIC_REPRESENTATION_ITEM() RATIONAL_B_SPLINE_CURVE((1.,0.7280937315536449,1.,0.7280937315536449,1.)) REPRESENTATION_ITEM(''));
#2064=EDGE_CURVE('',#1989,#2007,#2063,.T.);
#2065=ORIENTED_EDGE('',*,*,#2064,.T.);
#2066=EDGE_LOOP('',(#2057,#2065));
#2067=FACE_OUTER_BOUND('',#2066,.T.);
#2068=ADVANCED_FACE('',(#2067),#1296,.T.);
#2069=CARTESIAN_POINT('',(0.00982500000000001,-0.00875,0.01025618032082941));
#2070=DIRECTION('',(-1.,0.,0.));
#2071=DIRECTION('',(0.,0.,1.));
#2072=AXIS2_PLACEMENT_3D('',#2069,#2070,#2071);
#2073=PLANE('',#2072);
#2074=CARTESIAN_POINT('',(0.00982500000000001,-0.010750000000000001,0.008));
#2075=DIRECTION('',(0.,0.,-1.));
#2076=VECTOR('',#2075,1.);
#2077=LINE('',#2074,#2076);
#2078=EDGE_CURVE('',#1230,#1270,#2077,.T.);
#2079=ORIENTED_EDGE('',*,*,#2078,.F.);
#2080=CARTESIAN_POINT('',(0.00982500000000001,-0.014750000000000001,0.005928768482279202));
#2081=DIRECTION('',(0.,1.,0.));
#2082=VECTOR('',#2081,1.);
#2083=LINE('',#2080,#2082);
#2084=EDGE_CURVE('',#1238,#1230,#2083,.T.);
#2085=ORIENTED_EDGE('',*,*,#2084,.F.);
#2086=CARTESIAN_POINT('',(0.00982500000000001,-0.012750000000000001,0.010071231517720798));
#2087=DIRECTION('',(0.,8.375323864739667E-16,-1.));
#2088=VECTOR('',#2087,1.);
#2089=LINE('',#2086,#2088);
#2090=EDGE_CURVE('',#1220,#1238,#2089,.T.);
#2091=ORIENTED_EDGE('',*,*,#2090,.F.);
#2092=CARTESIAN_POINT('',(0.00982500000000001,-0.014750000000000001,0.010071231517720798));
#2093=DIRECTION('',(0.,1.,0.));
#2094=VECTOR('',#2093,1.);
#2095=LINE('',#2092,#2094);
#2096=EDGE_CURVE('',#1218,#1220,#2095,.T.);
#2097=ORIENTED_EDGE('',*,*,#2096,.F.);
#2098=CARTESIAN_POINT('',(0.00982500000000001,-0.010750000000000001,0.008));
#2099=DIRECTION('',(0.,0.,-1.));
#2100=VECTOR('',#2099,1.);
#2101=LINE('',#2098,#2100);
#2102=EDGE_CURVE('',#1280,#1218,#2101,.T.);
#2103=ORIENTED_EDGE('',*,*,#2102,.F.);
#2104=CARTESIAN_POINT('',(0.00982500000000001,-0.0017500000000000007,0.009494782592887673));
#2105=DIRECTION('',(0.,-1.,0.));
#2106=VECTOR('',#2105,1.);
#2107=LINE('',#2104,#2106);
#2108=EDGE_CURVE('',#1918,#1280,#2107,.T.);
#2109=ORIENTED_EDGE('',*,*,#2108,.F.);
#2110=CARTESIAN_POINT('',(0.00982500000000001,-0.00875,0.01025618032082941));
#2111=DIRECTION('',(0.,0.,-1.));
#2112=VECTOR('',#2111,1.);
#2113=LINE('',#2110,#2112);
#2114=EDGE_CURVE('',#1918,#1902,#2113,.T.);
#2115=ORIENTED_EDGE('',*,*,#2114,.T.);
#2116=CARTESIAN_POINT('',(0.00982500000000001,-0.0017500000000000007,0.006505217407112327));
#2117=DIRECTION('',(0.,-1.,0.));
#2118=VECTOR('',#2117,1.);
#2119=LINE('',#2116,#2118);
#2120=EDGE_CURVE('',#1270,#1902,#2119,.T.);
#2121=ORIENTED_EDGE('',*,*,#2120,.F.);
#2122=EDGE_LOOP('',(#2079,#2085,#2091,#2097,#2103,#2109,#2115,#2121));
#2123=FACE_OUTER_BOUND('',#2122,.T.);
#2124=ADVANCED_FACE('',(#2123),#2073,.F.);
#2125=CARTESIAN_POINT('',(0.010075000000000011,-0.00875,0.01025618032082941));
#2126=DIRECTION('',(1.,0.,0.));
#2127=DIRECTION('',(0.,0.,-1.));
#2128=AXIS2_PLACEMENT_3D('',#2125,#2126,#2127);
#2129=PLANE('',#2128);
#2130=CARTESIAN_POINT('',(0.010075000000000011,-0.010750000000000001,0.008));
#2131=DIRECTION('',(0.,0.,1.));
#2132=VECTOR('',#2131,1.);
#2133=LINE('',#2130,#2132);
#2134=EDGE_CURVE('',#1999,#1934,#2133,.T.);
#2135=ORIENTED_EDGE('',*,*,#2134,.F.);
#2136=CARTESIAN_POINT('',(0.010075000000000011,-0.014750000000000001,0.010071231517720798));
#2137=DIRECTION('',(0.,1.,0.));
#2138=VECTOR('',#2137,1.);
#2139=LINE('',#2136,#2138);
#2140=EDGE_CURVE('',#2007,#1999,#2139,.T.);
#2141=ORIENTED_EDGE('',*,*,#2140,.F.);
#2142=CARTESIAN_POINT('',(0.010075000000000011,-0.012750000000000001,0.005928768482279202));
#2143=DIRECTION('',(0.,8.375323864739667E-16,1.));
#2144=VECTOR('',#2143,1.);
#2145=LINE('',#2142,#2144);
#2146=EDGE_CURVE('',#1989,#2007,#2145,.T.);
#2147=ORIENTED_EDGE('',*,*,#2146,.F.);
#2148=CARTESIAN_POINT('',(0.010075000000000011,-0.014750000000000001,0.005928768482279202));
#2149=DIRECTION('',(0.,1.,0.));
#2150=VECTOR('',#2149,1.);
#2151=LINE('',#2148,#2150);
#2152=EDGE_CURVE('',#1987,#1989,#2151,.T.);
#2153=ORIENTED_EDGE('',*,*,#2152,.F.);
#2154=CARTESIAN_POINT('',(0.010075000000000011,-0.010750000000000001,0.008));
#2155=DIRECTION('',(0.,0.,1.));
#2156=VECTOR('',#2155,1.);
#2157=LINE('',#2154,#2156);
#2158=EDGE_CURVE('',#1944,#1987,#2157,.T.);
#2159=ORIENTED_EDGE('',*,*,#2158,.F.);
#2160=CARTESIAN_POINT('',(0.010075000000000011,-0.0017500000000000007,0.006505217407112327));
#2161=DIRECTION('',(0.,-1.,0.));
#2162=VECTOR('',#2161,1.);
#2163=LINE('',#2160,#2162);
#2164=EDGE_CURVE('',#1952,#1944,#2163,.T.);
#2165=ORIENTED_EDGE('',*,*,#2164,.F.);
#2166=CARTESIAN_POINT('',(0.010075000000000011,-0.00875,0.01025618032082941));
#2167=DIRECTION('',(0.,0.,1.));
#2168=VECTOR('',#2167,1.);
#2169=LINE('',#2166,#2168);
#2170=EDGE_CURVE('',#1952,#1926,#2169,.T.);
#2171=ORIENTED_EDGE('',*,*,#2170,.T.);
#2172=CARTESIAN_POINT('',(0.010075000000000011,-0.0017500000000000007,0.009494782592887673));
#2173=DIRECTION('',(0.,-1.,0.));
#2174=VECTOR('',#2173,1.);
#2175=LINE('',#2172,#2174);
#2176=EDGE_CURVE('',#1934,#1926,#2175,.T.);
#2177=ORIENTED_EDGE('',*,*,#2176,.F.);
#2178=EDGE_LOOP('',(#2135,#2141,#2147,#2153,#2159,#2165,#2171,#2177));
#2179=FACE_OUTER_BOUND('',#2178,.T.);
#2180=ADVANCED_FACE('',(#2179),#2129,.F.);
#2181=CARTESIAN_POINT('',(0.,-0.00875,0.));
#2182=DIRECTION('',(0.,1.,0.));
#2183=DIRECTION('',(0.,0.,1.));
#2184=AXIS2_PLACEMENT_3D('',#2181,#2182,#2183);
#2185=PLANE('',#2184);
#2186=CARTESIAN_POINT('',(0.00982500000000001,-0.00875,0.01025618032082941));
#2187=DIRECTION('',(0.,0.,-1.));
#2188=VECTOR('',#2187,1.);
#2189=LINE('',#2186,#2188);
#2190=EDGE_CURVE('',#1918,#1902,#2189,.T.);
#2191=ORIENTED_EDGE('',*,*,#2190,.F.);
#2192=CARTESIAN_POINT('',(0.010075000000000011,-0.00875,0.009494782592887673));
#2193=CARTESIAN_POINT('',(0.009950000000000011,-0.00875,0.009505235618012763));
#2194=CARTESIAN_POINT('',(0.00982500000000001,-0.00875,0.009494782592887673));
#2195=(BOUNDED_CURVE() B_SPLINE_CURVE(2,(#2192,#2193,#2194),.UNSPECIFIED.,.F.,.F.) B_SPLINE_CURVE_WITH_KNOTS((3,3),(0.,1.),.UNSPECIFIED.) CURVE() GEOMETRIC_REPRESENTATION_ITEM() RATIONAL_B_SPLINE_CURVE((1.,0.9965217285917831,1.)) REPRESENTATION_ITEM(''));
#2196=EDGE_CURVE('',#1926,#1918,#2195,.T.);
#2197=ORIENTED_EDGE('',*,*,#2196,.F.);
#2198=CARTESIAN_POINT('',(0.010075000000000011,-0.00875,0.01025618032082941));
#2199=DIRECTION('',(0.,0.,1.));
#2200=VECTOR('',#2199,1.);
#2201=LINE('',#2198,#2200);
#2202=EDGE_CURVE('',#1952,#1926,#2201,.T.);
#2203=ORIENTED_EDGE('',*,*,#2202,.F.);
#2204=CARTESIAN_POINT('',(0.00982500000000001,-0.00875,0.006505217407112326));
#2205=CARTESIAN_POINT('',(0.009950000000000011,-0.00875,0.006494764381987238));
#2206=CARTESIAN_POINT('',(0.010075000000000011,-0.00875,0.006505217407112327));
#2207=(BOUNDED_CURVE() B_SPLINE_CURVE(2,(#2204,#2205,#2206),.UNSPECIFIED.,.F.,.F.) B_SPLINE_CURVE_WITH_KNOTS((3,3),(0.,1.),.UNSPECIFIED.) CURVE() GEOMETRIC_REPRESENTATION_ITEM() RATIONAL_B_SPLINE_CURVE((1.,0.9965217285917831,1.)) REPRESENTATION_ITEM(''));
#2208=EDGE_CURVE('',#1902,#1952,#2207,.T.);
#2209=ORIENTED_EDGE('',*,*,#2208,.F.);
#2210=EDGE_LOOP('',(#2191,#2197,#2203,#2209));
#2211=FACE_OUTER_BOUND('',#2210,.T.);
#2212=ADVANCED_FACE('',(#2211),#2185,.F.);
#2213=CARTESIAN_POINT('',(-0.015150000000000004,0.003750000000000002,0.008889999999999999));
#2214=DIRECTION('',(0.,0.,-1.));
#2215=DIRECTION('',(-1.,0.,0.));
#2216=AXIS2_PLACEMENT_3D('',#2213,#2214,#2215);
#2217=PLANE('',#2216);
#2218=CARTESIAN_POINT('',(-0.015150000000000007,-0.002299999999999998,0.008889999999999999));
#2219=DIRECTION('',(1.,-3.1540426835941946E-16,0.));
#2220=VECTOR('',#2219,1.);
#2221=LINE('',#2218,#2220);
#2222=CARTESIAN_POINT('',(-0.015150000000000007,-0.002299999999999998,0.008889999999999999));
#2223=VERTEX_POINT('',#2222);
#2224=EDGE_CURVE('',#2223,#1432,#2221,.T.);
#2225=ORIENTED_EDGE('',*,*,#2224,.F.);
#2226=CARTESIAN_POINT('',(-0.015150000000000004,0.003750000000000002,0.008889999999999999));
#2227=DIRECTION('',(2.867311530540177E-16,1.,0.));
#2228=VECTOR('',#2227,1.);
#2229=LINE('',#2226,#2228);
#2230=CARTESIAN_POINT('',(-0.015150000000000004,0.003750000000000002,0.008889999999999999));
#2231=VERTEX_POINT('',#2230);
#2232=EDGE_CURVE('',#2231,#2223,#2229,.T.);
#2233=ORIENTED_EDGE('',*,*,#2232,.F.);
#2234=CARTESIAN_POINT('',(-0.015150000000000004,0.003750000000000002,0.008889999999999999));
#2235=DIRECTION('',(1.,-3.1540426835941946E-16,0.));
#2236=VECTOR('',#2235,1.);
#2237=LINE('',#2234,#2236);
#2238=EDGE_CURVE('',#1430,#2231,#2237,.T.);
#2239=ORIENTED_EDGE('',*,*,#2238,.F.);
#2240=CARTESIAN_POINT('',(-0.012450000000000004,0.003750000000000001,0.008889999999999999));
#2241=DIRECTION('',(2.867311530540177E-16,1.,0.));
#2242=VECTOR('',#2241,1.);
#2243=LINE('',#2240,#2242);
#2244=EDGE_CURVE('',#1430,#1432,#2243,.T.);
#2245=ORIENTED_EDGE('',*,*,#2244,.T.);
#2246=EDGE_LOOP('',(#2225,#2233,#2239,#2245));
#2247=FACE_OUTER_BOUND('',#2246,.T.);
#2248=ADVANCED_FACE('',(#2247),#2217,.T.);
#2249=CARTESIAN_POINT('',(-0.015150000000000007,-0.002299999999999998,0.011));
#2250=DIRECTION('',(-3.1540426835941946E-16,-1.,0.));
#2251=DIRECTION('',(1.,-3.1540426835941946E-16,0.));
#2252=AXIS2_PLACEMENT_3D('',#2249,#2250,#2251);
#2253=PLANE('',#2252);
#2254=CARTESIAN_POINT('',(-0.015150000000000007,-0.002299999999999998,0.011));
#2255=DIRECTION('',(1.,-3.1540426835941946E-16,0.));
#2256=VECTOR('',#2255,1.);
#2257=LINE('',#2254,#2256);
#2258=CARTESIAN_POINT('',(-0.015150000000000007,-0.002299999999999998,0.011));
#2259=VERTEX_POINT('',#2258);
#2260=EDGE_CURVE('',#2259,#1448,#2257,.T.);
#2261=ORIENTED_EDGE('',*,*,#2260,.F.);
#2262=CARTESIAN_POINT('',(-0.015150000000000007,-0.002299999999999998,0.011));
#2263=DIRECTION('',(0.,0.,-1.));
#2264=VECTOR('',#2263,1.);
#2265=LINE('',#2262,#2264);
#2266=EDGE_CURVE('',#2223,#2259,#2265,.T.);
#2267=ORIENTED_EDGE('',*,*,#2266,.F.);
#2268=CARTESIAN_POINT('',(-0.015150000000000007,-0.002299999999999998,0.008889999999999999));
#2269=DIRECTION('',(1.,-3.1540426835941946E-16,0.));
#2270=VECTOR('',#2269,1.);
#2271=LINE('',#2268,#2270);
#2272=EDGE_CURVE('',#2223,#1432,#2271,.T.);
#2273=ORIENTED_EDGE('',*,*,#2272,.T.);
#2274=CARTESIAN_POINT('',(-0.012450000000000006,-0.0022999999999999987,0.011));
#2275=DIRECTION('',(0.,0.,-1.));
#2276=VECTOR('',#2275,1.);
#2277=LINE('',#2274,#2276);
#2278=EDGE_CURVE('',#1432,#1448,#2277,.T.);
#2279=ORIENTED_EDGE('',*,*,#2278,.T.);
#2280=EDGE_LOOP('',(#2261,#2267,#2273,#2279));
#2281=FACE_OUTER_BOUND('',#2280,.T.);
#2282=ADVANCED_FACE('',(#2281),#2253,.T.);
#2283=CARTESIAN_POINT('',(-0.015150000000000004,0.003750000000000002,0.011));
#2284=DIRECTION('',(0.,0.,1.));
#2285=DIRECTION('',(1.,0.,0.));
#2286=AXIS2_PLACEMENT_3D('',#2283,#2284,#2285);
#2287=PLANE('',#2286);
#2288=CARTESIAN_POINT('',(-0.015150000000000004,0.003750000000000002,0.011));
#2289=DIRECTION('',(1.,-3.1540426835941946E-16,0.));
#2290=VECTOR('',#2289,1.);
#2291=LINE('',#2288,#2290);
#2292=CARTESIAN_POINT('',(-0.015150000000000004,0.003750000000000002,0.011));
#2293=VERTEX_POINT('',#2292);
#2294=EDGE_CURVE('',#2293,#1440,#2291,.T.);
#2295=ORIENTED_EDGE('',*,*,#2294,.F.);
#2296=CARTESIAN_POINT('',(-0.015150000000000004,0.003750000000000002,0.011));
#2297=DIRECTION('',(-2.867311530540177E-16,-1.,0.));
#2298=VECTOR('',#2297,1.);
#2299=LINE('',#2296,#2298);
#2300=EDGE_CURVE('',#2259,#2293,#2299,.T.);
#2301=ORIENTED_EDGE('',*,*,#2300,.F.);
#2302=CARTESIAN_POINT('',(-0.015150000000000007,-0.002299999999999998,0.011));
#2303=DIRECTION('',(1.,-3.1540426835941946E-16,0.));
#2304=VECTOR('',#2303,1.);
#2305=LINE('',#2302,#2304);
#2306=EDGE_CURVE('',#2259,#1448,#2305,.T.);
#2307=ORIENTED_EDGE('',*,*,#2306,.T.);
#2308=CARTESIAN_POINT('',(-0.012450000000000004,0.003750000000000001,0.011));
#2309=DIRECTION('',(-2.867311530540177E-16,-1.,0.));
#2310=VECTOR('',#2309,1.);
#2311=LINE('',#2308,#2310);
#2312=EDGE_CURVE('',#1448,#1440,#2311,.T.);
#2313=ORIENTED_EDGE('',*,*,#2312,.T.);
#2314=EDGE_LOOP('',(#2295,#2301,#2307,#2313));
#2315=FACE_OUTER_BOUND('',#2314,.T.);
#2316=ADVANCED_FACE('',(#2315),#2287,.T.);
#2317=CARTESIAN_POINT('',(-0.015150000000000004,0.003750000000000002,0.011));
#2318=DIRECTION('',(3.1540426835941946E-16,1.,0.));
#2319=DIRECTION('',(-1.,3.1540426835941946E-16,0.));
#2320=AXIS2_PLACEMENT_3D('',#2317,#2318,#2319);
#2321=PLANE('',#2320);
#2322=CARTESIAN_POINT('',(-0.015150000000000004,0.003750000000000002,0.008889999999999999));
#2323=DIRECTION('',(1.,-3.1540426835941946E-16,0.));
#2324=VECTOR('',#2323,1.);
#2325=LINE('',#2322,#2324);
#2326=EDGE_CURVE('',#1430,#2231,#2325,.T.);
#2327=ORIENTED_EDGE('',*,*,#2326,.T.);
#2328=CARTESIAN_POINT('',(-0.015150000000000004,0.003750000000000002,0.011));
#2329=DIRECTION('',(0.,0.,1.));
#2330=VECTOR('',#2329,1.);
#2331=LINE('',#2328,#2330);
#2332=EDGE_CURVE('',#2293,#2231,#2331,.T.);
#2333=ORIENTED_EDGE('',*,*,#2332,.F.);
#2334=CARTESIAN_POINT('',(-0.015150000000000004,0.003750000000000002,0.011));
#2335=DIRECTION('',(1.,-3.1540426835941946E-16,0.));
#2336=VECTOR('',#2335,1.);
#2337=LINE('',#2334,#2336);
#2338=EDGE_CURVE('',#2293,#1440,#2337,.T.);
#2339=ORIENTED_EDGE('',*,*,#2338,.T.);
#2340=CARTESIAN_POINT('',(-0.012450000000000004,0.003750000000000001,0.011));
#2341=DIRECTION('',(0.,0.,1.));
#2342=VECTOR('',#2341,1.);
#2343=LINE('',#2340,#2342);
#2344=EDGE_CURVE('',#1440,#1430,#2343,.T.);
#2345=ORIENTED_EDGE('',*,*,#2344,.T.);
#2346=EDGE_LOOP('',(#2327,#2333,#2339,#2345));
#2347=FACE_OUTER_BOUND('',#2346,.T.);
#2348=ADVANCED_FACE('',(#2347),#2321,.T.);
#2349=CARTESIAN_POINT('',(-0.015150000000000007,4.421394380092955E-18,0.));
#2350=DIRECTION('',(-1.,2.867311530540177E-16,0.));
#2351=DIRECTION('',(2.867311530540177E-16,1.,0.));
#2352=AXIS2_PLACEMENT_3D('',#2349,#2350,#2351);
#2353=PLANE('',#2352);
#2354=CARTESIAN_POINT('',(-0.015150000000000007,-0.002299999999999998,0.011));
#2355=DIRECTION('',(0.,0.,-1.));
#2356=VECTOR('',#2355,1.);
#2357=LINE('',#2354,#2356);
#2358=EDGE_CURVE('',#2223,#2259,#2357,.T.);
#2359=ORIENTED_EDGE('',*,*,#2358,.T.);
#2360=CARTESIAN_POINT('',(-0.015150000000000004,0.003750000000000002,0.011));
#2361=DIRECTION('',(-2.867311530540177E-16,-1.,0.));
#2362=VECTOR('',#2361,1.);
#2363=LINE('',#2360,#2362);
#2364=EDGE_CURVE('',#2259,#2293,#2363,.T.);
#2365=ORIENTED_EDGE('',*,*,#2364,.T.);
#2366=CARTESIAN_POINT('',(-0.015150000000000004,0.003750000000000002,0.011));
#2367=DIRECTION('',(0.,0.,1.));
#2368=VECTOR('',#2367,1.);
#2369=LINE('',#2366,#2368);
#2370=EDGE_CURVE('',#2293,#2231,#2369,.T.);
#2371=ORIENTED_EDGE('',*,*,#2370,.T.);
#2372=CARTESIAN_POINT('',(-0.015150000000000004,0.003750000000000002,0.008889999999999999));
#2373=DIRECTION('',(2.867311530540177E-16,1.,0.));
#2374=VECTOR('',#2373,1.);
#2375=LINE('',#2372,#2374);
#2376=EDGE_CURVE('',#2231,#2223,#2375,.T.);
#2377=ORIENTED_EDGE('',*,*,#2376,.T.);
#2378=EDGE_LOOP('',(#2359,#2365,#2371,#2377));
#2379=FACE_OUTER_BOUND('',#2378,.T.);
#2380=ADVANCED_FACE('',(#2379),#2353,.T.);
#2381=CARTESIAN_POINT('',(0.,-0.00875,0.));
#2382=DIRECTION('',(0.,1.,0.));
#2383=DIRECTION('',(0.,0.,1.));
#2384=AXIS2_PLACEMENT_3D('',#2381,#2382,#2383);
#2385=PLANE('',#2384);
#2386=CARTESIAN_POINT('',(-0.010075000000000011,-0.00875,0.006505217407112327));
#2387=CARTESIAN_POINT('',(-0.009950000000000011,-0.00875,0.006494764381987238));
#2388=CARTESIAN_POINT('',(-0.00982500000000001,-0.00875,0.006505217407112326));
#2389=(BOUNDED_CURVE() B_SPLINE_CURVE(2,(#2386,#2387,#2388),.UNSPECIFIED.,.F.,.F.) B_SPLINE_CURVE_WITH_KNOTS((3,3),(0.,1.),.UNSPECIFIED.) CURVE() GEOMETRIC_REPRESENTATION_ITEM() RATIONAL_B_SPLINE_CURVE((1.,0.9965217285917831,1.)) REPRESENTATION_ITEM(''));
#2390=EDGE_CURVE('',#847,#837,#2389,.T.);
#2391=ORIENTED_EDGE('',*,*,#2390,.F.);
#2392=CARTESIAN_POINT('',(-0.010075000000000011,-0.00875,0.01025618032082941));
#2393=DIRECTION('',(0.,0.,1.));
#2394=VECTOR('',#2393,1.);
#2395=LINE('',#2392,#2394);
#2396=EDGE_CURVE('',#847,#873,#2395,.T.);
#2397=ORIENTED_EDGE('',*,*,#2396,.T.);
#2398=CARTESIAN_POINT('',(-0.00982500000000001,-0.00875,0.009494782592887673));
#2399=CARTESIAN_POINT('',(-0.009950000000000011,-0.00875,0.009505235618012763));
#2400=CARTESIAN_POINT('',(-0.010075000000000011,-0.00875,0.009494782592887673));
#2401=(BOUNDED_CURVE() B_SPLINE_CURVE(2,(#2398,#2399,#2400),.UNSPECIFIED.,.F.,.F.) B_SPLINE_CURVE_WITH_KNOTS((3,3),(0.,1.),.UNSPECIFIED.) CURVE() GEOMETRIC_REPRESENTATION_ITEM() RATIONAL_B_SPLINE_CURVE((1.,0.9965217285917831,1.)) REPRESENTATION_ITEM(''));
#2402=EDGE_CURVE('',#881,#873,#2401,.T.);
#2403=ORIENTED_EDGE('',*,*,#2402,.F.);
#2404=CARTESIAN_POINT('',(-0.00982500000000001,-0.00875,0.01025618032082941));
#2405=DIRECTION('',(0.,0.,-1.));
#2406=VECTOR('',#2405,1.);
#2407=LINE('',#2404,#2406);
#2408=EDGE_CURVE('',#881,#837,#2407,.T.);
#2409=ORIENTED_EDGE('',*,*,#2408,.T.);
#2410=EDGE_LOOP('',(#2391,#2397,#2403,#2409));
#2411=FACE_OUTER_BOUND('',#2410,.T.);
#2412=ADVANCED_FACE('',(#2411),#2385,.F.);
#2413=CARTESIAN_POINT('',(-0.00982500000000001,-0.00875,0.01025618032082941));
#2414=DIRECTION('',(-1.,0.,0.));
#2415=DIRECTION('',(0.,0.,1.));
#2416=AXIS2_PLACEMENT_3D('',#2413,#2414,#2415);
#2417=PLANE('',#2416);
#2418=CARTESIAN_POINT('',(-0.00982500000000001,-0.0017500000000000007,0.006505217407112327));
#2419=DIRECTION('',(0.,-1.,0.));
#2420=VECTOR('',#2419,1.);
#2421=LINE('',#2418,#2420);
#2422=EDGE_CURVE('',#837,#839,#2421,.T.);
#2423=ORIENTED_EDGE('',*,*,#2422,.T.);
#2424=CARTESIAN_POINT('',(-0.00982500000000001,-0.010750000000000001,0.008));
#2425=DIRECTION('',(0.,0.,-1.));
#2426=VECTOR('',#2425,1.);
#2427=LINE('',#2424,#2426);
#2428=EDGE_CURVE('',#839,#923,#2427,.T.);
#2429=ORIENTED_EDGE('',*,*,#2428,.T.);
#2430=CARTESIAN_POINT('',(-0.00982500000000001,-0.014750000000000001,0.005928768482279202));
#2431=DIRECTION('',(0.,1.,0.));
#2432=VECTOR('',#2431,1.);
#2433=LINE('',#2430,#2432);
#2434=EDGE_CURVE('',#923,#998,#2433,.T.);
#2435=ORIENTED_EDGE('',*,*,#2434,.T.);
#2436=CARTESIAN_POINT('',(-0.00982500000000001,-0.012749999999999997,0.005928768482279176));
#2437=DIRECTION('',(0.,-8.375323864739667E-16,1.));
#2438=VECTOR('',#2437,1.);
#2439=LINE('',#2436,#2438);
#2440=EDGE_CURVE('',#998,#988,#2439,.T.);
#2441=ORIENTED_EDGE('',*,*,#2440,.T.);
#2442=CARTESIAN_POINT('',(-0.00982500000000001,-0.014750000000000001,0.010071231517720798));
#2443=DIRECTION('',(0.,1.,0.));
#2444=VECTOR('',#2443,1.);
#2445=LINE('',#2442,#2444);
#2446=EDGE_CURVE('',#988,#913,#2445,.T.);
#2447=ORIENTED_EDGE('',*,*,#2446,.T.);
#2448=CARTESIAN_POINT('',(-0.00982500000000001,-0.010750000000000001,0.008));
#2449=DIRECTION('',(0.,0.,-1.));
#2450=VECTOR('',#2449,1.);
#2451=LINE('',#2448,#2450);
#2452=EDGE_CURVE('',#913,#889,#2451,.T.);
#2453=ORIENTED_EDGE('',*,*,#2452,.T.);
#2454=CARTESIAN_POINT('',(-0.00982500000000001,-0.0017500000000000007,0.009494782592887673));
#2455=DIRECTION('',(0.,-1.,0.));
#2456=VECTOR('',#2455,1.);
#2457=LINE('',#2454,#2456);
#2458=EDGE_CURVE('',#889,#881,#2457,.T.);
#2459=ORIENTED_EDGE('',*,*,#2458,.T.);
#2460=CARTESIAN_POINT('',(-0.00982500000000001,-0.00875,0.01025618032082941));
#2461=DIRECTION('',(0.,0.,-1.));
#2462=VECTOR('',#2461,1.);
#2463=LINE('',#2460,#2462);
#2464=EDGE_CURVE('',#881,#837,#2463,.T.);
#2465=ORIENTED_EDGE('',*,*,#2464,.T.);
#2466=EDGE_LOOP('',(#2423,#2429,#2435,#2441,#2447,#2453,#2459,#2465));
#2467=FACE_OUTER_BOUND('',#2466,.T.);
#2468=ADVANCED_FACE('',(#2467),#2417,.T.);
#2469=CARTESIAN_POINT('',(-0.010075000000000011,-0.00875,0.01025618032082941));
#2470=DIRECTION('',(1.,0.,0.));
#2471=DIRECTION('',(0.,0.,-1.));
#2472=AXIS2_PLACEMENT_3D('',#2469,#2470,#2471);
#2473=PLANE('',#2472);
#2474=CARTESIAN_POINT('',(-0.010075000000000011,-0.0017500000000000007,0.009494782592887673));
#2475=DIRECTION('',(0.,-1.,0.));
#2476=VECTOR('',#2475,1.);
#2477=LINE('',#2474,#2476);
#2478=EDGE_CURVE('',#873,#865,#2477,.T.);
#2479=ORIENTED_EDGE('',*,*,#2478,.T.);
#2480=CARTESIAN_POINT('',(-0.010075000000000011,-0.010750000000000001,0.008));
#2481=DIRECTION('',(0.,0.,1.));
#2482=VECTOR('',#2481,1.);
#2483=LINE('',#2480,#2482);
#2484=EDGE_CURVE('',#865,#958,#2483,.T.);
#2485=ORIENTED_EDGE('',*,*,#2484,.T.);
#2486=CARTESIAN_POINT('',(-0.010075000000000011,-0.014750000000000001,0.010071231517720798));
#2487=DIRECTION('',(0.,1.,0.));
#2488=VECTOR('',#2487,1.);
#2489=LINE('',#2486,#2488);
#2490=EDGE_CURVE('',#958,#1033,#2489,.T.);
#2491=ORIENTED_EDGE('',*,*,#2490,.T.);
#2492=CARTESIAN_POINT('',(-0.010075000000000011,-0.012750000000000001,0.010071231517720798));
#2493=DIRECTION('',(0.,0.,-1.));
#2494=VECTOR('',#2493,1.);
#2495=LINE('',#2492,#2494);
#2496=EDGE_CURVE('',#1033,#1023,#2495,.T.);
#2497=ORIENTED_EDGE('',*,*,#2496,.T.);
#2498=CARTESIAN_POINT('',(-0.010075000000000011,-0.014750000000000001,0.005928768482279202));
#2499=DIRECTION('',(0.,1.,0.));
#2500=VECTOR('',#2499,1.);
#2501=LINE('',#2498,#2500);
#2502=EDGE_CURVE('',#1023,#948,#2501,.T.);
#2503=ORIENTED_EDGE('',*,*,#2502,.T.);
#2504=CARTESIAN_POINT('',(-0.010075000000000011,-0.010750000000000001,0.008));
#2505=DIRECTION('',(0.,0.,1.));
#2506=VECTOR('',#2505,1.);
#2507=LINE('',#2504,#2506);
#2508=EDGE_CURVE('',#948,#855,#2507,.T.);
#2509=ORIENTED_EDGE('',*,*,#2508,.T.);
#2510=CARTESIAN_POINT('',(-0.010075000000000011,-0.0017500000000000007,0.006505217407112327));
#2511=DIRECTION('',(0.,-1.,0.));
#2512=VECTOR('',#2511,1.);
#2513=LINE('',#2510,#2512);
#2514=EDGE_CURVE('',#855,#847,#2513,.T.);
#2515=ORIENTED_EDGE('',*,*,#2514,.T.);
#2516=CARTESIAN_POINT('',(-0.010075000000000011,-0.00875,0.01025618032082941));
#2517=DIRECTION('',(0.,0.,1.));
#2518=VECTOR('',#2517,1.);
#2519=LINE('',#2516,#2518);
#2520=EDGE_CURVE('',#847,#873,#2519,.T.);
#2521=ORIENTED_EDGE('',*,*,#2520,.T.);
#2522=EDGE_LOOP('',(#2479,#2485,#2491,#2497,#2503,#2509,#2515,#2521));
#2523=FACE_OUTER_BOUND('',#2522,.T.);
#2524=ADVANCED_FACE('',(#2523),#2473,.T.);
#2525=CARTESIAN_POINT('',(0.001750000000000012,-0.0021999999999999997,0.0014999999999999996));
#2526=DIRECTION('',(0.,0.,1.));
#2527=DIRECTION('',(1.,0.,0.));
#2528=AXIS2_PLACEMENT_3D('',#2525,#2526,#2527);
#2529=CYLINDRICAL_SURFACE('',#2528,0.0045000000000000005);
#2530=CARTESIAN_POINT('',(0.0017499999999999937,-0.0067,0.0014999999999999996));
#2531=DIRECTION('',(0.,0.,1.));
#2532=VECTOR('',#2531,1.);
#2533=LINE('',#2530,#2532);
#2534=EDGE_CURVE('',#1554,#669,#2533,.T.);
#2535=ORIENTED_EDGE('',*,*,#2534,.T.);
#2536=CARTESIAN_POINT('',(0.004896029343657482,-0.005417530010558743,0.0014999999999999996));
#2537=CARTESIAN_POINT('',(0.003584412309001657,-0.006700000000000007,0.0014999999999999996));
#2538=CARTESIAN_POINT('',(0.0017499999999999937,-0.0067,0.0014999999999999996));
#2539=(BOUNDED_CURVE() B_SPLINE_CURVE(2,(#2536,#2537,#2538),.UNSPECIFIED.,.F.,.F.) B_SPLINE_CURVE_WITH_KNOTS((3,3),(0.,1.),.UNSPECIFIED.) CURVE() GEOMETRIC_REPRESENTATION_ITEM() RATIONAL_B_SPLINE_CURVE((1.,0.9260147593351445,1.)) REPRESENTATION_ITEM(''));
#2540=EDGE_CURVE('',#667,#669,#2539,.T.);
#2541=ORIENTED_EDGE('',*,*,#2540,.F.);
#2542=CARTESIAN_POINT('',(0.004896029343657482,-0.005417530010558743,0.0014999999999999996));
#2543=DIRECTION('',(0.,0.,1.));
#2544=VECTOR('',#2543,1.);
#2545=LINE('',#2542,#2544);
#2546=EDGE_CURVE('',#667,#1498,#2545,.T.);
#2547=ORIENTED_EDGE('',*,*,#2546,.T.);
#2548=CARTESIAN_POINT('',(0.0017499999999999937,-0.0067,0.014));
#2549=CARTESIAN_POINT('',(0.0035844123090016584,-0.006700000000000008,0.014));
#2550=CARTESIAN_POINT('',(0.004896029343657482,-0.0054175300105587425,0.014));
#2551=(BOUNDED_CURVE() B_SPLINE_CURVE(2,(#2548,#2549,#2550),.UNSPECIFIED.,.F.,.F.) B_SPLINE_CURVE_WITH_KNOTS((3,3),(0.,1.),.UNSPECIFIED.) CURVE() GEOMETRIC_REPRESENTATION_ITEM() RATIONAL_B_SPLINE_CURVE((1.,0.9260147593351444,1.)) REPRESENTATION_ITEM(''));
#2552=EDGE_CURVE('',#1554,#1498,#2551,.T.);
#2553=ORIENTED_EDGE('',*,*,#2552,.F.);
#2554=EDGE_LOOP('',(#2535,#2541,#2547,#2553));
#2555=FACE_OUTER_BOUND('',#2554,.T.);
#2556=ADVANCED_FACE('',(#2555),#2529,.F.);
#2557=CARTESIAN_POINT('',(-0.006249999999999964,-0.0067,0.0014999999999999996));
#2558=DIRECTION('',(0.,-1.,0.));
#2559=DIRECTION('',(0.,0.,-1.));
#2560=AXIS2_PLACEMENT_3D('',#2557,#2558,#2559);
#2561=PLANE('',#2560);
#2562=CARTESIAN_POINT('',(-0.006249999999999965,-0.0067,0.0014999999999999996));
#2563=DIRECTION('',(0.,0.,1.));
#2564=VECTOR('',#2563,1.);
#2565=LINE('',#2562,#2564);
#2566=EDGE_CURVE('',#1546,#677,#2565,.T.);
#2567=ORIENTED_EDGE('',*,*,#2566,.T.);
#2568=CARTESIAN_POINT('',(-0.006249999999999964,-0.0067,0.0014999999999999996));
#2569=DIRECTION('',(1.,0.,0.));
#2570=VECTOR('',#2569,1.);
#2571=LINE('',#2568,#2570);
#2572=EDGE_CURVE('',#669,#677,#2571,.T.);
#2573=ORIENTED_EDGE('',*,*,#2572,.F.);
#2574=CARTESIAN_POINT('',(0.0017499999999999937,-0.0067,0.0014999999999999996));
#2575=DIRECTION('',(0.,0.,1.));
#2576=VECTOR('',#2575,1.);
#2577=LINE('',#2574,#2576);
#2578=EDGE_CURVE('',#1554,#669,#2577,.T.);
#2579=ORIENTED_EDGE('',*,*,#2578,.F.);
#2580=CARTESIAN_POINT('',(-0.006249999999999964,-0.0067,0.014));
#2581=DIRECTION('',(1.,0.,0.));
#2582=VECTOR('',#2581,1.);
#2583=LINE('',#2580,#2582);
#2584=EDGE_CURVE('',#1546,#1554,#2583,.T.);
#2585=ORIENTED_EDGE('',*,*,#2584,.F.);
#2586=EDGE_LOOP('',(#2567,#2573,#2579,#2585));
#2587=FACE_OUTER_BOUND('',#2586,.T.);
#2588=ADVANCED_FACE('',(#2587),#2561,.F.);
#2589=CARTESIAN_POINT('',(-0.006249999999999996,-0.0021999999999999997,0.0014999999999999996));
#2590=DIRECTION('',(0.,0.,1.));
#2591=DIRECTION('',(1.,0.,0.));
#2592=AXIS2_PLACEMENT_3D('',#2589,#2590,#2591);
#2593=CYLINDRICAL_SURFACE('',#2592,0.0045000000000000005);
#2594=CARTESIAN_POINT('',(-0.010749999999999996,-0.0021999999999999685,0.0014999999999999996));
#2595=DIRECTION('',(0.,0.,1.));
#2596=VECTOR('',#2595,1.);
#2597=LINE('',#2594,#2596);
#2598=EDGE_CURVE('',#1536,#687,#2597,.T.);
#2599=ORIENTED_EDGE('',*,*,#2598,.T.);
#2600=CARTESIAN_POINT('',(-0.006249999999999965,-0.0067,0.0014999999999999996));
#2601=CARTESIAN_POINT('',(-0.00811396103067891,-0.006700000000000013,0.0014999999999999996));
#2602=CARTESIAN_POINT('',(-0.009431980515339458,-0.005381980515339465,0.0014999999999999996));
#2603=CARTESIAN_POINT('',(-0.010750000000000008,-0.004063961030678918,0.0014999999999999996));
#2604=CARTESIAN_POINT('',(-0.010749999999999996,-0.0021999999999999685,0.0014999999999999996));
#2605=(BOUNDED_CURVE() B_SPLINE_CURVE(2,(#2600,#2601,#2602,#2603,#2604),.UNSPECIFIED.,.F.,.F.) B_SPLINE_CURVE_WITH_KNOTS((3,2,3),(0.,1.,2.),.UNSPECIFIED.) CURVE() GEOMETRIC_REPRESENTATION_ITEM() RATIONAL_B_SPLINE_CURVE((1.,0.9238795325112855,1.,0.9238795325112855,1.)) REPRESENTATION_ITEM(''));
#2606=EDGE_CURVE('',#677,#687,#2605,.T.);
#2607=ORIENTED_EDGE('',*,*,#2606,.F.);
#2608=CARTESIAN_POINT('',(-0.006249999999999965,-0.0067,0.0014999999999999996));
#2609=DIRECTION('',(0.,0.,1.));
#2610=VECTOR('',#2609,1.);
#2611=LINE('',#2608,#2610);
#2612=EDGE_CURVE('',#1546,#677,#2611,.T.);
#2613=ORIENTED_EDGE('',*,*,#2612,.F.);
#2614=CARTESIAN_POINT('',(-0.010749999999999996,-0.0021999999999999685,0.014));
#2615=CARTESIAN_POINT('',(-0.01075000000000001,-0.004063961030678916,0.014));
#2616=CARTESIAN_POINT('',(-0.009431980515339462,-0.0053819805153394636,0.014));
#2617=CARTESIAN_POINT('',(-0.008113961030678914,-0.0067000000000000115,0.014));
#2618=CARTESIAN_POINT('',(-0.006249999999999965,-0.0067,0.014));
#2619=(BOUNDED_CURVE() B_SPLINE_CURVE(2,(#2614,#2615,#2616,#2617,#2618),.UNSPECIFIED.,.F.,.F.) B_SPLINE_CURVE_WITH_KNOTS((3,2,3),(0.,1.,2.),.UNSPECIFIED.) CURVE() GEOMETRIC_REPRESENTATION_ITEM() RATIONAL_B_SPLINE_CURVE((1.,0.9238795325112854,1.,0.9238795325112854,1.)) REPRESENTATION_ITEM(''));
#2620=EDGE_CURVE('',#1536,#1546,#2619,.T.);
#2621=ORIENTED_EDGE('',*,*,#2620,.F.);
#2622=EDGE_LOOP('',(#2599,#2607,#2613,#2621));
#2623=FACE_OUTER_BOUND('',#2622,.T.);
#2624=ADVANCED_FACE('',(#2623),#2593,.F.);
#2625=CARTESIAN_POINT('',(-0.010749999999999996,0.0021999999999999685,0.0014999999999999996));
#2626=DIRECTION('',(-1.,0.,0.));
#2627=DIRECTION('',(0.,0.,1.));
#2628=AXIS2_PLACEMENT_3D('',#2625,#2626,#2627);
#2629=PLANE('',#2628);
#2630=CARTESIAN_POINT('',(-0.010749999999999996,0.0021999999999999693,0.0014999999999999996));
#2631=DIRECTION('',(0.,0.,1.));
#2632=VECTOR('',#2631,1.);
#2633=LINE('',#2630,#2632);
#2634=EDGE_CURVE('',#1528,#695,#2633,.T.);
#2635=ORIENTED_EDGE('',*,*,#2634,.T.);
#2636=CARTESIAN_POINT('',(-0.010749999999999996,0.0021999999999999685,0.0014999999999999996));
#2637=DIRECTION('',(0.,-1.,0.));
#2638=VECTOR('',#2637,1.);
#2639=LINE('',#2636,#2638);
#2640=EDGE_CURVE('',#687,#695,#2639,.T.);
#2641=ORIENTED_EDGE('',*,*,#2640,.F.);
#2642=CARTESIAN_POINT('',(-0.010749999999999996,-0.0021999999999999685,0.0014999999999999996));
#2643=DIRECTION('',(0.,0.,1.));
#2644=VECTOR('',#2643,1.);
#2645=LINE('',#2642,#2644);
#2646=EDGE_CURVE('',#1536,#687,#2645,.T.);
#2647=ORIENTED_EDGE('',*,*,#2646,.F.);
#2648=CARTESIAN_POINT('',(-0.010749999999999996,0.0021999999999999685,0.014));
#2649=DIRECTION('',(0.,-1.,0.));
#2650=VECTOR('',#2649,1.);
#2651=LINE('',#2648,#2650);
#2652=EDGE_CURVE('',#1528,#1536,#2651,.T.);
#2653=ORIENTED_EDGE('',*,*,#2652,.F.);
#2654=EDGE_LOOP('',(#2635,#2641,#2647,#2653));
#2655=FACE_OUTER_BOUND('',#2654,.T.);
#2656=ADVANCED_FACE('',(#2655),#2629,.F.);
#2657=CARTESIAN_POINT('',(-0.006249999999999997,0.0022000000000000006,0.0014999999999999996));
#2658=DIRECTION('',(0.,0.,1.));
#2659=DIRECTION('',(1.,0.,0.));
#2660=AXIS2_PLACEMENT_3D('',#2657,#2658,#2659);
#2661=CYLINDRICAL_SURFACE('',#2660,0.004499999999999999);
#2662=CARTESIAN_POINT('',(-0.006249999999999966,0.0067,0.0014999999999999996));
#2663=DIRECTION('',(0.,0.,1.));
#2664=VECTOR('',#2663,1.);
#2665=LINE('',#2662,#2664);
#2666=EDGE_CURVE('',#1518,#705,#2665,.T.);
#2667=ORIENTED_EDGE('',*,*,#2666,.T.);
#2668=CARTESIAN_POINT('',(-0.010749999999999996,0.0021999999999999693,0.0014999999999999996));
#2669=CARTESIAN_POINT('',(-0.010750000000000008,0.004063961030678916,0.0014999999999999996));
#2670=CARTESIAN_POINT('',(-0.009431980515339462,0.0053819805153394636,0.0014999999999999996));
#2671=CARTESIAN_POINT('',(-0.008113961030678914,0.006700000000000011,0.0014999999999999996));
#2672=CARTESIAN_POINT('',(-0.006249999999999966,0.0067,0.0014999999999999996));
#2673=(BOUNDED_CURVE() B_SPLINE_CURVE(2,(#2668,#2669,#2670,#2671,#2672),.UNSPECIFIED.,.F.,.F.) B_SPLINE_CURVE_WITH_KNOTS((3,2,3),(0.,1.,2.),.UNSPECIFIED.) CURVE() GEOMETRIC_REPRESENTATION_ITEM() RATIONAL_B_SPLINE_CURVE((1.,0.9238795325112854,1.,0.9238795325112854,1.)) REPRESENTATION_ITEM(''));
#2674=EDGE_CURVE('',#695,#705,#2673,.T.);
#2675=ORIENTED_EDGE('',*,*,#2674,.F.);
#2676=CARTESIAN_POINT('',(-0.010749999999999996,0.0021999999999999693,0.0014999999999999996));
#2677=DIRECTION('',(0.,0.,1.));
#2678=VECTOR('',#2677,1.);
#2679=LINE('',#2676,#2678);
#2680=EDGE_CURVE('',#1528,#695,#2679,.T.);
#2681=ORIENTED_EDGE('',*,*,#2680,.F.);
#2682=CARTESIAN_POINT('',(-0.006249999999999966,0.0067,0.014));
#2683=CARTESIAN_POINT('',(-0.00811396103067891,0.006700000000000012,0.014));
#2684=CARTESIAN_POINT('',(-0.009431980515339458,0.005381980515339465,0.014));
#2685=CARTESIAN_POINT('',(-0.010750000000000006,0.004063961030678919,0.014));
#2686=CARTESIAN_POINT('',(-0.010749999999999996,0.0021999999999999693,0.014));
#2687=(BOUNDED_CURVE() B_SPLINE_CURVE(2,(#2682,#2683,#2684,#2685,#2686),.UNSPECIFIED.,.F.,.F.) B_SPLINE_CURVE_WITH_KNOTS((3,2,3),(0.,1.,2.),.UNSPECIFIED.) CURVE() GEOMETRIC_REPRESENTATION_ITEM() RATIONAL_B_SPLINE_CURVE((1.,0.9238795325112855,1.,0.9238795325112855,1.)) REPRESENTATION_ITEM(''));
#2688=EDGE_CURVE('',#1518,#1528,#2687,.T.);
#2689=ORIENTED_EDGE('',*,*,#2688,.F.);
#2690=EDGE_LOOP('',(#2667,#2675,#2681,#2689));
#2691=FACE_OUTER_BOUND('',#2690,.T.);
#2692=ADVANCED_FACE('',(#2691),#2661,.F.);
#2693=CARTESIAN_POINT('',(-0.006249999999999966,0.0067,0.0014999999999999996));
#2694=DIRECTION('',(0.,1.,0.));
#2695=DIRECTION('',(0.,0.,1.));
#2696=AXIS2_PLACEMENT_3D('',#2693,#2694,#2695);
#2697=PLANE('',#2696);
#2698=CARTESIAN_POINT('',(0.006249999999999969,0.006700000000000001,0.0014999999999999996));
#2699=DIRECTION('',(0.,0.,1.));
#2700=VECTOR('',#2699,1.);
#2701=LINE('',#2698,#2700);
#2702=EDGE_CURVE('',#1510,#713,#2701,.T.);
#2703=ORIENTED_EDGE('',*,*,#2702,.T.);
#2704=CARTESIAN_POINT('',(-0.006249999999999966,0.0067,0.0014999999999999996));
#2705=DIRECTION('',(-1.,0.,0.));
#2706=VECTOR('',#2705,1.);
#2707=LINE('',#2704,#2706);
#2708=EDGE_CURVE('',#705,#713,#2707,.T.);
#2709=ORIENTED_EDGE('',*,*,#2708,.F.);
#2710=CARTESIAN_POINT('',(-0.006249999999999966,0.0067,0.0014999999999999996));
#2711=DIRECTION('',(0.,0.,1.));
#2712=VECTOR('',#2711,1.);
#2713=LINE('',#2710,#2712);
#2714=EDGE_CURVE('',#1518,#705,#2713,.T.);
#2715=ORIENTED_EDGE('',*,*,#2714,.F.);
#2716=CARTESIAN_POINT('',(-0.006249999999999966,0.0067,0.014));
#2717=DIRECTION('',(-1.,0.,0.));
#2718=VECTOR('',#2717,1.);
#2719=LINE('',#2716,#2718);
#2720=EDGE_CURVE('',#1510,#1518,#2719,.T.);
#2721=ORIENTED_EDGE('',*,*,#2720,.F.);
#2722=EDGE_LOOP('',(#2703,#2709,#2715,#2721));
#2723=FACE_OUTER_BOUND('',#2722,.T.);
#2724=ADVANCED_FACE('',(#2723),#2697,.F.);
#2725=CARTESIAN_POINT('',(0.006250000000000001,0.0022000000000000006,0.0014999999999999996));
#2726=DIRECTION('',(0.,0.,1.));
#2727=DIRECTION('',(1.,0.,0.));
#2728=AXIS2_PLACEMENT_3D('',#2725,#2726,#2727);
#2729=CYLINDRICAL_SURFACE('',#2728,0.0045000000000000005);
#2730=CARTESIAN_POINT('',(0.00939602934365746,-0.0010175300105587553,0.0014999999999999996));
#2731=DIRECTION('',(0.,0.,1.));
#2732=VECTOR('',#2731,1.);
#2733=LINE('',#2730,#2732);
#2734=EDGE_CURVE('',#1500,#723,#2733,.T.);
#2735=ORIENTED_EDGE('',*,*,#2734,.T.);
#2736=CARTESIAN_POINT('',(0.006249999999999969,0.006700000000000001,0.0014999999999999996));
#2737=CARTESIAN_POINT('',(0.0092751214669296,0.006700000000000023,0.0014999999999999996));
#2738=CARTESIAN_POINT('',(0.010417066417008153,0.0038986928728416016,0.0014999999999999996));
#2739=CARTESIAN_POINT('',(0.011559011367086706,0.0010973857456831801,0.0014999999999999996));
#2740=CARTESIAN_POINT('',(0.00939602934365746,-0.0010175300105587553,0.0014999999999999996));
#2741=(BOUNDED_CURVE() B_SPLINE_CURVE(2,(#2736,#2737,#2738,#2739,#2740),.UNSPECIFIED.,.F.,.F.) B_SPLINE_CURVE_WITH_KNOTS((3,2,3),(0.,1.,2.),.UNSPECIFIED.) CURVE() GEOMETRIC_REPRESENTATION_ITEM() RATIONAL_B_SPLINE_CURVE((1.,0.8299058094374038,1.,0.8299058094374038,1.)) REPRESENTATION_ITEM(''));
#2742=EDGE_CURVE('',#713,#723,#2741,.T.);
#2743=ORIENTED_EDGE('',*,*,#2742,.F.);
#2744=CARTESIAN_POINT('',(0.006249999999999969,0.006700000000000001,0.0014999999999999996));
#2745=DIRECTION('',(0.,0.,1.));
#2746=VECTOR('',#2745,1.);
#2747=LINE('',#2744,#2746);
#2748=EDGE_CURVE('',#1510,#713,#2747,.T.);
#2749=ORIENTED_EDGE('',*,*,#2748,.F.);
#2750=CARTESIAN_POINT('',(0.00939602934365746,-0.0010175300105587553,0.014));
#2751=CARTESIAN_POINT('',(0.011559011367086706,0.0010973857456831812,0.014));
#2752=CARTESIAN_POINT('',(0.010417066417008153,0.0038986928728416007,0.014));
#2753=CARTESIAN_POINT('',(0.0092751214669296,0.006700000000000022,0.014));
#2754=CARTESIAN_POINT('',(0.006249999999999969,0.006700000000000001,0.014));
#2755=(BOUNDED_CURVE() B_SPLINE_CURVE(2,(#2750,#2751,#2752,#2753,#2754),.UNSPECIFIED.,.F.,.F.) B_SPLINE_CURVE_WITH_KNOTS((3,2,3),(0.,1.,2.),.UNSPECIFIED.) CURVE() GEOMETRIC_REPRESENTATION_ITEM() RATIONAL_B_SPLINE_CURVE((1.,0.8299058094374038,1.,0.8299058094374038,1.)) REPRESENTATION_ITEM(''));
#2756=EDGE_CURVE('',#1500,#1510,#2755,.T.);
#2757=ORIENTED_EDGE('',*,*,#2756,.F.);
#2758=EDGE_LOOP('',(#2735,#2743,#2749,#2757));
#2759=FACE_OUTER_BOUND('',#2758,.T.);
#2760=ADVANCED_FACE('',(#2759),#2729,.F.);
#2761=CARTESIAN_POINT('',(0.004896029343657482,-0.005417530010558743,0.0014999999999999996));
#2762=DIRECTION('',(0.6991176319238794,-0.715006669013057,0.));
#2763=DIRECTION('',(0.715006669013057,0.6991176319238794,0.));
#2764=AXIS2_PLACEMENT_3D('',#2761,#2762,#2763);
#2765=PLANE('',#2764);
#2766=CARTESIAN_POINT('',(0.004896029343657482,-0.005417530010558743,0.0014999999999999996));
#2767=DIRECTION('',(0.,0.,1.));
#2768=VECTOR('',#2767,1.);
#2769=LINE('',#2766,#2768);
#2770=EDGE_CURVE('',#667,#1498,#2769,.T.);
#2771=ORIENTED_EDGE('',*,*,#2770,.F.);
#2772=CARTESIAN_POINT('',(0.004896029343657482,-0.005417530010558743,0.0014999999999999996));
#2773=DIRECTION('',(0.715006669013057,0.6991176319238794,0.));
#2774=VECTOR('',#2773,1.);
#2775=LINE('',#2772,#2774);
#2776=EDGE_CURVE('',#723,#667,#2775,.T.);
#2777=ORIENTED_EDGE('',*,*,#2776,.F.);
#2778=CARTESIAN_POINT('',(0.00939602934365746,-0.0010175300105587553,0.0014999999999999996));
#2779=DIRECTION('',(0.,0.,1.));
#2780=VECTOR('',#2779,1.);
#2781=LINE('',#2778,#2780);
#2782=EDGE_CURVE('',#1500,#723,#2781,.T.);
#2783=ORIENTED_EDGE('',*,*,#2782,.F.);
#2784=CARTESIAN_POINT('',(0.004896029343657482,-0.005417530010558743,0.014));
#2785=DIRECTION('',(0.715006669013057,0.6991176319238794,0.));
#2786=VECTOR('',#2785,1.);
#2787=LINE('',#2784,#2786);
#2788=EDGE_CURVE('',#1498,#1500,#2787,.T.);
#2789=ORIENTED_EDGE('',*,*,#2788,.F.);
#2790=EDGE_LOOP('',(#2771,#2777,#2783,#2789));
#2791=FACE_OUTER_BOUND('',#2790,.T.);
#2792=ADVANCED_FACE('',(#2791),#2765,.F.);
#2793=CARTESIAN_POINT('',(0.001750000000000012,-0.0021999999999999997,0.012));
#2794=DIRECTION('',(0.,0.,-1.));
#2795=DIRECTION('',(-1.,0.,0.));
#2796=AXIS2_PLACEMENT_3D('',#2793,#2794,#2795);
#2797=CYLINDRICAL_SURFACE('',#2796,0.0025000000000000005);
#2798=CARTESIAN_POINT('',(0.0017500000000000013,-0.0047,0.0014999999999999996));
#2799=CARTESIAN_POINT('',(0.0027691179494453693,-0.0047000000000000045,0.0014999999999999996));
#2800=CARTESIAN_POINT('',(0.0034977940798097172,-0.0039875166725326355,0.0014999999999999996));
#2801=(BOUNDED_CURVE() B_SPLINE_CURVE(2,(#2798,#2799,#2800),.UNSPECIFIED.,.F.,.F.) B_SPLINE_CURVE_WITH_KNOTS((3,3),(0.,1.),.UNSPECIFIED.) CURVE() GEOMETRIC_REPRESENTATION_ITEM() RATIONAL_B_SPLINE_CURVE((1.,0.9260147593351445,1.)) REPRESENTATION_ITEM(''));
#2802=EDGE_CURVE('',#739,#741,#2801,.T.);
#2803=ORIENTED_EDGE('',*,*,#2802,.T.);
#2804=CARTESIAN_POINT('',(0.0034977940798097172,-0.0039875166725326355,0.012));
#2805=DIRECTION('',(0.,0.,-1.));
#2806=VECTOR('',#2805,1.);
#2807=LINE('',#2804,#2806);
#2808=CARTESIAN_POINT('',(0.0034977940798097172,-0.0039875166725326355,0.012));
#2809=VERTEX_POINT('',#2808);
#2810=EDGE_CURVE('',#2809,#741,#2807,.T.);
#2811=ORIENTED_EDGE('',*,*,#2810,.F.);
#2812=CARTESIAN_POINT('',(0.0017500000000000013,-0.0047,0.012));
#2813=CARTESIAN_POINT('',(0.0027691179494453693,-0.0047000000000000045,0.012));
#2814=CARTESIAN_POINT('',(0.0034977940798097172,-0.0039875166725326355,0.012));
#2815=(BOUNDED_CURVE() B_SPLINE_CURVE(2,(#2812,#2813,#2814),.UNSPECIFIED.,.F.,.F.) B_SPLINE_CURVE_WITH_KNOTS((3,3),(0.,1.),.UNSPECIFIED.) CURVE() GEOMETRIC_REPRESENTATION_ITEM() RATIONAL_B_SPLINE_CURVE((1.,0.9260147593351445,1.)) REPRESENTATION_ITEM(''));
#2816=CARTESIAN_POINT('',(0.0017500000000000013,-0.0047,0.012));
#2817=VERTEX_POINT('',#2816);
#2818=EDGE_CURVE('',#2817,#2809,#2815,.T.);
#2819=ORIENTED_EDGE('',*,*,#2818,.F.);
#2820=CARTESIAN_POINT('',(0.0017500000000000013,-0.0047,0.012));
#2821=DIRECTION('',(0.,0.,-1.));
#2822=VECTOR('',#2821,1.);
#2823=LINE('',#2820,#2822);
#2824=EDGE_CURVE('',#739,#2817,#2823,.T.);
#2825=ORIENTED_EDGE('',*,*,#2824,.F.);
#2826=EDGE_LOOP('',(#2803,#2811,#2819,#2825));
#2827=FACE_OUTER_BOUND('',#2826,.T.);
#2828=ADVANCED_FACE('',(#2827),#2797,.T.);
#2829=CARTESIAN_POINT('',(0.0034977940798097172,-0.0039875166725326355,0.012));
#2830=DIRECTION('',(-0.6991176319238794,0.715006669013057,0.));
#2831=DIRECTION('',(-0.715006669013057,-0.6991176319238794,0.));
#2832=AXIS2_PLACEMENT_3D('',#2829,#2830,#2831);
#2833=PLANE('',#2832);
#2834=CARTESIAN_POINT('',(0.0034977940798097172,-0.0039875166725326355,0.012));
#2835=DIRECTION('',(0.,0.,-1.));
#2836=VECTOR('',#2835,1.);
#2837=LINE('',#2834,#2836);
#2838=EDGE_CURVE('',#2809,#741,#2837,.T.);
#2839=ORIENTED_EDGE('',*,*,#2838,.F.);
#2840=CARTESIAN_POINT('',(0.0034977940798097172,-0.0039875166725326355,0.012));
#2841=DIRECTION('',(0.715006669013057,0.6991176319238794,0.));
#2842=VECTOR('',#2841,1.);
#2843=LINE('',#2840,#2842);
#2844=CARTESIAN_POINT('',(0.007997794079809703,0.00041248332746736047,0.012));
#2845=VERTEX_POINT('',#2844);
#2846=EDGE_CURVE('',#2809,#2845,#2843,.T.);
#2847=ORIENTED_EDGE('',*,*,#2846,.T.);
#2848=CARTESIAN_POINT('',(0.007997794079809703,0.00041248332746736047,0.012));
#2849=DIRECTION('',(0.,0.,-1.));
#2850=VECTOR('',#2849,1.);
#2851=LINE('',#2848,#2850);
#2852=EDGE_CURVE('',#2845,#795,#2851,.T.);
#2853=ORIENTED_EDGE('',*,*,#2852,.T.);
#2854=CARTESIAN_POINT('',(0.0034977940798097172,-0.0039875166725326355,0.0014999999999999996));
#2855=DIRECTION('',(0.715006669013057,0.6991176319238794,0.));
#2856=VECTOR('',#2855,1.);
#2857=LINE('',#2854,#2856);
#2858=EDGE_CURVE('',#741,#795,#2857,.T.);
#2859=ORIENTED_EDGE('',*,*,#2858,.F.);
#2860=EDGE_LOOP('',(#2839,#2847,#2853,#2859));
#2861=FACE_OUTER_BOUND('',#2860,.T.);
#2862=ADVANCED_FACE('',(#2861),#2833,.F.);
#2863=CARTESIAN_POINT('',(0.006250000000000001,0.0022000000000000006,0.012));
#2864=DIRECTION('',(0.,0.,-1.));
#2865=DIRECTION('',(-1.,0.,0.));
#2866=AXIS2_PLACEMENT_3D('',#2863,#2864,#2865);
#2867=CYLINDRICAL_SURFACE('',#2866,0.002500000000000001);
#2868=CARTESIAN_POINT('',(0.007997794079809703,0.00041248332746736047,0.0014999999999999996));
#2869=CARTESIAN_POINT('',(0.009199450759492616,0.0015874365253795483,0.0014999999999999996));
#2870=CARTESIAN_POINT('',(0.008565036898337862,0.003143718262689781,0.0014999999999999996));
#2871=CARTESIAN_POINT('',(0.00793062303718311,0.004700000000000015,0.0014999999999999996));
#2872=CARTESIAN_POINT('',(0.006249999999999983,0.004700000000000001,0.0014999999999999996));
#2873=(BOUNDED_CURVE() B_SPLINE_CURVE(2,(#2868,#2869,#2870,#2871,#2872),.UNSPECIFIED.,.F.,.F.) B_SPLINE_CURVE_WITH_KNOTS((3,2,3),(0.,1.,2.),.UNSPECIFIED.) CURVE() GEOMETRIC_REPRESENTATION_ITEM() RATIONAL_B_SPLINE_CURVE((1.,0.8299058094374039,1.,0.8299058094374039,1.)) REPRESENTATION_ITEM(''));
#2874=EDGE_CURVE('',#795,#785,#2873,.T.);
#2875=ORIENTED_EDGE('',*,*,#2874,.T.);
#2876=CARTESIAN_POINT('',(0.006249999999999983,0.004700000000000001,0.012));
#2877=DIRECTION('',(0.,0.,-1.));
#2878=VECTOR('',#2877,1.);
#2879=LINE('',#2876,#2878);
#2880=CARTESIAN_POINT('',(0.006249999999999983,0.004700000000000001,0.012));
#2881=VERTEX_POINT('',#2880);
#2882=EDGE_CURVE('',#2881,#785,#2879,.T.);
#2883=ORIENTED_EDGE('',*,*,#2882,.F.);
#2884=CARTESIAN_POINT('',(0.007997794079809703,0.00041248332746736047,0.012));
#2885=CARTESIAN_POINT('',(0.009199450759492616,0.0015874365253795483,0.012));
#2886=CARTESIAN_POINT('',(0.008565036898337862,0.003143718262689781,0.012));
#2887=CARTESIAN_POINT('',(0.00793062303718311,0.004700000000000015,0.012));
#2888=CARTESIAN_POINT('',(0.006249999999999983,0.004700000000000001,0.012));
#2889=(BOUNDED_CURVE() B_SPLINE_CURVE(2,(#2884,#2885,#2886,#2887,#2888),.UNSPECIFIED.,.F.,.F.) B_SPLINE_CURVE_WITH_KNOTS((3,2,3),(0.,1.,2.),.UNSPECIFIED.) CURVE() GEOMETRIC_REPRESENTATION_ITEM() RATIONAL_B_SPLINE_CURVE((1.,0.8299058094374039,1.,0.8299058094374039,1.)) REPRESENTATION_ITEM(''));
#2890=EDGE_CURVE('',#2845,#2881,#2889,.T.);
#2891=ORIENTED_EDGE('',*,*,#2890,.F.);
#2892=CARTESIAN_POINT('',(0.007997794079809703,0.00041248332746736047,0.012));
#2893=DIRECTION('',(0.,0.,-1.));
#2894=VECTOR('',#2893,1.);
#2895=LINE('',#2892,#2894);
#2896=EDGE_CURVE('',#2845,#795,#2895,.T.);
#2897=ORIENTED_EDGE('',*,*,#2896,.T.);
#2898=EDGE_LOOP('',(#2875,#2883,#2891,#2897));
#2899=FACE_OUTER_BOUND('',#2898,.T.);
#2900=ADVANCED_FACE('',(#2899),#2867,.T.);
#2901=CARTESIAN_POINT('',(0.006249999999999983,0.004700000000000001,0.012));
#2902=DIRECTION('',(6.938893903907258E-17,-1.,0.));
#2903=DIRECTION('',(1.,6.938893903907258E-17,0.));
#2904=AXIS2_PLACEMENT_3D('',#2901,#2902,#2903);
#2905=PLANE('',#2904);
#2906=CARTESIAN_POINT('',(0.006249999999999983,0.004700000000000001,0.012));
#2907=DIRECTION('',(0.,0.,-1.));
#2908=VECTOR('',#2907,1.);
#2909=LINE('',#2906,#2908);
#2910=EDGE_CURVE('',#2881,#785,#2909,.T.);
#2911=ORIENTED_EDGE('',*,*,#2910,.F.);
#2912=CARTESIAN_POINT('',(0.006249999999999983,0.004700000000000001,0.012));
#2913=DIRECTION('',(-1.,-6.938893903907257E-17,0.));
#2914=VECTOR('',#2913,1.);
#2915=LINE('',#2912,#2914);
#2916=CARTESIAN_POINT('',(-0.006249999999999966,0.004699999999999999,0.012));
#2917=VERTEX_POINT('',#2916);
#2918=EDGE_CURVE('',#2881,#2917,#2915,.T.);
#2919=ORIENTED_EDGE('',*,*,#2918,.T.);
#2920=CARTESIAN_POINT('',(-0.006249999999999966,0.004699999999999999,0.012));
#2921=DIRECTION('',(0.,0.,-1.));
#2922=VECTOR('',#2921,1.);
#2923=LINE('',#2920,#2922);
#2924=EDGE_CURVE('',#2917,#777,#2923,.T.);
#2925=ORIENTED_EDGE('',*,*,#2924,.T.);
#2926=CARTESIAN_POINT('',(0.006249999999999983,0.004700000000000001,0.0014999999999999996));
#2927=DIRECTION('',(-1.,-6.938893903907257E-17,0.));
#2928=VECTOR('',#2927,1.);
#2929=LINE('',#2926,#2928);
#2930=EDGE_CURVE('',#785,#777,#2929,.T.);
#2931=ORIENTED_EDGE('',*,*,#2930,.F.);
#2932=EDGE_LOOP('',(#2911,#2919,#2925,#2931));
#2933=FACE_OUTER_BOUND('',#2932,.T.);
#2934=ADVANCED_FACE('',(#2933),#2905,.F.);
#2935=CARTESIAN_POINT('',(-0.006249999999999997,0.0022000000000000006,0.012));
#2936=DIRECTION('',(0.,0.,-1.));
#2937=DIRECTION('',(-1.,0.,0.));
#2938=AXIS2_PLACEMENT_3D('',#2935,#2936,#2937);
#2939=CYLINDRICAL_SURFACE('',#2938,0.002499999999999999);
#2940=CARTESIAN_POINT('',(-0.006249999999999966,0.004699999999999999,0.0014999999999999996));
#2941=CARTESIAN_POINT('',(-0.007285533905932716,0.004700000000000013,0.0014999999999999996));
#2942=CARTESIAN_POINT('',(-0.00801776695296636,0.003967766952966374,0.0014999999999999996));
#2943=CARTESIAN_POINT('',(-0.00875,0.0032355339059327365,0.0014999999999999996));
#2944=CARTESIAN_POINT('',(-0.008749999999999996,0.002199999999999985,0.0014999999999999996));
#2945=(BOUNDED_CURVE() B_SPLINE_CURVE(2,(#2940,#2941,#2942,#2943,#2944),.UNSPECIFIED.,.F.,.F.) B_SPLINE_CURVE_WITH_KNOTS((3,2,3),(0.,1.,2.),.UNSPECIFIED.) CURVE() GEOMETRIC_REPRESENTATION_ITEM() RATIONAL_B_SPLINE_CURVE((1.,0.923879532511285,1.,0.923879532511285,1.)) REPRESENTATION_ITEM(''));
#2946=EDGE_CURVE('',#777,#767,#2945,.T.);
#2947=ORIENTED_EDGE('',*,*,#2946,.T.);
#2948=CARTESIAN_POINT('',(-0.008749999999999996,0.0021999999999999845,0.012));
#2949=DIRECTION('',(0.,0.,-1.));
#2950=VECTOR('',#2949,1.);
#2951=LINE('',#2948,#2950);
#2952=CARTESIAN_POINT('',(-0.008749999999999996,0.0021999999999999845,0.012));
#2953=VERTEX_POINT('',#2952);
#2954=EDGE_CURVE('',#2953,#767,#2951,.T.);
#2955=ORIENTED_EDGE('',*,*,#2954,.F.);
#2956=CARTESIAN_POINT('',(-0.006249999999999966,0.004699999999999999,0.012));
#2957=CARTESIAN_POINT('',(-0.007285533905932716,0.004700000000000013,0.012));
#2958=CARTESIAN_POINT('',(-0.00801776695296636,0.003967766952966374,0.012));
#2959=CARTESIAN_POINT('',(-0.00875,0.0032355339059327365,0.012));
#2960=CARTESIAN_POINT('',(-0.008749999999999996,0.0021999999999999845,0.012));
#2961=(BOUNDED_CURVE() B_SPLINE_CURVE(2,(#2956,#2957,#2958,#2959,#2960),.UNSPECIFIED.,.F.,.F.) B_SPLINE_CURVE_WITH_KNOTS((3,2,3),(0.,1.,2.),.UNSPECIFIED.) CURVE() GEOMETRIC_REPRESENTATION_ITEM() RATIONAL_B_SPLINE_CURVE((1.,0.923879532511285,1.,0.923879532511285,1.)) REPRESENTATION_ITEM(''));
#2962=EDGE_CURVE('',#2917,#2953,#2961,.T.);
#2963=ORIENTED_EDGE('',*,*,#2962,.F.);
#2964=CARTESIAN_POINT('',(-0.006249999999999966,0.004699999999999999,0.012));
#2965=DIRECTION('',(0.,0.,-1.));
#2966=VECTOR('',#2965,1.);
#2967=LINE('',#2964,#2966);
#2968=EDGE_CURVE('',#2917,#777,#2967,.T.);
#2969=ORIENTED_EDGE('',*,*,#2968,.T.);
#2970=EDGE_LOOP('',(#2947,#2955,#2963,#2969));
#2971=FACE_OUTER_BOUND('',#2970,.T.);
#2972=ADVANCED_FACE('',(#2971),#2939,.T.);
#2973=CARTESIAN_POINT('',(-0.008749999999999996,0.0021999999999999845,0.012));
#2974=DIRECTION('',(1.,0.,0.));
#2975=DIRECTION('',(0.,0.,-1.));
#2976=AXIS2_PLACEMENT_3D('',#2973,#2974,#2975);
#2977=PLANE('',#2976);
#2978=CARTESIAN_POINT('',(-0.008749999999999996,0.0021999999999999845,0.012));
#2979=DIRECTION('',(0.,0.,-1.));
#2980=VECTOR('',#2979,1.);
#2981=LINE('',#2978,#2980);
#2982=EDGE_CURVE('',#2953,#767,#2981,.T.);
#2983=ORIENTED_EDGE('',*,*,#2982,.F.);
#2984=CARTESIAN_POINT('',(-0.008749999999999996,0.0021999999999999845,0.012));
#2985=DIRECTION('',(0.,-1.,0.));
#2986=VECTOR('',#2985,1.);
#2987=LINE('',#2984,#2986);
#2988=CARTESIAN_POINT('',(-0.008749999999999996,-0.0021999999999999685,0.012));
#2989=VERTEX_POINT('',#2988);
#2990=EDGE_CURVE('',#2953,#2989,#2987,.T.);
#2991=ORIENTED_EDGE('',*,*,#2990,.T.);
#2992=CARTESIAN_POINT('',(-0.008749999999999996,-0.0021999999999999685,0.012));
#2993=DIRECTION('',(0.,0.,-1.));
#2994=VECTOR('',#2993,1.);
#2995=LINE('',#2992,#2994);
#2996=EDGE_CURVE('',#2989,#759,#2995,.T.);
#2997=ORIENTED_EDGE('',*,*,#2996,.T.);
#2998=CARTESIAN_POINT('',(-0.008749999999999996,0.0021999999999999845,0.0014999999999999996));
#2999=DIRECTION('',(0.,-1.,0.));
#3000=VECTOR('',#2999,1.);
#3001=LINE('',#2998,#3000);
#3002=EDGE_CURVE('',#767,#759,#3001,.T.);
#3003=ORIENTED_EDGE('',*,*,#3002,.F.);
#3004=EDGE_LOOP('',(#2983,#2991,#2997,#3003));
#3005=FACE_OUTER_BOUND('',#3004,.T.);
#3006=ADVANCED_FACE('',(#3005),#2977,.F.);
#3007=CARTESIAN_POINT('',(-0.006249999999999996,-0.0021999999999999997,0.012));
#3008=DIRECTION('',(0.,0.,-1.));
#3009=DIRECTION('',(-1.,0.,0.));
#3010=AXIS2_PLACEMENT_3D('',#3007,#3008,#3009);
#3011=CYLINDRICAL_SURFACE('',#3010,0.0025);
#3012=CARTESIAN_POINT('',(-0.008749999999999996,-0.0021999999999999997,0.0014999999999999996));
#3013=CARTESIAN_POINT('',(-0.008749999999999996,-0.003235533905932742,0.0014999999999999996));
#3014=CARTESIAN_POINT('',(-0.00801776695296636,-0.003967766952966374,0.0014999999999999996));
#3015=CARTESIAN_POINT('',(-0.007285533905932722,-0.004700000000000006,0.0014999999999999996));
#3016=CARTESIAN_POINT('',(-0.006249999999999978,-0.0047,0.0014999999999999996));
#3017=(BOUNDED_CURVE() B_SPLINE_CURVE(2,(#3012,#3013,#3014,#3015,#3016),.UNSPECIFIED.,.F.,.F.) B_SPLINE_CURVE_WITH_KNOTS((3,2,3),(0.,1.,2.),.UNSPECIFIED.) CURVE() GEOMETRIC_REPRESENTATION_ITEM() RATIONAL_B_SPLINE_CURVE((1.,0.9238795325112861,1.,0.9238795325112861,1.)) REPRESENTATION_ITEM(''));
#3018=EDGE_CURVE('',#759,#749,#3017,.T.);
#3019=ORIENTED_EDGE('',*,*,#3018,.T.);
#3020=CARTESIAN_POINT('',(-0.006249999999999978,-0.0047,0.012));
#3021=DIRECTION('',(0.,0.,-1.));
#3022=VECTOR('',#3021,1.);
#3023=LINE('',#3020,#3022);
#3024=CARTESIAN_POINT('',(-0.006249999999999978,-0.0047,0.012));
#3025=VERTEX_POINT('',#3024);
#3026=EDGE_CURVE('',#3025,#749,#3023,.T.);
#3027=ORIENTED_EDGE('',*,*,#3026,.F.);
#3028=CARTESIAN_POINT('',(-0.008749999999999996,-0.0021999999999999685,0.012));
#3029=CARTESIAN_POINT('',(-0.00875000000000001,-0.0032355339059327204,0.012));
#3030=CARTESIAN_POINT('',(-0.00801776695296637,-0.003967766952966364,0.012));
#3031=CARTESIAN_POINT('',(-0.00728553390593273,-0.004700000000000007,0.012));
#3032=CARTESIAN_POINT('',(-0.006249999999999978,-0.0047,0.012));
#3033=(BOUNDED_CURVE() B_SPLINE_CURVE(2,(#3028,#3029,#3030,#3031,#3032),.UNSPECIFIED.,.F.,.F.) B_SPLINE_CURVE_WITH_KNOTS((3,2,3),(0.,1.,2.),.UNSPECIFIED.) CURVE() GEOMETRIC_REPRESENTATION_ITEM() RATIONAL_B_SPLINE_CURVE((1.,0.9238795325112849,1.,0.9238795325112849,1.)) REPRESENTATION_ITEM(''));
#3034=EDGE_CURVE('',#2989,#3025,#3033,.T.);
#3035=ORIENTED_EDGE('',*,*,#3034,.F.);
#3036=CARTESIAN_POINT('',(-0.008749999999999996,-0.0021999999999999685,0.012));
#3037=DIRECTION('',(0.,0.,-1.));
#3038=VECTOR('',#3037,1.);
#3039=LINE('',#3036,#3038);
#3040=EDGE_CURVE('',#2989,#759,#3039,.T.);
#3041=ORIENTED_EDGE('',*,*,#3040,.T.);
#3042=EDGE_LOOP('',(#3019,#3027,#3035,#3041));
#3043=FACE_OUTER_BOUND('',#3042,.T.);
#3044=ADVANCED_FACE('',(#3043),#3011,.T.);
#3045=CARTESIAN_POINT('',(-0.006249999999999978,-0.0047,0.012));
#3046=DIRECTION('',(0.,1.,0.));
#3047=DIRECTION('',(0.,0.,1.));
#3048=AXIS2_PLACEMENT_3D('',#3045,#3046,#3047);
#3049=PLANE('',#3048);
#3050=CARTESIAN_POINT('',(-0.006249999999999978,-0.0047,0.012));
#3051=DIRECTION('',(0.,0.,-1.));
#3052=VECTOR('',#3051,1.);
#3053=LINE('',#3050,#3052);
#3054=EDGE_CURVE('',#3025,#749,#3053,.T.);
#3055=ORIENTED_EDGE('',*,*,#3054,.F.);
#3056=CARTESIAN_POINT('',(-0.006249999999999978,-0.0047,0.012));
#3057=DIRECTION('',(1.,0.,0.));
#3058=VECTOR('',#3057,1.);
#3059=LINE('',#3056,#3058);
#3060=EDGE_CURVE('',#3025,#2817,#3059,.T.);
#3061=ORIENTED_EDGE('',*,*,#3060,.T.);
#3062=CARTESIAN_POINT('',(0.0017500000000000013,-0.0047,0.012));
#3063=DIRECTION('',(0.,0.,-1.));
#3064=VECTOR('',#3063,1.);
#3065=LINE('',#3062,#3064);
#3066=EDGE_CURVE('',#739,#2817,#3065,.T.);
#3067=ORIENTED_EDGE('',*,*,#3066,.F.);
#3068=CARTESIAN_POINT('',(-0.006249999999999978,-0.0047,0.0014999999999999996));
#3069=DIRECTION('',(1.,0.,0.));
#3070=VECTOR('',#3069,1.);
#3071=LINE('',#3068,#3070);
#3072=EDGE_CURVE('',#749,#739,#3071,.T.);
#3073=ORIENTED_EDGE('',*,*,#3072,.F.);
#3074=EDGE_LOOP('',(#3055,#3061,#3067,#3073));
#3075=FACE_OUTER_BOUND('',#3074,.T.);
#3076=ADVANCED_FACE('',(#3075),#3049,.F.);
#3077=CARTESIAN_POINT('',(0.001750000000000012,-0.0021999999999999997,0.012));
#3078=DIRECTION('',(0.,0.,1.));
#3079=DIRECTION('',(1.,0.,0.));
#3080=AXIS2_PLACEMENT_3D('',#3077,#3078,#3079);
#3081=PLANE('',#3080);
#3082=CARTESIAN_POINT('',(0.006250000000001003,0.0022000000000000023,0.012));
#3083=DIRECTION('',(0.,0.,1.));
#3084=DIRECTION('',(1.,0.,0.));
#3085=AXIS2_PLACEMENT_3D('',#3082,#3083,#3084);
#3086=CIRCLE('',#3085,0.00175);
#3087=CARTESIAN_POINT('',(0.008000000000001003,0.0022000000000000023,0.012));
#3088=VERTEX_POINT('',#3087);
#3089=EDGE_CURVE('',#3088,#3088,#3086,.T.);
#3090=ORIENTED_EDGE('',*,*,#3089,.F.);
#3091=EDGE_LOOP('',(#3090));
#3092=FACE_OUTER_BOUND('',#3091,.T.);
#3093=CARTESIAN_POINT('',(0.0020833333333340025,-0.0019666666666999988,0.012));
#3094=DIRECTION('',(0.,0.,1.));
#3095=DIRECTION('',(1.,0.,0.));
#3096=AXIS2_PLACEMENT_3D('',#3093,#3094,#3095);
#3097=CIRCLE('',#3096,0.00175);
#3098=CARTESIAN_POINT('',(0.0038333333333340023,-0.0019666666666999988,0.012));
#3099=VERTEX_POINT('',#3098);
#3100=EDGE_CURVE('',#3099,#3099,#3097,.T.);
#3101=ORIENTED_EDGE('',*,*,#3100,.F.);
#3102=EDGE_LOOP('',(#3101));
#3103=FACE_BOUND('',#3102,.T.);
#3104=CARTESIAN_POINT('',(0.0020833333333340025,0.002200000000000002,0.012));
#3105=DIRECTION('',(0.,0.,1.));
#3106=DIRECTION('',(1.,0.,0.));
#3107=AXIS2_PLACEMENT_3D('',#3104,#3105,#3106);
#3108=CIRCLE('',#3107,0.00175);
#3109=CARTESIAN_POINT('',(0.0038333333333340023,0.002200000000000002,0.012));
#3110=VERTEX_POINT('',#3109);
#3111=EDGE_CURVE('',#3110,#3110,#3108,.T.);
#3112=ORIENTED_EDGE('',*,*,#3111,.F.);
#3113=EDGE_LOOP('',(#3112));
#3114=FACE_BOUND('',#3113,.T.);
#3115=CARTESIAN_POINT('',(-0.002083333333332997,-0.0019666666666999988,0.012));
#3116=DIRECTION('',(0.,0.,1.));
#3117=DIRECTION('',(1.,0.,0.));
#3118=AXIS2_PLACEMENT_3D('',#3115,#3116,#3117);
#3119=CIRCLE('',#3118,0.00175);
#3120=CARTESIAN_POINT('',(-0.00033333333333299717,-0.0019666666666999988,0.012));
#3121=VERTEX_POINT('',#3120);
#3122=EDGE_CURVE('',#3121,#3121,#3119,.T.);
#3123=ORIENTED_EDGE('',*,*,#3122,.F.);
#3124=EDGE_LOOP('',(#3123));
#3125=FACE_BOUND('',#3124,.T.);
#3126=CARTESIAN_POINT('',(-0.002083333333332997,0.002200000000000001,0.012));
#3127=DIRECTION('',(0.,0.,1.));
#3128=DIRECTION('',(1.,0.,0.));
#3129=AXIS2_PLACEMENT_3D('',#3126,#3127,#3128);
#3130=CIRCLE('',#3129,0.00175);
#3131=CARTESIAN_POINT('',(-0.00033333333333299717,0.002200000000000001,0.012));
#3132=VERTEX_POINT('',#3131);
#3133=EDGE_CURVE('',#3132,#3132,#3130,.T.);
#3134=ORIENTED_EDGE('',*,*,#3133,.F.);
#3135=EDGE_LOOP('',(#3134));
#3136=FACE_BOUND('',#3135,.T.);
#3137=CARTESIAN_POINT('',(-0.006249999999999997,-0.0019666666666999996,0.012));
#3138=DIRECTION('',(0.,0.,1.));
#3139=DIRECTION('',(1.,0.,0.));
#3140=AXIS2_PLACEMENT_3D('',#3137,#3138,#3139);
#3141=CIRCLE('',#3140,0.00175);
#3142=CARTESIAN_POINT('',(-0.004499999999999997,-0.0019666666666999996,0.012));
#3143=VERTEX_POINT('',#3142);
#3144=EDGE_CURVE('',#3143,#3143,#3141,.T.);
#3145=ORIENTED_EDGE('',*,*,#3144,.F.);
#3146=EDGE_LOOP('',(#3145));
#3147=FACE_BOUND('',#3146,.T.);
#3148=CARTESIAN_POINT('',(-0.006249999999999997,0.0022000000000000006,0.012));
#3149=DIRECTION('',(0.,0.,1.));
#3150=DIRECTION('',(1.,0.,0.));
#3151=AXIS2_PLACEMENT_3D('',#3148,#3149,#3150);
#3152=CIRCLE('',#3151,0.00175);
#3153=CARTESIAN_POINT('',(-0.004499999999999997,0.0022000000000000006,0.012));
#3154=VERTEX_POINT('',#3153);
#3155=EDGE_CURVE('',#3154,#3154,#3152,.T.);
#3156=ORIENTED_EDGE('',*,*,#3155,.F.);
#3157=EDGE_LOOP('',(#3156));
#3158=FACE_BOUND('',#3157,.T.);
#3159=CARTESIAN_POINT('',(0.0017500000000000013,-0.0047,0.012));
#3160=CARTESIAN_POINT('',(0.0027691179494453693,-0.0047000000000000045,0.012));
#3161=CARTESIAN_POINT('',(0.0034977940798097172,-0.0039875166725326355,0.012));
#3162=(BOUNDED_CURVE() B_SPLINE_CURVE(2,(#3159,#3160,#3161),.UNSPECIFIED.,.F.,.F.) B_SPLINE_CURVE_WITH_KNOTS((3,3),(0.,1.),.UNSPECIFIED.) CURVE() GEOMETRIC_REPRESENTATION_ITEM() RATIONAL_B_SPLINE_CURVE((1.,0.9260147593351445,1.)) REPRESENTATION_ITEM(''));
#3163=EDGE_CURVE('',#2817,#2809,#3162,.T.);
#3164=ORIENTED_EDGE('',*,*,#3163,.T.);
#3165=CARTESIAN_POINT('',(0.0034977940798097172,-0.0039875166725326355,0.012));
#3166=DIRECTION('',(0.715006669013057,0.6991176319238794,0.));
#3167=VECTOR('',#3166,1.);
#3168=LINE('',#3165,#3167);
#3169=EDGE_CURVE('',#2809,#2845,#3168,.T.);
#3170=ORIENTED_EDGE('',*,*,#3169,.T.);
#3171=CARTESIAN_POINT('',(0.007997794079809703,0.00041248332746736047,0.012));
#3172=CARTESIAN_POINT('',(0.009199450759492616,0.0015874365253795483,0.012));
#3173=CARTESIAN_POINT('',(0.008565036898337862,0.003143718262689781,0.012));
#3174=CARTESIAN_POINT('',(0.00793062303718311,0.004700000000000015,0.012));
#3175=CARTESIAN_POINT('',(0.006249999999999983,0.004700000000000001,0.012));
#3176=(BOUNDED_CURVE() B_SPLINE_CURVE(2,(#3171,#3172,#3173,#3174,#3175),.UNSPECIFIED.,.F.,.F.) B_SPLINE_CURVE_WITH_KNOTS((3,2,3),(0.,1.,2.),.UNSPECIFIED.) CURVE() GEOMETRIC_REPRESENTATION_ITEM() RATIONAL_B_SPLINE_CURVE((1.,0.8299058094374039,1.,0.8299058094374039,1.)) REPRESENTATION_ITEM(''));
#3177=EDGE_CURVE('',#2845,#2881,#3176,.T.);
#3178=ORIENTED_EDGE('',*,*,#3177,.T.);
#3179=CARTESIAN_POINT('',(0.006249999999999983,0.004700000000000001,0.012));
#3180=DIRECTION('',(-1.,-6.938893903907257E-17,0.));
#3181=VECTOR('',#3180,1.);
#3182=LINE('',#3179,#3181);
#3183=EDGE_CURVE('',#2881,#2917,#3182,.T.);
#3184=ORIENTED_EDGE('',*,*,#3183,.T.);
#3185=CARTESIAN_POINT('',(-0.006249999999999966,0.004699999999999999,0.012));
#3186=CARTESIAN_POINT('',(-0.007285533905932716,0.004700000000000013,0.012));
#3187=CARTESIAN_POINT('',(-0.00801776695296636,0.003967766952966374,0.012));
#3188=CARTESIAN_POINT('',(-0.00875,0.0032355339059327365,0.012));
#3189=CARTESIAN_POINT('',(-0.008749999999999996,0.0021999999999999845,0.012));
#3190=(BOUNDED_CURVE() B_SPLINE_CURVE(2,(#3185,#3186,#3187,#3188,#3189),.UNSPECIFIED.,.F.,.F.) B_SPLINE_CURVE_WITH_KNOTS((3,2,3),(0.,1.,2.),.UNSPECIFIED.) CURVE() GEOMETRIC_REPRESENTATION_ITEM() RATIONAL_B_SPLINE_CURVE((1.,0.923879532511285,1.,0.923879532511285,1.)) REPRESENTATION_ITEM(''));
#3191=EDGE_CURVE('',#2917,#2953,#3190,.T.);
#3192=ORIENTED_EDGE('',*,*,#3191,.T.);
#3193=CARTESIAN_POINT('',(-0.008749999999999996,0.0021999999999999845,0.012));
#3194=DIRECTION('',(0.,-1.,0.));
#3195=VECTOR('',#3194,1.);
#3196=LINE('',#3193,#3195);
#3197=EDGE_CURVE('',#2953,#2989,#3196,.T.);
#3198=ORIENTED_EDGE('',*,*,#3197,.T.);
#3199=CARTESIAN_POINT('',(-0.008749999999999996,-0.0021999999999999685,0.012));
#3200=CARTESIAN_POINT('',(-0.00875000000000001,-0.0032355339059327204,0.012));
#3201=CARTESIAN_POINT('',(-0.00801776695296637,-0.003967766952966364,0.012));
#3202=CARTESIAN_POINT('',(-0.00728553390593273,-0.004700000000000007,0.012));
#3203=CARTESIAN_POINT('',(-0.006249999999999978,-0.0047,0.012));
#3204=(BOUNDED_CURVE() B_SPLINE_CURVE(2,(#3199,#3200,#3201,#3202,#3203),.UNSPECIFIED.,.F.,.F.) B_SPLINE_CURVE_WITH_KNOTS((3,2,3),(0.,1.,2.),.UNSPECIFIED.) CURVE() GEOMETRIC_REPRESENTATION_ITEM() RATIONAL_B_SPLINE_CURVE((1.,0.9238795325112849,1.,0.9238795325112849,1.)) REPRESENTATION_ITEM(''));
#3205=EDGE_CURVE('',#2989,#3025,#3204,.T.);
#3206=ORIENTED_EDGE('',*,*,#3205,.T.);
#3207=CARTESIAN_POINT('',(-0.006249999999999978,-0.0047,0.012));
#3208=DIRECTION('',(1.,0.,0.));
#3209=VECTOR('',#3208,1.);
#3210=LINE('',#3207,#3209);
#3211=EDGE_CURVE('',#3025,#2817,#3210,.T.);
#3212=ORIENTED_EDGE('',*,*,#3211,.T.);
#3213=EDGE_LOOP('',(#3164,#3170,#3178,#3184,#3192,#3198,#3206,#3212));
#3214=FACE_BOUND('',#3213,.T.);
#3215=ADVANCED_FACE('',(#3092,#3103,#3114,#3125,#3136,#3147,#3158,#3214),#3081,.T.);
#3216=CARTESIAN_POINT('',(-0.006249999999999997,0.0022000000000000006,0.002));
#3217=DIRECTION('',(0.,0.,1.));
#3218=DIRECTION('',(1.,0.,0.));
#3219=AXIS2_PLACEMENT_3D('',#3216,#3217,#3218);
#3220=CYLINDRICAL_SURFACE('',#3219,0.00175);
#3221=CARTESIAN_POINT('',(-0.006249999999999997,0.0022000000000000006,0.002));
#3222=DIRECTION('',(0.,0.,1.));
#3223=DIRECTION('',(1.,0.,0.));
#3224=AXIS2_PLACEMENT_3D('',#3221,#3222,#3223);
#3225=CIRCLE('',#3224,0.00175);
#3226=EDGE_CURVE('',#640,#640,#3225,.T.);
#3227=ORIENTED_EDGE('',*,*,#3226,.F.);
#3228=EDGE_LOOP('',(#3227));
#3229=FACE_OUTER_BOUND('',#3228,.T.);
#3230=CARTESIAN_POINT('',(-0.006249999999999997,0.0022000000000000006,0.012));
#3231=DIRECTION('',(0.,0.,1.));
#3232=DIRECTION('',(1.,0.,0.));
#3233=AXIS2_PLACEMENT_3D('',#3230,#3231,#3232);
#3234=CIRCLE('',#3233,0.00175);
#3235=EDGE_CURVE('',#3154,#3154,#3234,.T.);
#3236=ORIENTED_EDGE('',*,*,#3235,.T.);
#3237=EDGE_LOOP('',(#3236));
#3238=FACE_BOUND('',#3237,.T.);
#3239=ADVANCED_FACE('',(#3229,#3238),#3220,.F.);
#3240=CARTESIAN_POINT('',(-0.006249999999999997,0.0022000000000000006,0.0115));
#3241=DIRECTION('',(0.,0.,-1.));
#3242=DIRECTION('',(-1.,0.,0.));
#3243=AXIS2_PLACEMENT_3D('',#3240,#3241,#3242);
#3244=CYLINDRICAL_SURFACE('',#3243,0.0005000000000000007);
#3245=CARTESIAN_POINT('',(-0.006249999999999997,0.0022000000000000006,0.0111));
#3246=DIRECTION('',(0.,0.,-1.));
#3247=DIRECTION('',(1.,0.,0.));
#3248=AXIS2_PLACEMENT_3D('',#3245,#3246,#3247);
#3249=CIRCLE('',#3248,0.0005000000000000007);
#3250=CARTESIAN_POINT('',(-0.005749999999999996,0.0022000000000000006,0.0111));
#3251=VERTEX_POINT('',#3250);
#3252=EDGE_CURVE('',#3251,#3251,#3249,.T.);
#3253=ORIENTED_EDGE('',*,*,#3252,.T.);
#3254=EDGE_LOOP('',(#3253));
#3255=FACE_OUTER_BOUND('',#3254,.T.);
#3256=CARTESIAN_POINT('',(-0.006249999999999997,0.0022000000000000006,0.002));
#3257=DIRECTION('',(0.,0.,1.));
#3258=DIRECTION('',(1.,0.,0.));
#3259=AXIS2_PLACEMENT_3D('',#3256,#3257,#3258);
#3260=CIRCLE('',#3259,0.0005000000000000007);
#3261=EDGE_CURVE('',#651,#651,#3260,.T.);
#3262=ORIENTED_EDGE('',*,*,#3261,.T.);
#3263=EDGE_LOOP('',(#3262));
#3264=FACE_BOUND('',#3263,.T.);
#3265=ADVANCED_FACE('',(#3255,#3264),#3244,.T.);
#3266=CARTESIAN_POINT('',(-0.006249999999999997,0.0022000000000000006,0.0115));
#3267=DIRECTION('',(0.,0.,1.));
#3268=DIRECTION('',(1.,0.,0.));
#3269=AXIS2_PLACEMENT_3D('',#3266,#3267,#3268);
#3270=PLANE('',#3269);
#3271=CARTESIAN_POINT('',(-0.006249999999999997,0.0022000000000000006,0.0115));
#3272=DIRECTION('',(0.,0.,1.));
#3273=DIRECTION('',(1.,0.,0.));
#3274=AXIS2_PLACEMENT_3D('',#3271,#3272,#3273);
#3275=CIRCLE('',#3274,0.00010000000000000064);
#3276=CARTESIAN_POINT('',(-0.006149999999999997,0.0022000000000000006,0.0115));
#3277=VERTEX_POINT('',#3276);
#3278=EDGE_CURVE('',#3277,#3277,#3275,.T.);
#3279=ORIENTED_EDGE('',*,*,#3278,.T.);
#3280=EDGE_LOOP('',(#3279));
#3281=FACE_OUTER_BOUND('',#3280,.T.);
#3282=ADVANCED_FACE('',(#3281),#3270,.T.);
#3283=CARTESIAN_POINT('',(-0.006249999999999997,-0.0019666666666999996,0.002));
#3284=DIRECTION('',(0.,0.,1.));
#3285=DIRECTION('',(1.,0.,0.));
#3286=AXIS2_PLACEMENT_3D('',#3283,#3284,#3285);
#3287=CYLINDRICAL_SURFACE('',#3286,0.00175);
#3288=CARTESIAN_POINT('',(-0.006249999999999997,-0.0019666666666999996,0.002));
#3289=DIRECTION('',(0.,0.,1.));
#3290=DIRECTION('',(1.,0.,0.));
#3291=AXIS2_PLACEMENT_3D('',#3288,#3289,#3290);
#3292=CIRCLE('',#3291,0.00175);
#3293=EDGE_CURVE('',#171,#171,#3292,.T.);
#3294=ORIENTED_EDGE('',*,*,#3293,.F.);
#3295=EDGE_LOOP('',(#3294));
#3296=FACE_OUTER_BOUND('',#3295,.T.);
#3297=CARTESIAN_POINT('',(-0.006249999999999997,-0.0019666666666999996,0.012));
#3298=DIRECTION('',(0.,0.,1.));
#3299=DIRECTION('',(1.,0.,0.));
#3300=AXIS2_PLACEMENT_3D('',#3297,#3298,#3299);
#3301=CIRCLE('',#3300,0.00175);
#3302=EDGE_CURVE('',#3143,#3143,#3301,.T.);
#3303=ORIENTED_EDGE('',*,*,#3302,.T.);
#3304=EDGE_LOOP('',(#3303));
#3305=FACE_BOUND('',#3304,.T.);
#3306=ADVANCED_FACE('',(#3296,#3305),#3287,.F.);
#3307=CARTESIAN_POINT('',(-0.002083333333332997,0.002200000000000001,0.002));
#3308=DIRECTION('',(0.,0.,1.));
#3309=DIRECTION('',(1.,0.,0.));
#3310=AXIS2_PLACEMENT_3D('',#3307,#3308,#3309);
#3311=CYLINDRICAL_SURFACE('',#3310,0.00175);
#3312=CARTESIAN_POINT('',(-0.002083333333332997,0.002200000000000001,0.002));
#3313=DIRECTION('',(0.,0.,1.));
#3314=DIRECTION('',(1.,0.,0.));
#3315=AXIS2_PLACEMENT_3D('',#3312,#3313,#3314);
#3316=CIRCLE('',#3315,0.00175);
#3317=EDGE_CURVE('',#143,#143,#3316,.T.);
#3318=ORIENTED_EDGE('',*,*,#3317,.F.);
#3319=EDGE_LOOP('',(#3318));
#3320=FACE_OUTER_BOUND('',#3319,.T.);
#3321=CARTESIAN_POINT('',(-0.002083333333332997,0.002200000000000001,0.012));
#3322=DIRECTION('',(0.,0.,1.));
#3323=DIRECTION('',(1.,0.,0.));
#3324=AXIS2_PLACEMENT_3D('',#3321,#3322,#3323);
#3325=CIRCLE('',#3324,0.00175);
#3326=EDGE_CURVE('',#3132,#3132,#3325,.T.);
#3327=ORIENTED_EDGE('',*,*,#3326,.T.);
#3328=EDGE_LOOP('',(#3327));
#3329=FACE_BOUND('',#3328,.T.);
#3330=ADVANCED_FACE('',(#3320,#3329),#3311,.F.);
#3331=CARTESIAN_POINT('',(-0.002083333333332997,-0.0019666666666999988,0.002));
#3332=DIRECTION('',(0.,0.,1.));
#3333=DIRECTION('',(1.,0.,0.));
#3334=AXIS2_PLACEMENT_3D('',#3331,#3332,#3333);
#3335=CYLINDRICAL_SURFACE('',#3334,0.00175);
#3336=CARTESIAN_POINT('',(-0.002083333333332997,-0.0019666666666999988,0.002));
#3337=DIRECTION('',(0.,0.,1.));
#3338=DIRECTION('',(1.,0.,0.));
#3339=AXIS2_PLACEMENT_3D('',#3336,#3337,#3338);
#3340=CIRCLE('',#3339,0.00175);
#3341=EDGE_CURVE('',#115,#115,#3340,.T.);
#3342=ORIENTED_EDGE('',*,*,#3341,.F.);
#3343=EDGE_LOOP('',(#3342));
#3344=FACE_OUTER_BOUND('',#3343,.T.);
#3345=CARTESIAN_POINT('',(-0.002083333333332997,-0.0019666666666999988,0.012));
#3346=DIRECTION('',(0.,0.,1.));
#3347=DIRECTION('',(1.,0.,0.));
#3348=AXIS2_PLACEMENT_3D('',#3345,#3346,#3347);
#3349=CIRCLE('',#3348,0.00175);
#3350=EDGE_CURVE('',#3121,#3121,#3349,.T.);
#3351=ORIENTED_EDGE('',*,*,#3350,.T.);
#3352=EDGE_LOOP('',(#3351));
#3353=FACE_BOUND('',#3352,.T.);
#3354=ADVANCED_FACE('',(#3344,#3353),#3335,.F.);
#3355=CARTESIAN_POINT('',(0.0020833333333340025,0.002200000000000002,0.002));
#3356=DIRECTION('',(0.,0.,1.));
#3357=DIRECTION('',(1.,0.,0.));
#3358=AXIS2_PLACEMENT_3D('',#3355,#3356,#3357);
#3359=CYLINDRICAL_SURFACE('',#3358,0.00175);
#3360=CARTESIAN_POINT('',(0.0020833333333340025,0.002200000000000002,0.002));
#3361=DIRECTION('',(0.,0.,1.));
#3362=DIRECTION('',(1.,0.,0.));
#3363=AXIS2_PLACEMENT_3D('',#3360,#3361,#3362);
#3364=CIRCLE('',#3363,0.00175);
#3365=EDGE_CURVE('',#87,#87,#3364,.T.);
#3366=ORIENTED_EDGE('',*,*,#3365,.F.);
#3367=EDGE_LOOP('',(#3366));
#3368=FACE_OUTER_BOUND('',#3367,.T.);
#3369=CARTESIAN_POINT('',(0.0020833333333340025,0.002200000000000002,0.012));
#3370=DIRECTION('',(0.,0.,1.));
#3371=DIRECTION('',(1.,0.,0.));
#3372=AXIS2_PLACEMENT_3D('',#3369,#3370,#3371);
#3373=CIRCLE('',#3372,0.00175);
#3374=EDGE_CURVE('',#3110,#3110,#3373,.T.);
#3375=ORIENTED_EDGE('',*,*,#3374,.T.);
#3376=EDGE_LOOP('',(#3375));
#3377=FACE_BOUND('',#3376,.T.);
#3378=ADVANCED_FACE('',(#3368,#3377),#3359,.F.);
#3379=CARTESIAN_POINT('',(0.0020833333333340025,-0.0019666666666999988,0.002));
#3380=DIRECTION('',(0.,0.,1.));
#3381=DIRECTION('',(1.,0.,0.));
#3382=AXIS2_PLACEMENT_3D('',#3379,#3380,#3381);
#3383=CYLINDRICAL_SURFACE('',#3382,0.00175);
#3384=CARTESIAN_POINT('',(0.0020833333333340025,-0.0019666666666999988,0.002));
#3385=DIRECTION('',(0.,0.,1.));
#3386=DIRECTION('',(1.,0.,0.));
#3387=AXIS2_PLACEMENT_3D('',#3384,#3385,#3386);
#3388=CIRCLE('',#3387,0.00175);
#3389=EDGE_CURVE('',#59,#59,#3388,.T.);
#3390=ORIENTED_EDGE('',*,*,#3389,.F.);
#3391=EDGE_LOOP('',(#3390));
#3392=FACE_OUTER_BOUND('',#3391,.T.);
#3393=CARTESIAN_POINT('',(0.0020833333333340025,-0.0019666666666999988,0.012));
#3394=DIRECTION('',(0.,0.,1.));
#3395=DIRECTION('',(1.,0.,0.));
#3396=AXIS2_PLACEMENT_3D('',#3393,#3394,#3395);
#3397=CIRCLE('',#3396,0.00175);
#3398=EDGE_CURVE('',#3099,#3099,#3397,.T.);
#3399=ORIENTED_EDGE('',*,*,#3398,.T.);
#3400=EDGE_LOOP('',(#3399));
#3401=FACE_BOUND('',#3400,.T.);
#3402=ADVANCED_FACE('',(#3392,#3401),#3383,.F.);
#3403=CARTESIAN_POINT('',(0.006250000000001003,0.0022000000000000023,0.002));
#3404=DIRECTION('',(0.,0.,1.));
#3405=DIRECTION('',(1.,0.,0.));
#3406=AXIS2_PLACEMENT_3D('',#3403,#3404,#3405);
#3407=CYLINDRICAL_SURFACE('',#3406,0.00175);
#3408=CARTESIAN_POINT('',(0.006250000000001003,0.0022000000000000023,0.002));
#3409=DIRECTION('',(0.,0.,1.));
#3410=DIRECTION('',(1.,0.,0.));
#3411=AXIS2_PLACEMENT_3D('',#3408,#3409,#3410);
#3412=CIRCLE('',#3411,0.00175);
#3413=EDGE_CURVE('',#31,#31,#3412,.T.);
#3414=ORIENTED_EDGE('',*,*,#3413,.F.);
#3415=EDGE_LOOP('',(#3414));
#3416=FACE_OUTER_BOUND('',#3415,.T.);
#3417=CARTESIAN_POINT('',(0.006250000000001003,0.0022000000000000023,0.012));
#3418=DIRECTION('',(0.,0.,1.));
#3419=DIRECTION('',(1.,0.,0.));
#3420=AXIS2_PLACEMENT_3D('',#3417,#3418,#3419);
#3421=CIRCLE('',#3420,0.00175);
#3422=EDGE_CURVE('',#3088,#3088,#3421,.T.);
#3423=ORIENTED_EDGE('',*,*,#3422,.T.);
#3424=EDGE_LOOP('',(#3423));
#3425=FACE_BOUND('',#3424,.T.);
#3426=ADVANCED_FACE('',(#3416,#3425),#3407,.F.);
#3427=CARTESIAN_POINT('',(0.008,0.0039,-0.00675));
#3428=DIRECTION('',(-1.,0.,0.));
#3429=DIRECTION('',(0.,0.,1.));
#3430=AXIS2_PLACEMENT_3D('',#3427,#3428,#3429);
#3431=PLANE('',#3430);
#3432=CARTESIAN_POINT('',(0.008,-9.62964972193618E-35,-0.00675));
#3433=DIRECTION('',(0.,0.,1.));
#3434=VECTOR('',#3433,1.);
#3435=LINE('',#3432,#3434);
#3436=EDGE_CURVE('',#269,#277,#3435,.T.);
#3437=ORIENTED_EDGE('',*,*,#3436,.F.);
#3438=CARTESIAN_POINT('',(0.008,0.0039,0.));
#3439=DIRECTION('',(0.,-1.,0.));
#3440=VECTOR('',#3439,1.);
#3441=LINE('',#3438,#3440);
#3442=EDGE_CURVE('',#601,#269,#3441,.T.);
#3443=ORIENTED_EDGE('',*,*,#3442,.F.);
#3444=CARTESIAN_POINT('',(0.008,0.0018999999999999998,-0.00675));
#3445=DIRECTION('',(0.,0.,1.));
#3446=VECTOR('',#3445,1.);
#3447=LINE('',#3444,#3446);
#3448=CARTESIAN_POINT('',(0.008,0.0018999999999999998,-0.00675));
#3449=VERTEX_POINT('',#3448);
#3450=EDGE_CURVE('',#601,#3449,#3447,.T.);
#3451=ORIENTED_EDGE('',*,*,#3450,.T.);
#3452=CARTESIAN_POINT('',(0.008,0.0039,-0.00675));
#3453=DIRECTION('',(0.,-1.,0.));
#3454=VECTOR('',#3453,1.);
#3455=LINE('',#3452,#3454);
#3456=EDGE_CURVE('',#3449,#277,#3455,.T.);
#3457=ORIENTED_EDGE('',*,*,#3456,.T.);
#3458=EDGE_LOOP('',(#3437,#3443,#3451,#3457));
#3459=FACE_OUTER_BOUND('',#3458,.T.);
#3460=ADVANCED_FACE('',(#3459),#3431,.F.);
#3461=CARTESIAN_POINT('',(-0.008,0.0039,-0.00675));
#3462=DIRECTION('',(1.,0.,0.));
#3463=DIRECTION('',(0.,0.,-1.));
#3464=AXIS2_PLACEMENT_3D('',#3461,#3462,#3463);
#3465=PLANE('',#3464);
#3466=CARTESIAN_POINT('',(-0.008,-9.62964972193618E-35,-0.00675));
#3467=DIRECTION('',(0.,0.,1.));
#3468=VECTOR('',#3467,1.);
#3469=LINE('',#3466,#3468);
#3470=EDGE_CURVE('',#237,#245,#3469,.T.);
#3471=ORIENTED_EDGE('',*,*,#3470,.F.);
#3472=CARTESIAN_POINT('',(-0.008,0.0039,-0.00675));
#3473=DIRECTION('',(0.,1.,0.));
#3474=VECTOR('',#3473,1.);
#3475=LINE('',#3472,#3474);
#3476=CARTESIAN_POINT('',(-0.008,0.0018999999999999998,-0.00675));
#3477=VERTEX_POINT('',#3476);
#3478=EDGE_CURVE('',#237,#3477,#3475,.T.);
#3479=ORIENTED_EDGE('',*,*,#3478,.T.);
#3480=CARTESIAN_POINT('',(-0.008,0.0018999999999999998,-0.00675));
#3481=DIRECTION('',(0.,0.,1.));
#3482=VECTOR('',#3481,1.);
#3483=LINE('',#3480,#3482);
#3484=EDGE_CURVE('',#3477,#563,#3483,.T.);
#3485=ORIENTED_EDGE('',*,*,#3484,.T.);
#3486=CARTESIAN_POINT('',(-0.008,0.0039,0.));
#3487=DIRECTION('',(0.,1.,0.));
#3488=VECTOR('',#3487,1.);
#3489=LINE('',#3486,#3488);
#3490=EDGE_CURVE('',#461,#563,#3489,.T.);
#3491=ORIENTED_EDGE('',*,*,#3490,.F.);
#3492=CARTESIAN_POINT('',(-0.008,-0.002420000000000001,-0.00675));
#3493=DIRECTION('',(0.,0.,1.));
#3494=VECTOR('',#3493,1.);
#3495=LINE('',#3492,#3494);
#3496=EDGE_CURVE('',#469,#461,#3495,.T.);
#3497=ORIENTED_EDGE('',*,*,#3496,.F.);
#3498=CARTESIAN_POINT('',(-0.008,-9.62964972193618E-35,-0.004));
#3499=DIRECTION('',(0.,1.,0.));
#3500=VECTOR('',#3499,1.);
#3501=LINE('',#3498,#3500);
#3502=EDGE_CURVE('',#469,#245,#3501,.T.);
#3503=ORIENTED_EDGE('',*,*,#3502,.T.);
#3504=EDGE_LOOP('',(#3471,#3479,#3485,#3491,#3497,#3503));
#3505=FACE_OUTER_BOUND('',#3504,.T.);
#3506=ADVANCED_FACE('',(#3505),#3465,.F.);
#3507=CARTESIAN_POINT('',(0.008,0.0039,-0.00675));
#3508=DIRECTION('',(0.,-1.,0.));
#3509=DIRECTION('',(0.,0.,-1.));
#3510=AXIS2_PLACEMENT_3D('',#3507,#3508,#3509);
#3511=PLANE('',#3510);
#3512=CARTESIAN_POINT('',(0.006,0.0039,-0.00675));
#3513=DIRECTION('',(0.,0.,1.));
#3514=VECTOR('',#3513,1.);
#3515=LINE('',#3512,#3514);
#3516=CARTESIAN_POINT('',(0.006,0.0039,-0.00675));
#3517=VERTEX_POINT('',#3516);
#3518=EDGE_CURVE('',#3517,#609,#3515,.T.);
#3519=ORIENTED_EDGE('',*,*,#3518,.T.);
#3520=CARTESIAN_POINT('',(0.008,0.0039,0.));
#3521=DIRECTION('',(1.,0.,0.));
#3522=VECTOR('',#3521,1.);
#3523=LINE('',#3520,#3522);
#3524=EDGE_CURVE('',#617,#609,#3523,.T.);
#3525=ORIENTED_EDGE('',*,*,#3524,.F.);
#3526=CARTESIAN_POINT('',(-0.006,0.0039,-0.00675));
#3527=DIRECTION('',(0.,0.,1.));
#3528=VECTOR('',#3527,1.);
#3529=LINE('',#3526,#3528);
#3530=CARTESIAN_POINT('',(-0.006,0.0039,-0.00675));
#3531=VERTEX_POINT('',#3530);
#3532=EDGE_CURVE('',#617,#3531,#3529,.T.);
#3533=ORIENTED_EDGE('',*,*,#3532,.T.);
#3534=CARTESIAN_POINT('',(0.008,0.0039,-0.00675));
#3535=DIRECTION('',(1.,0.,0.));
#3536=VECTOR('',#3535,1.);
#3537=LINE('',#3534,#3536);
#3538=EDGE_CURVE('',#3531,#3517,#3537,.T.);
#3539=ORIENTED_EDGE('',*,*,#3538,.T.);
#3540=EDGE_LOOP('',(#3519,#3525,#3533,#3539));
#3541=FACE_OUTER_BOUND('',#3540,.T.);
#3542=ADVANCED_FACE('',(#3541),#3511,.F.);
#3543=CARTESIAN_POINT('',(0.,0.,-0.00675));
#3544=DIRECTION('',(0.,0.,-1.));
#3545=DIRECTION('',(-1.,0.,0.));
#3546=AXIS2_PLACEMENT_3D('',#3543,#3544,#3545);
#3547=PLANE('',#3546);
#3548=CARTESIAN_POINT('',(-0.008,0.0039,-0.00675));
#3549=DIRECTION('',(0.,1.,0.));
#3550=VECTOR('',#3549,1.);
#3551=LINE('',#3548,#3550);
#3552=EDGE_CURVE('',#237,#3477,#3551,.T.);
#3553=ORIENTED_EDGE('',*,*,#3552,.T.);
#3554=CARTESIAN_POINT('',(-0.006,0.0039,-0.00675));
#3555=CARTESIAN_POINT('',(-0.008,0.0039,-0.00675));
#3556=CARTESIAN_POINT('',(-0.008,0.0018999999999999998,-0.00675));
#3557=(BOUNDED_CURVE() B_SPLINE_CURVE(2,(#3554,#3555,#3556),.UNSPECIFIED.,.F.,.F.) B_SPLINE_CURVE_WITH_KNOTS((3,3),(0.,1.),.UNSPECIFIED.) CURVE() GEOMETRIC_REPRESENTATION_ITEM() RATIONAL_B_SPLINE_CURVE((1.,0.7071067811865476,1.)) REPRESENTATION_ITEM(''));
#3558=EDGE_CURVE('',#3531,#3477,#3557,.T.);
#3559=ORIENTED_EDGE('',*,*,#3558,.F.);
#3560=CARTESIAN_POINT('',(0.008,0.0039,-0.00675));
#3561=DIRECTION('',(1.,0.,0.));
#3562=VECTOR('',#3561,1.);
#3563=LINE('',#3560,#3562);
#3564=EDGE_CURVE('',#3531,#3517,#3563,.T.);
#3565=ORIENTED_EDGE('',*,*,#3564,.T.);
#3566=CARTESIAN_POINT('',(0.008,0.0018999999999999998,-0.00675));
#3567=CARTESIAN_POINT('',(0.008,0.0039,-0.00675));
#3568=CARTESIAN_POINT('',(0.006,0.0039,-0.00675));
#3569=(BOUNDED_CURVE() B_SPLINE_CURVE(2,(#3566,#3567,#3568),.UNSPECIFIED.,.F.,.F.) B_SPLINE_CURVE_WITH_KNOTS((3,3),(0.,1.),.UNSPECIFIED.) CURVE() GEOMETRIC_REPRESENTATION_ITEM() RATIONAL_B_SPLINE_CURVE((1.,0.7071067811865476,1.)) REPRESENTATION_ITEM(''));
#3570=EDGE_CURVE('',#3449,#3517,#3569,.T.);
#3571=ORIENTED_EDGE('',*,*,#3570,.F.);
#3572=CARTESIAN_POINT('',(0.008,0.0039,-0.00675));
#3573=DIRECTION('',(0.,-1.,0.));
#3574=VECTOR('',#3573,1.);
#3575=LINE('',#3572,#3574);
#3576=EDGE_CURVE('',#3449,#277,#3575,.T.);
#3577=ORIENTED_EDGE('',*,*,#3576,.T.);
#3578=CARTESIAN_POINT('',(0.008,-9.62964972193618E-35,-0.00675));
#3579=DIRECTION('',(-1.,0.,0.));
#3580=VECTOR('',#3579,1.);
#3581=LINE('',#3578,#3580);
#3582=EDGE_CURVE('',#277,#285,#3581,.T.);
#3583=ORIENTED_EDGE('',*,*,#3582,.T.);
#3584=CARTESIAN_POINT('',(0.008,-9.62964972193618E-35,-0.00675));
#3585=DIRECTION('',(-1.,0.,0.));
#3586=VECTOR('',#3585,1.);
#3587=LINE('',#3584,#3586);
#3588=EDGE_CURVE('',#285,#199,#3587,.T.);
#3589=ORIENTED_EDGE('',*,*,#3588,.T.);
#3590=CARTESIAN_POINT('',(0.008,-9.62964972193618E-35,-0.00675));
#3591=DIRECTION('',(-1.,0.,0.));
#3592=VECTOR('',#3591,1.);
#3593=LINE('',#3590,#3592);
#3594=EDGE_CURVE('',#199,#207,#3593,.T.);
#3595=ORIENTED_EDGE('',*,*,#3594,.T.);
#3596=CARTESIAN_POINT('',(0.008,-9.62964972193618E-35,-0.00675));
#3597=DIRECTION('',(-1.,0.,0.));
#3598=VECTOR('',#3597,1.);
#3599=LINE('',#3596,#3598);
#3600=EDGE_CURVE('',#207,#222,#3599,.T.);
#3601=ORIENTED_EDGE('',*,*,#3600,.T.);
#3602=CARTESIAN_POINT('',(0.008,-9.62964972193618E-35,-0.00675));
#3603=DIRECTION('',(-1.,0.,0.));
#3604=VECTOR('',#3603,1.);
#3605=LINE('',#3602,#3604);
#3606=EDGE_CURVE('',#222,#237,#3605,.T.);
#3607=ORIENTED_EDGE('',*,*,#3606,.T.);
#3608=EDGE_LOOP('',(#3553,#3559,#3565,#3571,#3577,#3583,#3589,#3595,#3601,#3607));
#3609=FACE_OUTER_BOUND('',#3608,.T.);
#3610=ADVANCED_FACE('',(#3609),#3547,.T.);
#3611=CARTESIAN_POINT('',(-0.006,0.0018999999999999998,-0.00675));
#3612=DIRECTION('',(0.,0.,1.));
#3613=DIRECTION('',(1.,0.,0.));
#3614=AXIS2_PLACEMENT_3D('',#3611,#3612,#3613);
#3615=CYLINDRICAL_SURFACE('',#3614,0.002);
#3616=CARTESIAN_POINT('',(-0.008,0.0018999999999999998,-0.00675));
#3617=DIRECTION('',(0.,0.,1.));
#3618=VECTOR('',#3617,1.);
#3619=LINE('',#3616,#3618);
#3620=EDGE_CURVE('',#3477,#563,#3619,.T.);
#3621=ORIENTED_EDGE('',*,*,#3620,.T.);
#3622=CARTESIAN_POINT('',(-0.008,0.0018999999999999998,0.));
#3623=CARTESIAN_POINT('',(-0.008,0.0039,0.));
#3624=CARTESIAN_POINT('',(-0.006,0.0039,0.));
#3625=(BOUNDED_CURVE() B_SPLINE_CURVE(2,(#3622,#3623,#3624),.UNSPECIFIED.,.F.,.F.) B_SPLINE_CURVE_WITH_KNOTS((3,3),(0.,1.),.UNSPECIFIED.) CURVE() GEOMETRIC_REPRESENTATION_ITEM() RATIONAL_B_SPLINE_CURVE((1.,0.7071067811865476,1.)) REPRESENTATION_ITEM(''));
#3626=EDGE_CURVE('',#563,#617,#3625,.T.);
#3627=ORIENTED_EDGE('',*,*,#3626,.T.);
#3628=CARTESIAN_POINT('',(-0.006,0.0039,-0.00675));
#3629=DIRECTION('',(0.,0.,1.));
#3630=VECTOR('',#3629,1.);
#3631=LINE('',#3628,#3630);
#3632=EDGE_CURVE('',#617,#3531,#3631,.T.);
#3633=ORIENTED_EDGE('',*,*,#3632,.T.);
#3634=CARTESIAN_POINT('',(-0.006,0.0039,-0.00675));
#3635=CARTESIAN_POINT('',(-0.008,0.0039,-0.00675));
#3636=CARTESIAN_POINT('',(-0.008,0.0018999999999999998,-0.00675));
#3637=(BOUNDED_CURVE() B_SPLINE_CURVE(2,(#3634,#3635,#3636),.UNSPECIFIED.,.F.,.F.) B_SPLINE_CURVE_WITH_KNOTS((3,3),(0.,1.),.UNSPECIFIED.) CURVE() GEOMETRIC_REPRESENTATION_ITEM() RATIONAL_B_SPLINE_CURVE((1.,0.7071067811865476,1.)) REPRESENTATION_ITEM(''));
#3638=EDGE_CURVE('',#3531,#3477,#3637,.T.);
#3639=ORIENTED_EDGE('',*,*,#3638,.T.);
#3640=EDGE_LOOP('',(#3621,#3627,#3633,#3639));
#3641=FACE_OUTER_BOUND('',#3640,.T.);
#3642=ADVANCED_FACE('',(#3641),#3615,.T.);
#3643=CARTESIAN_POINT('',(0.006,0.0018999999999999998,-0.00675));
#3644=DIRECTION('',(0.,0.,1.));
#3645=DIRECTION('',(1.,0.,0.));
#3646=AXIS2_PLACEMENT_3D('',#3643,#3644,#3645);
#3647=CYLINDRICAL_SURFACE('',#3646,0.002);
#3648=CARTESIAN_POINT('',(0.006,0.0039,-0.00675));
#3649=DIRECTION('',(0.,0.,1.));
#3650=VECTOR('',#3649,1.);
#3651=LINE('',#3648,#3650);
#3652=EDGE_CURVE('',#3517,#609,#3651,.T.);
#3653=ORIENTED_EDGE('',*,*,#3652,.T.);
#3654=CARTESIAN_POINT('',(0.006,0.0039,0.));
#3655=CARTESIAN_POINT('',(0.008,0.0039,0.));
#3656=CARTESIAN_POINT('',(0.008,0.0018999999999999998,0.));
#3657=(BOUNDED_CURVE() B_SPLINE_CURVE(2,(#3654,#3655,#3656),.UNSPECIFIED.,.F.,.F.) B_SPLINE_CURVE_WITH_KNOTS((3,3),(0.,1.),.UNSPECIFIED.) CURVE() GEOMETRIC_REPRESENTATION_ITEM() RATIONAL_B_SPLINE_CURVE((1.,0.7071067811865476,1.)) REPRESENTATION_ITEM(''));
#3658=EDGE_CURVE('',#609,#601,#3657,.T.);
#3659=ORIENTED_EDGE('',*,*,#3658,.T.);
#3660=CARTESIAN_POINT('',(0.008,0.0018999999999999998,-0.00675));
#3661=DIRECTION('',(0.,0.,1.));
#3662=VECTOR('',#3661,1.);
#3663=LINE('',#3660,#3662);
#3664=EDGE_CURVE('',#601,#3449,#3663,.T.);
#3665=ORIENTED_EDGE('',*,*,#3664,.T.);
#3666=CARTESIAN_POINT('',(0.008,0.0018999999999999998,-0.00675));
#3667=CARTESIAN_POINT('',(0.008,0.0039,-0.00675));
#3668=CARTESIAN_POINT('',(0.006,0.0039,-0.00675));
#3669=(BOUNDED_CURVE() B_SPLINE_CURVE(2,(#3666,#3667,#3668),.UNSPECIFIED.,.F.,.F.) B_SPLINE_CURVE_WITH_KNOTS((3,3),(0.,1.),.UNSPECIFIED.) CURVE() GEOMETRIC_REPRESENTATION_ITEM() RATIONAL_B_SPLINE_CURVE((1.,0.7071067811865476,1.)) REPRESENTATION_ITEM(''));
#3670=EDGE_CURVE('',#3449,#3517,#3669,.T.);
#3671=ORIENTED_EDGE('',*,*,#3670,.T.);
#3672=EDGE_LOOP('',(#3653,#3659,#3665,#3671));
#3673=FACE_OUTER_BOUND('',#3672,.T.);
#3674=ADVANCED_FACE('',(#3673),#3647,.T.);
#3675=CARTESIAN_POINT('',(0.004,-1.4695761589768239E-18,-0.004));
#3676=DIRECTION('',(-1.,0.,0.));
#3677=DIRECTION('',(0.,0.,1.));
#3678=AXIS2_PLACEMENT_3D('',#3675,#3676,#3677);
#3679=PLANE('',#3678);
#3680=CARTESIAN_POINT('',(0.004,-1.4695761589768239E-18,-0.004));
#3681=DIRECTION('',(0.,0.,1.));
#3682=VECTOR('',#3681,1.);
#3683=LINE('',#3680,#3682);
#3684=EDGE_CURVE('',#253,#261,#3683,.T.);
#3685=ORIENTED_EDGE('',*,*,#3684,.F.);
#3686=CARTESIAN_POINT('',(0.004,-1.4695761589768239E-18,-0.004));
#3687=DIRECTION('',(0.,-1.,0.));
#3688=VECTOR('',#3687,1.);
#3689=LINE('',#3686,#3688);
#3690=EDGE_CURVE('',#253,#413,#3689,.T.);
#3691=ORIENTED_EDGE('',*,*,#3690,.T.);
#3692=CARTESIAN_POINT('',(0.004,-0.0024200000000000024,-0.004));
#3693=DIRECTION('',(0.,0.,1.));
#3694=VECTOR('',#3693,1.);
#3695=LINE('',#3692,#3694);
#3696=EDGE_CURVE('',#421,#413,#3695,.T.);
#3697=ORIENTED_EDGE('',*,*,#3696,.F.);
#3698=CARTESIAN_POINT('',(0.004,-1.4695761589768239E-18,0.));
#3699=DIRECTION('',(0.,-1.,0.));
#3700=VECTOR('',#3699,1.);
#3701=LINE('',#3698,#3700);
#3702=EDGE_CURVE('',#261,#421,#3701,.T.);
#3703=ORIENTED_EDGE('',*,*,#3702,.F.);
#3704=EDGE_LOOP('',(#3685,#3691,#3697,#3703));
#3705=FACE_OUTER_BOUND('',#3704,.T.);
#3706=ADVANCED_FACE('',(#3705),#3679,.F.);
#3707=CARTESIAN_POINT('',(0.,0.,-0.004));
#3708=DIRECTION('',(0.,0.,1.));
#3709=DIRECTION('',(1.,0.,0.));
#3710=AXIS2_PLACEMENT_3D('',#3707,#3708,#3709);
#3711=PLANE('',#3710);
#3712=CARTESIAN_POINT('',(0.004,-0.0024200000000000024,-0.004));
#3713=CARTESIAN_POINT('',(0.004,-0.004420000000000002,-0.004));
#3714=CARTESIAN_POINT('',(0.002,-0.004420000000000003,-0.004));
#3715=(BOUNDED_CURVE() B_SPLINE_CURVE(2,(#3712,#3713,#3714),.UNSPECIFIED.,.F.,.F.) B_SPLINE_CURVE_WITH_KNOTS((3,3),(0.,1.),.UNSPECIFIED.) CURVE() GEOMETRIC_REPRESENTATION_ITEM() RATIONAL_B_SPLINE_CURVE((1.,0.7071067811865476,1.)) REPRESENTATION_ITEM(''));
#3716=EDGE_CURVE('',#413,#379,#3715,.T.);
#3717=ORIENTED_EDGE('',*,*,#3716,.F.);
#3718=CARTESIAN_POINT('',(0.004,-1.4695761589768239E-18,-0.004));
#3719=DIRECTION('',(0.,-1.,0.));
#3720=VECTOR('',#3719,1.);
#3721=LINE('',#3718,#3720);
#3722=EDGE_CURVE('',#253,#413,#3721,.T.);
#3723=ORIENTED_EDGE('',*,*,#3722,.F.);
#3724=CARTESIAN_POINT('',(-0.008,-9.62964972193618E-35,-0.004));
#3725=DIRECTION('',(1.,-1.224646799147353E-16,0.));
#3726=VECTOR('',#3725,1.);
#3727=LINE('',#3724,#3726);
#3728=EDGE_CURVE('',#245,#253,#3727,.T.);
#3729=ORIENTED_EDGE('',*,*,#3728,.F.);
#3730=CARTESIAN_POINT('',(-0.008,-9.62964972193618E-35,-0.004));
#3731=DIRECTION('',(0.,1.,0.));
#3732=VECTOR('',#3731,1.);
#3733=LINE('',#3730,#3732);
#3734=EDGE_CURVE('',#469,#245,#3733,.T.);
#3735=ORIENTED_EDGE('',*,*,#3734,.F.);
#3736=CARTESIAN_POINT('',(-0.006,-0.004420000000000001,-0.004));
#3737=CARTESIAN_POINT('',(-0.008,-0.004420000000000001,-0.004));
#3738=CARTESIAN_POINT('',(-0.008,-0.002420000000000001,-0.004));
#3739=(BOUNDED_CURVE() B_SPLINE_CURVE(2,(#3736,#3737,#3738),.UNSPECIFIED.,.F.,.F.) B_SPLINE_CURVE_WITH_KNOTS((3,3),(0.,1.),.UNSPECIFIED.) CURVE() GEOMETRIC_REPRESENTATION_ITEM() RATIONAL_B_SPLINE_CURVE((1.,0.7071067811865476,1.)) REPRESENTATION_ITEM(''));
#3740=EDGE_CURVE('',#371,#469,#3739,.T.);
#3741=ORIENTED_EDGE('',*,*,#3740,.F.);
#3742=CARTESIAN_POINT('',(-0.008,-0.004420000000000001,-0.004));
#3743=DIRECTION('',(-1.,1.4456028966473392E-16,0.));
#3744=VECTOR('',#3743,1.);
#3745=LINE('',#3742,#3744);
#3746=EDGE_CURVE('',#379,#371,#3745,.T.);
#3747=ORIENTED_EDGE('',*,*,#3746,.F.);
#3748=EDGE_LOOP('',(#3717,#3723,#3729,#3735,#3741,#3747));
#3749=FACE_OUTER_BOUND('',#3748,.T.);
#3750=ADVANCED_FACE('',(#3749),#3711,.F.);
#3751=CARTESIAN_POINT('',(-0.006249999999999997,-0.01185,-0.006250000000000002));
#3752=DIRECTION('',(0.,1.,0.));
#3753=DIRECTION('',(0.,0.,1.));
#3754=AXIS2_PLACEMENT_3D('',#3751,#3752,#3753);
#3755=CYLINDRICAL_SURFACE('',#3754,0.0005000000000000009);
#3756=CARTESIAN_POINT('',(-0.006249999999999997,-0.01145,-0.006250000000000002));
#3757=DIRECTION('',(0.,1.,0.));
#3758=DIRECTION('',(0.,0.,-1.));
#3759=AXIS2_PLACEMENT_3D('',#3756,#3757,#3758);
#3760=CIRCLE('',#3759,0.0005000000000000009);
#3761=CARTESIAN_POINT('',(-0.006249999999999997,-0.01145,-0.0067500000000000025));
#3762=VERTEX_POINT('',#3761);
#3763=EDGE_CURVE('',#3762,#3762,#3760,.T.);
#3764=ORIENTED_EDGE('',*,*,#3763,.T.);
#3765=EDGE_LOOP('',(#3764));
#3766=FACE_OUTER_BOUND('',#3765,.T.);
#3767=CARTESIAN_POINT('',(-0.006249999999999997,0.,-0.006250000000000002));
#3768=DIRECTION('',(0.,-1.,0.));
#3769=DIRECTION('',(0.,0.,-1.));
#3770=AXIS2_PLACEMENT_3D('',#3767,#3768,#3769);
#3771=CIRCLE('',#3770,0.0005000000000000009);
#3772=EDGE_CURVE('',#222,#222,#3771,.T.);
#3773=ORIENTED_EDGE('',*,*,#3772,.T.);
#3774=EDGE_LOOP('',(#3773));
#3775=FACE_BOUND('',#3774,.T.);
#3776=ADVANCED_FACE('',(#3766,#3775),#3755,.T.);
#3777=CARTESIAN_POINT('',(-0.006249999999999997,-0.01185,-0.006250000000000002));
#3778=DIRECTION('',(0.,-1.,0.));
#3779=DIRECTION('',(0.,0.,-1.));
#3780=AXIS2_PLACEMENT_3D('',#3777,#3778,#3779);
#3781=PLANE('',#3780);
#3782=CARTESIAN_POINT('',(-0.006249999999999997,-0.01185,-0.006250000000000002));
#3783=DIRECTION('',(0.,-1.,0.));
#3784=DIRECTION('',(0.,0.,-1.));
#3785=AXIS2_PLACEMENT_3D('',#3782,#3783,#3784);
#3786=CIRCLE('',#3785,0.00010000000000000086);
#3787=CARTESIAN_POINT('',(-0.006249999999999997,-0.01185,-0.006350000000000003));
#3788=VERTEX_POINT('',#3787);
#3789=EDGE_CURVE('',#3788,#3788,#3786,.T.);
#3790=ORIENTED_EDGE('',*,*,#3789,.T.);
#3791=EDGE_LOOP('',(#3790));
#3792=FACE_OUTER_BOUND('',#3791,.T.);
#3793=ADVANCED_FACE('',(#3792),#3781,.T.);
#3794=CARTESIAN_POINT('',(-0.006249999999999997,-0.01185,-0.002083333333300002));
#3795=DIRECTION('',(0.,1.,0.));
#3796=DIRECTION('',(0.,0.,1.));
#3797=AXIS2_PLACEMENT_3D('',#3794,#3795,#3796);
#3798=CYLINDRICAL_SURFACE('',#3797,0.0005000000000000009);
#3799=CARTESIAN_POINT('',(-0.006249999999999997,-0.01145,-0.002083333333300002));
#3800=DIRECTION('',(0.,1.,0.));
#3801=DIRECTION('',(0.,0.,-1.));
#3802=AXIS2_PLACEMENT_3D('',#3799,#3800,#3801);
#3803=CIRCLE('',#3802,0.0005000000000000009);
#3804=CARTESIAN_POINT('',(-0.006249999999999997,-0.01145,-0.0025833333333000028));
#3805=VERTEX_POINT('',#3804);
#3806=EDGE_CURVE('',#3805,#3805,#3803,.T.);
#3807=ORIENTED_EDGE('',*,*,#3806,.T.);
#3808=EDGE_LOOP('',(#3807));
#3809=FACE_OUTER_BOUND('',#3808,.T.);
#3810=CARTESIAN_POINT('',(-0.006,-0.004420000000000001,-0.0016503206314077796));
#3811=DIRECTION('',(0.,-1.0015430658247645E-15,-1.));
#3812=VECTOR('',#3811,1.);
#3813=LINE('',#3810,#3812);
#3814=EDGE_CURVE('',#353,#363,#3813,.T.);
#3815=ORIENTED_EDGE('',*,*,#3814,.F.);
#3816=CARTESIAN_POINT('',(-0.006,-0.004420000000000002,-0.0025163460351922255));
#3817=CARTESIAN_POINT('',(-0.005749999999999996,-0.004420000000000001,-0.0023720084678948185));
#3818=CARTESIAN_POINT('',(-0.005749999999999996,-0.004420000000000001,-0.0020833333333000023));
#3819=CARTESIAN_POINT('',(-0.0057499999999999956,-0.004420000000000001,-0.0017946581987051857));
#3820=CARTESIAN_POINT('',(-0.006,-0.004420000000000001,-0.0016503206314077796));
#3821=(BOUNDED_CURVE() B_SPLINE_CURVE(2,(#3816,#3817,#3818,#3819,#3820),.UNSPECIFIED.,.F.,.F.) B_SPLINE_CURVE_WITH_KNOTS((3,2,3),(0.,1.,2.),.UNSPECIFIED.) CURVE() GEOMETRIC_REPRESENTATION_ITEM() RATIONAL_B_SPLINE_CURVE((1.,0.8660254037844364,1.,0.8660254037844364,1.)) REPRESENTATION_ITEM(''));
#3822=EDGE_CURVE('',#363,#353,#3821,.T.);
#3823=ORIENTED_EDGE('',*,*,#3822,.F.);
#3824=EDGE_LOOP('',(#3815,#3823));
#3825=FACE_BOUND('',#3824,.T.);
#3826=ADVANCED_FACE('',(#3809,#3825),#3798,.T.);
#3827=CARTESIAN_POINT('',(-0.006249999999999997,-0.01185,-0.002083333333300002));
#3828=DIRECTION('',(0.,-1.,0.));
#3829=DIRECTION('',(0.,0.,-1.));
#3830=AXIS2_PLACEMENT_3D('',#3827,#3828,#3829);
#3831=PLANE('',#3830);
#3832=CARTESIAN_POINT('',(-0.006249999999999997,-0.01185,-0.002083333333300002));
#3833=DIRECTION('',(0.,-1.,0.));
#3834=DIRECTION('',(0.,0.,-1.));
#3835=AXIS2_PLACEMENT_3D('',#3832,#3833,#3834);
#3836=CIRCLE('',#3835,0.00010000000000000086);
#3837=CARTESIAN_POINT('',(-0.006249999999999997,-0.01185,-0.0021833333333000026));
#3838=VERTEX_POINT('',#3837);
#3839=EDGE_CURVE('',#3838,#3838,#3836,.T.);
#3840=ORIENTED_EDGE('',*,*,#3839,.T.);
#3841=EDGE_LOOP('',(#3840));
#3842=FACE_OUTER_BOUND('',#3841,.T.);
#3843=ADVANCED_FACE('',(#3842),#3831,.T.);
#3844=CARTESIAN_POINT('',(-0.002083333333332997,-0.01185,-0.006250000000000002));
#3845=DIRECTION('',(0.,1.,0.));
#3846=DIRECTION('',(0.,0.,1.));
#3847=AXIS2_PLACEMENT_3D('',#3844,#3845,#3846);
#3848=CYLINDRICAL_SURFACE('',#3847,0.0005000000000000009);
#3849=CARTESIAN_POINT('',(-0.002083333333332997,-0.01145,-0.006250000000000002));
#3850=DIRECTION('',(0.,1.,0.));
#3851=DIRECTION('',(0.,0.,-1.));
#3852=AXIS2_PLACEMENT_3D('',#3849,#3850,#3851);
#3853=CIRCLE('',#3852,0.0005000000000000009);
#3854=CARTESIAN_POINT('',(-0.002083333333332997,-0.01145,-0.0067500000000000025));
#3855=VERTEX_POINT('',#3854);
#3856=EDGE_CURVE('',#3855,#3855,#3853,.T.);
#3857=ORIENTED_EDGE('',*,*,#3856,.T.);
#3858=EDGE_LOOP('',(#3857));
#3859=FACE_OUTER_BOUND('',#3858,.T.);
#3860=CARTESIAN_POINT('',(-0.002083333333332997,-2.815687053197939E-35,-0.006250000000000002));
#3861=DIRECTION('',(0.,-1.,0.));
#3862=DIRECTION('',(0.,0.,-1.));
#3863=AXIS2_PLACEMENT_3D('',#3860,#3861,#3862);
#3864=CIRCLE('',#3863,0.0005000000000000009);
#3865=EDGE_CURVE('',#207,#207,#3864,.T.);
#3866=ORIENTED_EDGE('',*,*,#3865,.T.);
#3867=EDGE_LOOP('',(#3866));
#3868=FACE_BOUND('',#3867,.T.);
#3869=ADVANCED_FACE('',(#3859,#3868),#3848,.T.);
#3870=CARTESIAN_POINT('',(-0.002083333333332997,-0.01185,-0.006250000000000002));
#3871=DIRECTION('',(0.,-1.,0.));
#3872=DIRECTION('',(0.,0.,-1.));
#3873=AXIS2_PLACEMENT_3D('',#3870,#3871,#3872);
#3874=PLANE('',#3873);
#3875=CARTESIAN_POINT('',(-0.002083333333332997,-0.01185,-0.006250000000000002));
#3876=DIRECTION('',(0.,-1.,0.));
#3877=DIRECTION('',(0.,0.,-1.));
#3878=AXIS2_PLACEMENT_3D('',#3875,#3876,#3877);
#3879=CIRCLE('',#3878,0.00010000000000000086);
#3880=CARTESIAN_POINT('',(-0.002083333333332997,-0.01185,-0.006350000000000003));
#3881=VERTEX_POINT('',#3880);
#3882=EDGE_CURVE('',#3881,#3881,#3879,.T.);
#3883=ORIENTED_EDGE('',*,*,#3882,.T.);
#3884=EDGE_LOOP('',(#3883));
#3885=FACE_OUTER_BOUND('',#3884,.T.);
#3886=ADVANCED_FACE('',(#3885),#3874,.T.);
#3887=CARTESIAN_POINT('',(-0.002083333333332997,-0.01185,-0.002083333333300002));
#3888=DIRECTION('',(0.,1.,0.));
#3889=DIRECTION('',(0.,0.,1.));
#3890=AXIS2_PLACEMENT_3D('',#3887,#3888,#3889);
#3891=CYLINDRICAL_SURFACE('',#3890,0.0005000000000000009);
#3892=CARTESIAN_POINT('',(-0.002083333333332997,-0.01145,-0.002083333333300002));
#3893=DIRECTION('',(0.,1.,0.));
#3894=DIRECTION('',(0.,0.,-1.));
#3895=AXIS2_PLACEMENT_3D('',#3892,#3893,#3894);
#3896=CIRCLE('',#3895,0.0005000000000000009);
#3897=CARTESIAN_POINT('',(-0.002083333333332997,-0.01145,-0.0025833333333000028));
#3898=VERTEX_POINT('',#3897);
#3899=EDGE_CURVE('',#3898,#3898,#3896,.T.);
#3900=ORIENTED_EDGE('',*,*,#3899,.T.);
#3901=EDGE_LOOP('',(#3900));
#3902=FACE_OUTER_BOUND('',#3901,.T.);
#3903=CARTESIAN_POINT('',(-0.002083333333332997,-0.004420000000000002,-0.002083333333300002));
#3904=DIRECTION('',(-1.4456028966473392E-16,-1.,0.));
#3905=DIRECTION('',(-1.,1.4456028966473392E-16,0.));
#3906=AXIS2_PLACEMENT_3D('',#3903,#3904,#3905);
#3907=CIRCLE('',#3906,0.0005000000000000009);
#3908=EDGE_CURVE('',#315,#315,#3907,.T.);
#3909=ORIENTED_EDGE('',*,*,#3908,.T.);
#3910=EDGE_LOOP('',(#3909));
#3911=FACE_BOUND('',#3910,.T.);
#3912=ADVANCED_FACE('',(#3902,#3911),#3891,.T.);
#3913=CARTESIAN_POINT('',(-0.002083333333332997,-0.01185,-0.002083333333300002));
#3914=DIRECTION('',(0.,-1.,0.));
#3915=DIRECTION('',(0.,0.,-1.));
#3916=AXIS2_PLACEMENT_3D('',#3913,#3914,#3915);
#3917=PLANE('',#3916);
#3918=CARTESIAN_POINT('',(-0.002083333333332997,-0.01185,-0.002083333333300002));
#3919=DIRECTION('',(0.,-1.,0.));
#3920=DIRECTION('',(0.,0.,-1.));
#3921=AXIS2_PLACEMENT_3D('',#3918,#3919,#3920);
#3922=CIRCLE('',#3921,0.00010000000000000086);
#3923=CARTESIAN_POINT('',(-0.002083333333332997,-0.01185,-0.0021833333333000026));
#3924=VERTEX_POINT('',#3923);
#3925=EDGE_CURVE('',#3924,#3924,#3922,.T.);
#3926=ORIENTED_EDGE('',*,*,#3925,.T.);
#3927=EDGE_LOOP('',(#3926));
#3928=FACE_OUTER_BOUND('',#3927,.T.);
#3929=ADVANCED_FACE('',(#3928),#3917,.T.);
#3930=CARTESIAN_POINT('',(0.0020833333333340025,-0.01185,-0.006250000000000002));
#3931=DIRECTION('',(0.,1.,0.));
#3932=DIRECTION('',(0.,0.,1.));
#3933=AXIS2_PLACEMENT_3D('',#3930,#3931,#3932);
#3934=CYLINDRICAL_SURFACE('',#3933,0.0005000000000000009);
#3935=CARTESIAN_POINT('',(0.0020833333333340025,-0.01145,-0.006250000000000002));
#3936=DIRECTION('',(0.,1.,0.));
#3937=DIRECTION('',(0.,0.,-1.));
#3938=AXIS2_PLACEMENT_3D('',#3935,#3936,#3937);
#3939=CIRCLE('',#3938,0.0005000000000000009);
#3940=CARTESIAN_POINT('',(0.0020833333333340025,-0.01145,-0.0067500000000000025));
#3941=VERTEX_POINT('',#3940);
#3942=EDGE_CURVE('',#3941,#3941,#3939,.T.);
#3943=ORIENTED_EDGE('',*,*,#3942,.T.);
#3944=EDGE_LOOP('',(#3943));
#3945=FACE_OUTER_BOUND('',#3944,.T.);
#3946=CARTESIAN_POINT('',(0.0020833333333340025,-5.631374106395878E-35,-0.006250000000000002));
#3947=DIRECTION('',(0.,-1.,0.));
#3948=DIRECTION('',(0.,0.,-1.));
#3949=AXIS2_PLACEMENT_3D('',#3946,#3947,#3948);
#3950=CIRCLE('',#3949,0.0005000000000000009);
#3951=EDGE_CURVE('',#199,#199,#3950,.T.);
#3952=ORIENTED_EDGE('',*,*,#3951,.T.);
#3953=EDGE_LOOP('',(#3952));
#3954=FACE_BOUND('',#3953,.T.);
#3955=ADVANCED_FACE('',(#3945,#3954),#3934,.T.);
#3956=CARTESIAN_POINT('',(0.0020833333333340025,-0.01185,-0.006250000000000002));
#3957=DIRECTION('',(0.,-1.,0.));
#3958=DIRECTION('',(0.,0.,-1.));
#3959=AXIS2_PLACEMENT_3D('',#3956,#3957,#3958);
#3960=PLANE('',#3959);
#3961=CARTESIAN_POINT('',(0.0020833333333340025,-0.01185,-0.006250000000000002));
#3962=DIRECTION('',(0.,-1.,0.));
#3963=DIRECTION('',(0.,0.,-1.));
#3964=AXIS2_PLACEMENT_3D('',#3961,#3962,#3963);
#3965=CIRCLE('',#3964,0.00010000000000000086);
#3966=CARTESIAN_POINT('',(0.0020833333333340025,-0.01185,-0.006350000000000003));
#3967=VERTEX_POINT('',#3966);
#3968=EDGE_CURVE('',#3967,#3967,#3965,.T.);
#3969=ORIENTED_EDGE('',*,*,#3968,.T.);
#3970=EDGE_LOOP('',(#3969));
#3971=FACE_OUTER_BOUND('',#3970,.T.);
#3972=ADVANCED_FACE('',(#3971),#3960,.T.);
#3973=CARTESIAN_POINT('',(0.0020833333333340025,-0.01185,-0.002083333333300002));
#3974=DIRECTION('',(0.,1.,0.));
#3975=DIRECTION('',(0.,0.,1.));
#3976=AXIS2_PLACEMENT_3D('',#3973,#3974,#3975);
#3977=CYLINDRICAL_SURFACE('',#3976,0.0005000000000000009);
#3978=CARTESIAN_POINT('',(0.0020833333333340025,-0.01145,-0.002083333333300002));
#3979=DIRECTION('',(0.,1.,0.));
#3980=DIRECTION('',(0.,0.,-1.));
#3981=AXIS2_PLACEMENT_3D('',#3978,#3979,#3980);
#3982=CIRCLE('',#3981,0.0005000000000000009);
#3983=CARTESIAN_POINT('',(0.0020833333333340025,-0.01145,-0.0025833333333000028));
#3984=VERTEX_POINT('',#3983);
#3985=EDGE_CURVE('',#3984,#3984,#3982,.T.);
#3986=ORIENTED_EDGE('',*,*,#3985,.T.);
#3987=EDGE_LOOP('',(#3986));
#3988=FACE_OUTER_BOUND('',#3987,.T.);
#3989=CARTESIAN_POINT('',(0.002,-0.004420000000000003,-0.0025763399818915242));
#3990=DIRECTION('',(-9.416817634878048E-13,-7.556325407155762E-13,1.));
#3991=VECTOR('',#3990,1.);
#3992=LINE('',#3989,#3991);
#3993=EDGE_CURVE('',#329,#327,#3992,.T.);
#3994=ORIENTED_EDGE('',*,*,#3993,.F.);
#3995=CARTESIAN_POINT('',(0.0019999999999990715,-0.004420000000000748,-0.0015903266847054726));
#3996=CARTESIAN_POINT('',(0.0015833333333338264,-0.004420000000000003,-0.001660756205936709));
#3997=CARTESIAN_POINT('',(0.0015833333333340016,-0.004420000000000003,-0.002083333333300209));
#3998=CARTESIAN_POINT('',(0.0015833333333341768,-0.004420000000000003,-0.002505910460663709));
#3999=CARTESIAN_POINT('',(0.002,-0.004420000000000003,-0.0025763399818915242));
#4000=(BOUNDED_CURVE() B_SPLINE_CURVE(2,(#3995,#3996,#3997,#3998,#3999),.UNSPECIFIED.,.F.,.F.) B_SPLINE_CURVE_WITH_KNOTS((3,2,3),(0.,1.,2.),.UNSPECIFIED.) CURVE() GEOMETRIC_REPRESENTATION_ITEM() RATIONAL_B_SPLINE_CURVE((1.,0.763762615826545,1.,0.763762615826545,1.)) REPRESENTATION_ITEM(''));
#4001=EDGE_CURVE('',#327,#329,#4000,.T.);
#4002=ORIENTED_EDGE('',*,*,#4001,.F.);
#4003=EDGE_LOOP('',(#3994,#4002));
#4004=FACE_BOUND('',#4003,.T.);
#4005=ADVANCED_FACE('',(#3988,#4004),#3977,.T.);
#4006=CARTESIAN_POINT('',(0.0020833333333340025,-0.01185,-0.002083333333300002));
#4007=DIRECTION('',(0.,-1.,0.));
#4008=DIRECTION('',(0.,0.,-1.));
#4009=AXIS2_PLACEMENT_3D('',#4006,#4007,#4008);
#4010=PLANE('',#4009);
#4011=CARTESIAN_POINT('',(0.0020833333333340025,-0.01185,-0.002083333333300002));
#4012=DIRECTION('',(0.,-1.,0.));
#4013=DIRECTION('',(0.,0.,-1.));
#4014=AXIS2_PLACEMENT_3D('',#4011,#4012,#4013);
#4015=CIRCLE('',#4014,0.00010000000000000086);
#4016=CARTESIAN_POINT('',(0.0020833333333340025,-0.01185,-0.0021833333333000026));
#4017=VERTEX_POINT('',#4016);
#4018=EDGE_CURVE('',#4017,#4017,#4015,.T.);
#4019=ORIENTED_EDGE('',*,*,#4018,.T.);
#4020=EDGE_LOOP('',(#4019));
#4021=FACE_OUTER_BOUND('',#4020,.T.);
#4022=ADVANCED_FACE('',(#4021),#4010,.T.);
#4023=CARTESIAN_POINT('',(0.006250000000001003,-0.01185,-0.006250000000000002));
#4024=DIRECTION('',(0.,1.,0.));
#4025=DIRECTION('',(0.,0.,1.));
#4026=AXIS2_PLACEMENT_3D('',#4023,#4024,#4025);
#4027=CYLINDRICAL_SURFACE('',#4026,0.0005000000000000009);
#4028=CARTESIAN_POINT('',(0.006250000000001003,-0.01145,-0.006250000000000002));
#4029=DIRECTION('',(0.,1.,0.));
#4030=DIRECTION('',(0.,0.,-1.));
#4031=AXIS2_PLACEMENT_3D('',#4028,#4029,#4030);
#4032=CIRCLE('',#4031,0.0005000000000000009);
#4033=CARTESIAN_POINT('',(0.006250000000001003,-0.01145,-0.0067500000000000025));
#4034=VERTEX_POINT('',#4033);
#4035=EDGE_CURVE('',#4034,#4034,#4032,.T.);
#4036=ORIENTED_EDGE('',*,*,#4035,.T.);
#4037=EDGE_LOOP('',(#4036));
#4038=FACE_OUTER_BOUND('',#4037,.T.);
#4039=CARTESIAN_POINT('',(0.006250000000001003,-8.447061159593818E-35,-0.006250000000000002));
#4040=DIRECTION('',(0.,-1.,0.));
#4041=DIRECTION('',(0.,0.,-1.));
#4042=AXIS2_PLACEMENT_3D('',#4039,#4040,#4041);
#4043=CIRCLE('',#4042,0.0005000000000000009);
#4044=EDGE_CURVE('',#285,#285,#4043,.T.);
#4045=ORIENTED_EDGE('',*,*,#4044,.T.);
#4046=EDGE_LOOP('',(#4045));
#4047=FACE_BOUND('',#4046,.T.);
#4048=ADVANCED_FACE('',(#4038,#4047),#4027,.T.);
#4049=CARTESIAN_POINT('',(0.006250000000001003,-0.01185,-0.006250000000000002));
#4050=DIRECTION('',(0.,-1.,0.));
#4051=DIRECTION('',(0.,0.,-1.));
#4052=AXIS2_PLACEMENT_3D('',#4049,#4050,#4051);
#4053=PLANE('',#4052);
#4054=CARTESIAN_POINT('',(0.006250000000001003,-0.01185,-0.006250000000000002));
#4055=DIRECTION('',(0.,-1.,0.));
#4056=DIRECTION('',(0.,0.,-1.));
#4057=AXIS2_PLACEMENT_3D('',#4054,#4055,#4056);
#4058=CIRCLE('',#4057,0.00010000000000000086);
#4059=CARTESIAN_POINT('',(0.006250000000001003,-0.01185,-0.006350000000000003));
#4060=VERTEX_POINT('',#4059);
#4061=EDGE_CURVE('',#4060,#4060,#4058,.T.);
#4062=ORIENTED_EDGE('',*,*,#4061,.T.);
#4063=EDGE_LOOP('',(#4062));
#4064=FACE_OUTER_BOUND('',#4063,.T.);
#4065=ADVANCED_FACE('',(#4064),#4053,.T.);
#4066=CARTESIAN_POINT('',(-0.006249999999999996,-0.0019666666666999996,0.0115));
#4067=DIRECTION('',(0.,0.,-1.));
#4068=DIRECTION('',(-1.,0.,0.));
#4069=AXIS2_PLACEMENT_3D('',#4066,#4067,#4068);
#4070=CYLINDRICAL_SURFACE('',#4069,0.0005000000000000007);
#4071=CARTESIAN_POINT('',(-0.006249999999999996,-0.0019666666666999996,0.0111));
#4072=DIRECTION('',(0.,0.,-1.));
#4073=DIRECTION('',(1.,0.,0.));
#4074=AXIS2_PLACEMENT_3D('',#4071,#4072,#4073);
#4075=CIRCLE('',#4074,0.0005000000000000007);
#4076=CARTESIAN_POINT('',(-0.0057499999999999956,-0.0019666666666999996,0.0111));
#4077=VERTEX_POINT('',#4076);
#4078=EDGE_CURVE('',#4077,#4077,#4075,.T.);
#4079=ORIENTED_EDGE('',*,*,#4078,.T.);
#4080=EDGE_LOOP('',(#4079));
#4081=FACE_OUTER_BOUND('',#4080,.T.);
#4082=CARTESIAN_POINT('',(-0.006249999999999996,-0.0019666666666999996,0.002));
#4083=DIRECTION('',(0.,0.,1.));
#4084=DIRECTION('',(1.,0.,0.));
#4085=AXIS2_PLACEMENT_3D('',#4082,#4083,#4084);
#4086=CIRCLE('',#4085,0.0005000000000000007);
#4087=EDGE_CURVE('',#182,#182,#4086,.T.);
#4088=ORIENTED_EDGE('',*,*,#4087,.T.);
#4089=EDGE_LOOP('',(#4088));
#4090=FACE_BOUND('',#4089,.T.);
#4091=ADVANCED_FACE('',(#4081,#4090),#4070,.T.);
#4092=CARTESIAN_POINT('',(-0.006249999999999996,-0.0019666666666999996,0.0115));
#4093=DIRECTION('',(0.,0.,1.));
#4094=DIRECTION('',(1.,0.,0.));
#4095=AXIS2_PLACEMENT_3D('',#4092,#4093,#4094);
#4096=PLANE('',#4095);
#4097=CARTESIAN_POINT('',(-0.006249999999999996,-0.0019666666666999996,0.0115));
#4098=DIRECTION('',(0.,0.,1.));
#4099=DIRECTION('',(1.,0.,0.));
#4100=AXIS2_PLACEMENT_3D('',#4097,#4098,#4099);
#4101=CIRCLE('',#4100,0.00010000000000000064);
#4102=CARTESIAN_POINT('',(-0.006149999999999996,-0.0019666666666999996,0.0115));
#4103=VERTEX_POINT('',#4102);
#4104=EDGE_CURVE('',#4103,#4103,#4101,.T.);
#4105=ORIENTED_EDGE('',*,*,#4104,.T.);
#4106=EDGE_LOOP('',(#4105));
#4107=FACE_OUTER_BOUND('',#4106,.T.);
#4108=ADVANCED_FACE('',(#4107),#4096,.T.);
#4109=CARTESIAN_POINT('',(-0.002083333333332997,0.0022000000000000006,0.0115));
#4110=DIRECTION('',(0.,0.,-1.));
#4111=DIRECTION('',(-1.,0.,0.));
#4112=AXIS2_PLACEMENT_3D('',#4109,#4110,#4111);
#4113=CYLINDRICAL_SURFACE('',#4112,0.0005000000000000007);
#4114=CARTESIAN_POINT('',(-0.002083333333332997,0.0022000000000000006,0.0111));
#4115=DIRECTION('',(0.,0.,-1.));
#4116=DIRECTION('',(1.,0.,0.));
#4117=AXIS2_PLACEMENT_3D('',#4114,#4115,#4116);
#4118=CIRCLE('',#4117,0.0005000000000000007);
#4119=CARTESIAN_POINT('',(-0.0015833333333329965,0.0022000000000000006,0.0111));
#4120=VERTEX_POINT('',#4119);
#4121=EDGE_CURVE('',#4120,#4120,#4118,.T.);
#4122=ORIENTED_EDGE('',*,*,#4121,.T.);
#4123=EDGE_LOOP('',(#4122));
#4124=FACE_OUTER_BOUND('',#4123,.T.);
#4125=CARTESIAN_POINT('',(-0.002083333333332997,0.0022000000000000006,0.002));
#4126=DIRECTION('',(0.,0.,1.));
#4127=DIRECTION('',(1.,0.,0.));
#4128=AXIS2_PLACEMENT_3D('',#4125,#4126,#4127);
#4129=CIRCLE('',#4128,0.0005000000000000007);
#4130=EDGE_CURVE('',#154,#154,#4129,.T.);
#4131=ORIENTED_EDGE('',*,*,#4130,.T.);
#4132=EDGE_LOOP('',(#4131));
#4133=FACE_BOUND('',#4132,.T.);
#4134=ADVANCED_FACE('',(#4124,#4133),#4113,.T.);
#4135=CARTESIAN_POINT('',(-0.002083333333332997,0.0022000000000000006,0.0115));
#4136=DIRECTION('',(0.,0.,1.));
#4137=DIRECTION('',(1.,0.,0.));
#4138=AXIS2_PLACEMENT_3D('',#4135,#4136,#4137);
#4139=PLANE('',#4138);
#4140=CARTESIAN_POINT('',(-0.002083333333332997,0.0022000000000000006,0.0115));
#4141=DIRECTION('',(0.,0.,1.));
#4142=DIRECTION('',(1.,0.,0.));
#4143=AXIS2_PLACEMENT_3D('',#4140,#4141,#4142);
#4144=CIRCLE('',#4143,0.00010000000000000064);
#4145=CARTESIAN_POINT('',(-0.0019833333333329965,0.0022000000000000006,0.0115));
#4146=VERTEX_POINT('',#4145);
#4147=EDGE_CURVE('',#4146,#4146,#4144,.T.);
#4148=ORIENTED_EDGE('',*,*,#4147,.T.);
#4149=EDGE_LOOP('',(#4148));
#4150=FACE_OUTER_BOUND('',#4149,.T.);
#4151=ADVANCED_FACE('',(#4150),#4139,.T.);
#4152=CARTESIAN_POINT('',(-0.0020833333333329963,-0.0019666666666999996,0.0115));
#4153=DIRECTION('',(0.,0.,-1.));
#4154=DIRECTION('',(-1.,0.,0.));
#4155=AXIS2_PLACEMENT_3D('',#4152,#4153,#4154);
#4156=CYLINDRICAL_SURFACE('',#4155,0.0005000000000000007);
#4157=CARTESIAN_POINT('',(-0.0020833333333329963,-0.0019666666666999996,0.0111));
#4158=DIRECTION('',(0.,0.,-1.));
#4159=DIRECTION('',(1.,0.,0.));
#4160=AXIS2_PLACEMENT_3D('',#4157,#4158,#4159);
#4161=CIRCLE('',#4160,0.0005000000000000007);
#4162=CARTESIAN_POINT('',(-0.0015833333333329957,-0.0019666666666999996,0.0111));
#4163=VERTEX_POINT('',#4162);
#4164=EDGE_CURVE('',#4163,#4163,#4161,.T.);
#4165=ORIENTED_EDGE('',*,*,#4164,.T.);
#4166=EDGE_LOOP('',(#4165));
#4167=FACE_OUTER_BOUND('',#4166,.T.);
#4168=CARTESIAN_POINT('',(-0.0020833333333329963,-0.0019666666666999996,0.002));
#4169=DIRECTION('',(0.,0.,1.));
#4170=DIRECTION('',(1.,0.,0.));
#4171=AXIS2_PLACEMENT_3D('',#4168,#4169,#4170);
#4172=CIRCLE('',#4171,0.0005000000000000007);
#4173=EDGE_CURVE('',#126,#126,#4172,.T.);
#4174=ORIENTED_EDGE('',*,*,#4173,.T.);
#4175=EDGE_LOOP('',(#4174));
#4176=FACE_BOUND('',#4175,.T.);
#4177=ADVANCED_FACE('',(#4167,#4176),#4156,.T.);
#4178=CARTESIAN_POINT('',(-0.0020833333333329963,-0.0019666666666999996,0.0115));
#4179=DIRECTION('',(0.,0.,1.));
#4180=DIRECTION('',(1.,0.,0.));
#4181=AXIS2_PLACEMENT_3D('',#4178,#4179,#4180);
#4182=PLANE('',#4181);
#4183=CARTESIAN_POINT('',(-0.0020833333333329963,-0.0019666666666999996,0.0115));
#4184=DIRECTION('',(0.,0.,1.));
#4185=DIRECTION('',(1.,0.,0.));
#4186=AXIS2_PLACEMENT_3D('',#4183,#4184,#4185);
#4187=CIRCLE('',#4186,0.00010000000000000064);
#4188=CARTESIAN_POINT('',(-0.0019833333333329956,-0.0019666666666999996,0.0115));
#4189=VERTEX_POINT('',#4188);
#4190=EDGE_CURVE('',#4189,#4189,#4187,.T.);
#4191=ORIENTED_EDGE('',*,*,#4190,.T.);
#4192=EDGE_LOOP('',(#4191));
#4193=FACE_OUTER_BOUND('',#4192,.T.);
#4194=ADVANCED_FACE('',(#4193),#4182,.T.);
#4195=CARTESIAN_POINT('',(0.0020833333333340025,0.0022000000000000006,0.0115));
#4196=DIRECTION('',(0.,0.,-1.));
#4197=DIRECTION('',(-1.,0.,0.));
#4198=AXIS2_PLACEMENT_3D('',#4195,#4196,#4197);
#4199=CYLINDRICAL_SURFACE('',#4198,0.0005000000000000007);
#4200=CARTESIAN_POINT('',(0.0020833333333340025,0.0022000000000000006,0.0111));
#4201=DIRECTION('',(0.,0.,-1.));
#4202=DIRECTION('',(1.,0.,0.));
#4203=AXIS2_PLACEMENT_3D('',#4200,#4201,#4202);
#4204=CIRCLE('',#4203,0.0005000000000000007);
#4205=CARTESIAN_POINT('',(0.002583333333334003,0.0022000000000000006,0.0111));
#4206=VERTEX_POINT('',#4205);
#4207=EDGE_CURVE('',#4206,#4206,#4204,.T.);
#4208=ORIENTED_EDGE('',*,*,#4207,.T.);
#4209=EDGE_LOOP('',(#4208));
#4210=FACE_OUTER_BOUND('',#4209,.T.);
#4211=CARTESIAN_POINT('',(0.0020833333333340025,0.0022000000000000006,0.002));
#4212=DIRECTION('',(0.,0.,1.));
#4213=DIRECTION('',(1.,0.,0.));
#4214=AXIS2_PLACEMENT_3D('',#4211,#4212,#4213);
#4215=CIRCLE('',#4214,0.0005000000000000007);
#4216=EDGE_CURVE('',#98,#98,#4215,.T.);
#4217=ORIENTED_EDGE('',*,*,#4216,.T.);
#4218=EDGE_LOOP('',(#4217));
#4219=FACE_BOUND('',#4218,.T.);
#4220=ADVANCED_FACE('',(#4210,#4219),#4199,.T.);
#4221=CARTESIAN_POINT('',(0.0020833333333340025,0.0022000000000000006,0.0115));
#4222=DIRECTION('',(0.,0.,1.));
#4223=DIRECTION('',(1.,0.,0.));
#4224=AXIS2_PLACEMENT_3D('',#4221,#4222,#4223);
#4225=PLANE('',#4224);
#4226=CARTESIAN_POINT('',(0.0020833333333340025,0.0022000000000000006,0.0115));
#4227=DIRECTION('',(0.,0.,1.));
#4228=DIRECTION('',(1.,0.,0.));
#4229=AXIS2_PLACEMENT_3D('',#4226,#4227,#4228);
#4230=CIRCLE('',#4229,0.00010000000000000064);
#4231=CARTESIAN_POINT('',(0.002183333333334003,0.0022000000000000006,0.0115));
#4232=VERTEX_POINT('',#4231);
#4233=EDGE_CURVE('',#4232,#4232,#4230,.T.);
#4234=ORIENTED_EDGE('',*,*,#4233,.T.);
#4235=EDGE_LOOP('',(#4234));
#4236=FACE_OUTER_BOUND('',#4235,.T.);
#4237=ADVANCED_FACE('',(#4236),#4225,.T.);
#4238=CARTESIAN_POINT('',(0.0020833333333340025,-0.0019666666666999996,0.0115));
#4239=DIRECTION('',(0.,0.,-1.));
#4240=DIRECTION('',(-1.,0.,0.));
#4241=AXIS2_PLACEMENT_3D('',#4238,#4239,#4240);
#4242=CYLINDRICAL_SURFACE('',#4241,0.0005000000000000007);
#4243=CARTESIAN_POINT('',(0.0020833333333340025,-0.0019666666666999996,0.0111));
#4244=DIRECTION('',(0.,0.,-1.));
#4245=DIRECTION('',(1.,0.,0.));
#4246=AXIS2_PLACEMENT_3D('',#4243,#4244,#4245);
#4247=CIRCLE('',#4246,0.0005000000000000007);
#4248=CARTESIAN_POINT('',(0.002583333333334003,-0.0019666666666999996,0.0111));
#4249=VERTEX_POINT('',#4248);
#4250=EDGE_CURVE('',#4249,#4249,#4247,.T.);
#4251=ORIENTED_EDGE('',*,*,#4250,.T.);
#4252=EDGE_LOOP('',(#4251));
#4253=FACE_OUTER_BOUND('',#4252,.T.);
#4254=CARTESIAN_POINT('',(0.0020833333333340025,-0.0019666666666999996,0.002));
#4255=DIRECTION('',(0.,0.,1.));
#4256=DIRECTION('',(1.,0.,0.));
#4257=AXIS2_PLACEMENT_3D('',#4254,#4255,#4256);
#4258=CIRCLE('',#4257,0.0005000000000000007);
#4259=EDGE_CURVE('',#70,#70,#4258,.T.);
#4260=ORIENTED_EDGE('',*,*,#4259,.T.);
#4261=EDGE_LOOP('',(#4260));
#4262=FACE_BOUND('',#4261,.T.);
#4263=ADVANCED_FACE('',(#4253,#4262),#4242,.T.);
#4264=CARTESIAN_POINT('',(0.0020833333333340025,-0.0019666666666999996,0.0115));
#4265=DIRECTION('',(0.,0.,1.));
#4266=DIRECTION('',(1.,0.,0.));
#4267=AXIS2_PLACEMENT_3D('',#4264,#4265,#4266);
#4268=PLANE('',#4267);
#4269=CARTESIAN_POINT('',(0.0020833333333340025,-0.0019666666666999996,0.0115));
#4270=DIRECTION('',(0.,0.,1.));
#4271=DIRECTION('',(1.,0.,0.));
#4272=AXIS2_PLACEMENT_3D('',#4269,#4270,#4271);
#4273=CIRCLE('',#4272,0.00010000000000000064);
#4274=CARTESIAN_POINT('',(0.002183333333334003,-0.0019666666666999996,0.0115));
#4275=VERTEX_POINT('',#4274);
#4276=EDGE_CURVE('',#4275,#4275,#4273,.T.);
#4277=ORIENTED_EDGE('',*,*,#4276,.T.);
#4278=EDGE_LOOP('',(#4277));
#4279=FACE_OUTER_BOUND('',#4278,.T.);
#4280=ADVANCED_FACE('',(#4279),#4268,.T.);
#4281=CARTESIAN_POINT('',(0.006250000000001003,0.0022000000000000006,0.0115));
#4282=DIRECTION('',(0.,0.,-1.));
#4283=DIRECTION('',(-1.,0.,0.));
#4284=AXIS2_PLACEMENT_3D('',#4281,#4282,#4283);
#4285=CYLINDRICAL_SURFACE('',#4284,0.0005000000000000007);
#4286=CARTESIAN_POINT('',(0.006250000000001003,0.0022000000000000006,0.0111));
#4287=DIRECTION('',(0.,0.,-1.));
#4288=DIRECTION('',(1.,0.,0.));
#4289=AXIS2_PLACEMENT_3D('',#4286,#4287,#4288);
#4290=CIRCLE('',#4289,0.0005000000000000007);
#4291=CARTESIAN_POINT('',(0.0067500000000010035,0.0022000000000000006,0.0111));
#4292=VERTEX_POINT('',#4291);
#4293=EDGE_CURVE('',#4292,#4292,#4290,.T.);
#4294=ORIENTED_EDGE('',*,*,#4293,.T.);
#4295=EDGE_LOOP('',(#4294));
#4296=FACE_OUTER_BOUND('',#4295,.T.);
#4297=CARTESIAN_POINT('',(0.006250000000001003,0.0022000000000000006,0.002));
#4298=DIRECTION('',(0.,0.,1.));
#4299=DIRECTION('',(1.,0.,0.));
#4300=AXIS2_PLACEMENT_3D('',#4297,#4298,#4299);
#4301=CIRCLE('',#4300,0.0005000000000000007);
#4302=EDGE_CURVE('',#42,#42,#4301,.T.);
#4303=ORIENTED_EDGE('',*,*,#4302,.T.);
#4304=EDGE_LOOP('',(#4303));
#4305=FACE_BOUND('',#4304,.T.);
#4306=ADVANCED_FACE('',(#4296,#4305),#4285,.T.);
#4307=CARTESIAN_POINT('',(0.006250000000001003,0.0022000000000000006,0.0115));
#4308=DIRECTION('',(0.,0.,1.));
#4309=DIRECTION('',(1.,0.,0.));
#4310=AXIS2_PLACEMENT_3D('',#4307,#4308,#4309);
#4311=PLANE('',#4310);
#4312=CARTESIAN_POINT('',(0.006250000000001003,0.0022000000000000006,0.0115));
#4313=DIRECTION('',(0.,0.,1.));
#4314=DIRECTION('',(1.,0.,0.));
#4315=AXIS2_PLACEMENT_3D('',#4312,#4313,#4314);
#4316=CIRCLE('',#4315,0.00010000000000000064);
#4317=CARTESIAN_POINT('',(0.006350000000001003,0.0022000000000000006,0.0115));
#4318=VERTEX_POINT('',#4317);
#4319=EDGE_CURVE('',#4318,#4318,#4316,.T.);
#4320=ORIENTED_EDGE('',*,*,#4319,.T.);
#4321=EDGE_LOOP('',(#4320));
#4322=FACE_OUTER_BOUND('',#4321,.T.);
#4323=ADVANCED_FACE('',(#4322),#4311,.T.);
#4324=CARTESIAN_POINT('',(-0.006249999999999996,-0.0019666666666999996,0.0111));
#4325=DIRECTION('',(0.,0.,1.));
#4326=DIRECTION('',(1.,0.,0.));
#4327=AXIS2_PLACEMENT_3D('',#4324,#4325,#4326);
#4328=TOROIDAL_SURFACE('',#4327,0.00010000000000000064,0.0004);
#4329=CARTESIAN_POINT('',(-0.006249999999999996,-0.0019666666666999996,0.0111));
#4330=DIRECTION('',(0.,0.,-1.));
#4331=DIRECTION('',(1.,0.,0.));
#4332=AXIS2_PLACEMENT_3D('',#4329,#4330,#4331);
#4333=CIRCLE('',#4332,0.0005000000000000007);
#4334=EDGE_CURVE('',#4077,#4077,#4333,.T.);
#4335=ORIENTED_EDGE('',*,*,#4334,.F.);
#4336=EDGE_LOOP('',(#4335));
#4337=FACE_OUTER_BOUND('',#4336,.T.);
#4338=CARTESIAN_POINT('',(-0.006249999999999996,-0.0019666666666999996,0.0115));
#4339=DIRECTION('',(0.,0.,1.));
#4340=DIRECTION('',(1.,0.,0.));
#4341=AXIS2_PLACEMENT_3D('',#4338,#4339,#4340);
#4342=CIRCLE('',#4341,0.00010000000000000064);
#4343=EDGE_CURVE('',#4103,#4103,#4342,.T.);
#4344=ORIENTED_EDGE('',*,*,#4343,.F.);
#4345=EDGE_LOOP('',(#4344));
#4346=FACE_BOUND('',#4345,.T.);
#4347=ADVANCED_FACE('',(#4337,#4346),#4328,.T.);
#4348=CARTESIAN_POINT('',(-0.0020833333333329963,-0.0019666666666999996,0.0111));
#4349=DIRECTION('',(0.,0.,1.));
#4350=DIRECTION('',(1.,0.,0.));
#4351=AXIS2_PLACEMENT_3D('',#4348,#4349,#4350);
#4352=TOROIDAL_SURFACE('',#4351,0.00010000000000000064,0.0004);
#4353=CARTESIAN_POINT('',(-0.0020833333333329963,-0.0019666666666999996,0.0111));
#4354=DIRECTION('',(0.,0.,-1.));
#4355=DIRECTION('',(1.,0.,0.));
#4356=AXIS2_PLACEMENT_3D('',#4353,#4354,#4355);
#4357=CIRCLE('',#4356,0.0005000000000000007);
#4358=EDGE_CURVE('',#4163,#4163,#4357,.T.);
#4359=ORIENTED_EDGE('',*,*,#4358,.F.);
#4360=EDGE_LOOP('',(#4359));
#4361=FACE_OUTER_BOUND('',#4360,.T.);
#4362=CARTESIAN_POINT('',(-0.0020833333333329963,-0.0019666666666999996,0.0115));
#4363=DIRECTION('',(0.,0.,1.));
#4364=DIRECTION('',(1.,0.,0.));
#4365=AXIS2_PLACEMENT_3D('',#4362,#4363,#4364);
#4366=CIRCLE('',#4365,0.00010000000000000064);
#4367=EDGE_CURVE('',#4189,#4189,#4366,.T.);
#4368=ORIENTED_EDGE('',*,*,#4367,.F.);
#4369=EDGE_LOOP('',(#4368));
#4370=FACE_BOUND('',#4369,.T.);
#4371=ADVANCED_FACE('',(#4361,#4370),#4352,.T.);
#4372=CARTESIAN_POINT('',(0.0020833333333340025,-0.0019666666666999996,0.0111));
#4373=DIRECTION('',(0.,0.,1.));
#4374=DIRECTION('',(1.,0.,0.));
#4375=AXIS2_PLACEMENT_3D('',#4372,#4373,#4374);
#4376=TOROIDAL_SURFACE('',#4375,0.00010000000000000064,0.0004);
#4377=CARTESIAN_POINT('',(0.0020833333333340025,-0.0019666666666999996,0.0111));
#4378=DIRECTION('',(0.,0.,-1.));
#4379=DIRECTION('',(1.,0.,0.));
#4380=AXIS2_PLACEMENT_3D('',#4377,#4378,#4379);
#4381=CIRCLE('',#4380,0.0005000000000000007);
#4382=EDGE_CURVE('',#4249,#4249,#4381,.T.);
#4383=ORIENTED_EDGE('',*,*,#4382,.F.);
#4384=EDGE_LOOP('',(#4383));
#4385=FACE_OUTER_BOUND('',#4384,.T.);
#4386=CARTESIAN_POINT('',(0.0020833333333340025,-0.0019666666666999996,0.0115));
#4387=DIRECTION('',(0.,0.,1.));
#4388=DIRECTION('',(1.,0.,0.));
#4389=AXIS2_PLACEMENT_3D('',#4386,#4387,#4388);
#4390=CIRCLE('',#4389,0.00010000000000000064);
#4391=EDGE_CURVE('',#4275,#4275,#4390,.T.);
#4392=ORIENTED_EDGE('',*,*,#4391,.F.);
#4393=EDGE_LOOP('',(#4392));
#4394=FACE_BOUND('',#4393,.T.);
#4395=ADVANCED_FACE('',(#4385,#4394),#4376,.T.);
#4396=CARTESIAN_POINT('',(0.006250000000001003,0.0022000000000000006,0.0111));
#4397=DIRECTION('',(0.,0.,1.));
#4398=DIRECTION('',(1.,0.,0.));
#4399=AXIS2_PLACEMENT_3D('',#4396,#4397,#4398);
#4400=TOROIDAL_SURFACE('',#4399,0.00010000000000000064,0.0004);
#4401=CARTESIAN_POINT('',(0.006250000000001003,0.0022000000000000006,0.0111));
#4402=DIRECTION('',(0.,0.,-1.));
#4403=DIRECTION('',(1.,0.,0.));
#4404=AXIS2_PLACEMENT_3D('',#4401,#4402,#4403);
#4405=CIRCLE('',#4404,0.0005000000000000007);
#4406=EDGE_CURVE('',#4292,#4292,#4405,.T.);
#4407=ORIENTED_EDGE('',*,*,#4406,.F.);
#4408=EDGE_LOOP('',(#4407));
#4409=FACE_OUTER_BOUND('',#4408,.T.);
#4410=CARTESIAN_POINT('',(0.006250000000001003,0.0022000000000000006,0.0115));
#4411=DIRECTION('',(0.,0.,1.));
#4412=DIRECTION('',(1.,0.,0.));
#4413=AXIS2_PLACEMENT_3D('',#4410,#4411,#4412);
#4414=CIRCLE('',#4413,0.00010000000000000064);
#4415=EDGE_CURVE('',#4318,#4318,#4414,.T.);
#4416=ORIENTED_EDGE('',*,*,#4415,.F.);
#4417=EDGE_LOOP('',(#4416));
#4418=FACE_BOUND('',#4417,.T.);
#4419=ADVANCED_FACE('',(#4409,#4418),#4400,.T.);
#4420=CARTESIAN_POINT('',(0.0020833333333340025,0.0022000000000000006,0.0111));
#4421=DIRECTION('',(0.,0.,1.));
#4422=DIRECTION('',(1.,0.,0.));
#4423=AXIS2_PLACEMENT_3D('',#4420,#4421,#4422);
#4424=TOROIDAL_SURFACE('',#4423,0.00010000000000000064,0.0004);
#4425=CARTESIAN_POINT('',(0.0020833333333340025,0.0022000000000000006,0.0111));
#4426=DIRECTION('',(0.,0.,-1.));
#4427=DIRECTION('',(1.,0.,0.));
#4428=AXIS2_PLACEMENT_3D('',#4425,#4426,#4427);
#4429=CIRCLE('',#4428,0.0005000000000000007);
#4430=EDGE_CURVE('',#4206,#4206,#4429,.T.);
#4431=ORIENTED_EDGE('',*,*,#4430,.F.);
#4432=EDGE_LOOP('',(#4431));
#4433=FACE_OUTER_BOUND('',#4432,.T.);
#4434=CARTESIAN_POINT('',(0.0020833333333340025,0.0022000000000000006,0.0115));
#4435=DIRECTION('',(0.,0.,1.));
#4436=DIRECTION('',(1.,0.,0.));
#4437=AXIS2_PLACEMENT_3D('',#4434,#4435,#4436);
#4438=CIRCLE('',#4437,0.00010000000000000064);
#4439=EDGE_CURVE('',#4232,#4232,#4438,.T.);
#4440=ORIENTED_EDGE('',*,*,#4439,.F.);
#4441=EDGE_LOOP('',(#4440));
#4442=FACE_BOUND('',#4441,.T.);
#4443=ADVANCED_FACE('',(#4433,#4442),#4424,.T.);
#4444=CARTESIAN_POINT('',(-0.002083333333332997,-0.01145,-0.006250000000000002));
#4445=DIRECTION('',(0.,-1.,0.));
#4446=DIRECTION('',(0.,0.,-1.));
#4447=AXIS2_PLACEMENT_3D('',#4444,#4445,#4446);
#4448=TOROIDAL_SURFACE('',#4447,0.00010000000000000086,0.0004);
#4449=CARTESIAN_POINT('',(-0.002083333333332997,-0.01145,-0.006250000000000002));
#4450=DIRECTION('',(0.,1.,0.));
#4451=DIRECTION('',(0.,0.,-1.));
#4452=AXIS2_PLACEMENT_3D('',#4449,#4450,#4451);
#4453=CIRCLE('',#4452,0.0005000000000000009);
#4454=EDGE_CURVE('',#3855,#3855,#4453,.T.);
#4455=ORIENTED_EDGE('',*,*,#4454,.F.);
#4456=EDGE_LOOP('',(#4455));
#4457=FACE_OUTER_BOUND('',#4456,.T.);
#4458=CARTESIAN_POINT('',(-0.002083333333332997,-0.01185,-0.006250000000000002));
#4459=DIRECTION('',(0.,-1.,0.));
#4460=DIRECTION('',(0.,0.,-1.));
#4461=AXIS2_PLACEMENT_3D('',#4458,#4459,#4460);
#4462=CIRCLE('',#4461,0.00010000000000000086);
#4463=EDGE_CURVE('',#3881,#3881,#4462,.T.);
#4464=ORIENTED_EDGE('',*,*,#4463,.F.);
#4465=EDGE_LOOP('',(#4464));
#4466=FACE_BOUND('',#4465,.T.);
#4467=ADVANCED_FACE('',(#4457,#4466),#4448,.T.);
#4468=CARTESIAN_POINT('',(-0.002083333333332997,0.0022000000000000006,0.0111));
#4469=DIRECTION('',(0.,0.,1.));
#4470=DIRECTION('',(1.,0.,0.));
#4471=AXIS2_PLACEMENT_3D('',#4468,#4469,#4470);
#4472=TOROIDAL_SURFACE('',#4471,0.00010000000000000064,0.0004);
#4473=CARTESIAN_POINT('',(-0.002083333333332997,0.0022000000000000006,0.0111));
#4474=DIRECTION('',(0.,0.,-1.));
#4475=DIRECTION('',(1.,0.,0.));
#4476=AXIS2_PLACEMENT_3D('',#4473,#4474,#4475);
#4477=CIRCLE('',#4476,0.0005000000000000007);
#4478=EDGE_CURVE('',#4120,#4120,#4477,.T.);
#4479=ORIENTED_EDGE('',*,*,#4478,.F.);
#4480=EDGE_LOOP('',(#4479));
#4481=FACE_OUTER_BOUND('',#4480,.T.);
#4482=CARTESIAN_POINT('',(-0.002083333333332997,0.0022000000000000006,0.0115));
#4483=DIRECTION('',(0.,0.,1.));
#4484=DIRECTION('',(1.,0.,0.));
#4485=AXIS2_PLACEMENT_3D('',#4482,#4483,#4484);
#4486=CIRCLE('',#4485,0.00010000000000000064);
#4487=EDGE_CURVE('',#4146,#4146,#4486,.T.);
#4488=ORIENTED_EDGE('',*,*,#4487,.F.);
#4489=EDGE_LOOP('',(#4488));
#4490=FACE_BOUND('',#4489,.T.);
#4491=ADVANCED_FACE('',(#4481,#4490),#4472,.T.);
#4492=CARTESIAN_POINT('',(-0.006249999999999997,0.0022000000000000006,0.0111));
#4493=DIRECTION('',(0.,0.,1.));
#4494=DIRECTION('',(1.,0.,0.));
#4495=AXIS2_PLACEMENT_3D('',#4492,#4493,#4494);
#4496=TOROIDAL_SURFACE('',#4495,0.00010000000000000064,0.0004);
#4497=CARTESIAN_POINT('',(-0.006249999999999997,0.0022000000000000006,0.0111));
#4498=DIRECTION('',(0.,0.,-1.));
#4499=DIRECTION('',(1.,0.,0.));
#4500=AXIS2_PLACEMENT_3D('',#4497,#4498,#4499);
#4501=CIRCLE('',#4500,0.0005000000000000007);
#4502=EDGE_CURVE('',#3251,#3251,#4501,.T.);
#4503=ORIENTED_EDGE('',*,*,#4502,.F.);
#4504=EDGE_LOOP('',(#4503));
#4505=FACE_OUTER_BOUND('',#4504,.T.);
#4506=CARTESIAN_POINT('',(-0.006249999999999997,0.0022000000000000006,0.0115));
#4507=DIRECTION('',(0.,0.,1.));
#4508=DIRECTION('',(1.,0.,0.));
#4509=AXIS2_PLACEMENT_3D('',#4506,#4507,#4508);
#4510=CIRCLE('',#4509,0.00010000000000000064);
#4511=EDGE_CURVE('',#3277,#3277,#4510,.T.);
#4512=ORIENTED_EDGE('',*,*,#4511,.F.);
#4513=EDGE_LOOP('',(#4512));
#4514=FACE_BOUND('',#4513,.T.);
#4515=ADVANCED_FACE('',(#4505,#4514),#4496,.T.);
#4516=CARTESIAN_POINT('',(0.0020833333333340025,-0.01145,-0.002083333333300002));
#4517=DIRECTION('',(0.,-1.,0.));
#4518=DIRECTION('',(0.,0.,-1.));
#4519=AXIS2_PLACEMENT_3D('',#4516,#4517,#4518);
#4520=TOROIDAL_SURFACE('',#4519,0.00010000000000000086,0.0004);
#4521=CARTESIAN_POINT('',(0.0020833333333340025,-0.01145,-0.002083333333300002));
#4522=DIRECTION('',(0.,1.,0.));
#4523=DIRECTION('',(0.,0.,-1.));
#4524=AXIS2_PLACEMENT_3D('',#4521,#4522,#4523);
#4525=CIRCLE('',#4524,0.0005000000000000009);
#4526=EDGE_CURVE('',#3984,#3984,#4525,.T.);
#4527=ORIENTED_EDGE('',*,*,#4526,.F.);
#4528=EDGE_LOOP('',(#4527));
#4529=FACE_OUTER_BOUND('',#4528,.T.);
#4530=CARTESIAN_POINT('',(0.0020833333333340025,-0.01185,-0.002083333333300002));
#4531=DIRECTION('',(0.,-1.,0.));
#4532=DIRECTION('',(0.,0.,-1.));
#4533=AXIS2_PLACEMENT_3D('',#4530,#4531,#4532);
#4534=CIRCLE('',#4533,0.00010000000000000086);
#4535=EDGE_CURVE('',#4017,#4017,#4534,.T.);
#4536=ORIENTED_EDGE('',*,*,#4535,.F.);
#4537=EDGE_LOOP('',(#4536));
#4538=FACE_BOUND('',#4537,.T.);
#4539=ADVANCED_FACE('',(#4529,#4538),#4520,.T.);
#4540=CARTESIAN_POINT('',(-0.002083333333332997,-0.01145,-0.002083333333300002));
#4541=DIRECTION('',(0.,-1.,0.));
#4542=DIRECTION('',(0.,0.,-1.));
#4543=AXIS2_PLACEMENT_3D('',#4540,#4541,#4542);
#4544=TOROIDAL_SURFACE('',#4543,0.00010000000000000086,0.0004);
#4545=CARTESIAN_POINT('',(-0.002083333333332997,-0.01145,-0.002083333333300002));
#4546=DIRECTION('',(0.,1.,0.));
#4547=DIRECTION('',(0.,0.,-1.));
#4548=AXIS2_PLACEMENT_3D('',#4545,#4546,#4547);
#4549=CIRCLE('',#4548,0.0005000000000000009);
#4550=EDGE_CURVE('',#3898,#3898,#4549,.T.);
#4551=ORIENTED_EDGE('',*,*,#4550,.F.);
#4552=EDGE_LOOP('',(#4551));
#4553=FACE_OUTER_BOUND('',#4552,.T.);
#4554=CARTESIAN_POINT('',(-0.002083333333332997,-0.01185,-0.002083333333300002));
#4555=DIRECTION('',(0.,-1.,0.));
#4556=DIRECTION('',(0.,0.,-1.));
#4557=AXIS2_PLACEMENT_3D('',#4554,#4555,#4556);
#4558=CIRCLE('',#4557,0.00010000000000000086);
#4559=EDGE_CURVE('',#3924,#3924,#4558,.T.);
#4560=ORIENTED_EDGE('',*,*,#4559,.F.);
#4561=EDGE_LOOP('',(#4560));
#4562=FACE_BOUND('',#4561,.T.);
#4563=ADVANCED_FACE('',(#4553,#4562),#4544,.T.);
#4564=CARTESIAN_POINT('',(-0.006249999999999997,-0.01145,-0.002083333333300002));
#4565=DIRECTION('',(0.,-1.,0.));
#4566=DIRECTION('',(0.,0.,-1.));
#4567=AXIS2_PLACEMENT_3D('',#4564,#4565,#4566);
#4568=TOROIDAL_SURFACE('',#4567,0.00010000000000000086,0.0004);
#4569=CARTESIAN_POINT('',(-0.006249999999999997,-0.01145,-0.002083333333300002));
#4570=DIRECTION('',(0.,1.,0.));
#4571=DIRECTION('',(0.,0.,-1.));
#4572=AXIS2_PLACEMENT_3D('',#4569,#4570,#4571);
#4573=CIRCLE('',#4572,0.0005000000000000009);
#4574=EDGE_CURVE('',#3805,#3805,#4573,.T.);
#4575=ORIENTED_EDGE('',*,*,#4574,.F.);
#4576=EDGE_LOOP('',(#4575));
#4577=FACE_OUTER_BOUND('',#4576,.T.);
#4578=CARTESIAN_POINT('',(-0.006249999999999997,-0.01185,-0.002083333333300002));
#4579=DIRECTION('',(0.,-1.,0.));
#4580=DIRECTION('',(0.,0.,-1.));
#4581=AXIS2_PLACEMENT_3D('',#4578,#4579,#4580);
#4582=CIRCLE('',#4581,0.00010000000000000086);
#4583=EDGE_CURVE('',#3838,#3838,#4582,.T.);
#4584=ORIENTED_EDGE('',*,*,#4583,.F.);
#4585=EDGE_LOOP('',(#4584));
#4586=FACE_BOUND('',#4585,.T.);
#4587=ADVANCED_FACE('',(#4577,#4586),#4568,.T.);
#4588=CARTESIAN_POINT('',(0.006250000000001003,-0.01145,-0.006250000000000002));
#4589=DIRECTION('',(0.,-1.,0.));
#4590=DIRECTION('',(0.,0.,-1.));
#4591=AXIS2_PLACEMENT_3D('',#4588,#4589,#4590);
#4592=TOROIDAL_SURFACE('',#4591,0.00010000000000000086,0.0004);
#4593=CARTESIAN_POINT('',(0.006250000000001003,-0.01145,-0.006250000000000002));
#4594=DIRECTION('',(0.,1.,0.));
#4595=DIRECTION('',(0.,0.,-1.));
#4596=AXIS2_PLACEMENT_3D('',#4593,#4594,#4595);
#4597=CIRCLE('',#4596,0.0005000000000000009);
#4598=EDGE_CURVE('',#4034,#4034,#4597,.T.);
#4599=ORIENTED_EDGE('',*,*,#4598,.F.);
#4600=EDGE_LOOP('',(#4599));
#4601=FACE_OUTER_BOUND('',#4600,.T.);
#4602=CARTESIAN_POINT('',(0.006250000000001003,-0.01185,-0.006250000000000002));
#4603=DIRECTION('',(0.,-1.,0.));
#4604=DIRECTION('',(0.,0.,-1.));
#4605=AXIS2_PLACEMENT_3D('',#4602,#4603,#4604);
#4606=CIRCLE('',#4605,0.00010000000000000086);
#4607=EDGE_CURVE('',#4060,#4060,#4606,.T.);
#4608=ORIENTED_EDGE('',*,*,#4607,.F.);
#4609=EDGE_LOOP('',(#4608));
#4610=FACE_BOUND('',#4609,.T.);
#4611=ADVANCED_FACE('',(#4601,#4610),#4592,.T.);
#4612=CARTESIAN_POINT('',(0.0020833333333340025,-0.01145,-0.006250000000000002));
#4613=DIRECTION('',(0.,-1.,0.));
#4614=DIRECTION('',(0.,0.,-1.));
#4615=AXIS2_PLACEMENT_3D('',#4612,#4613,#4614);
#4616=TOROIDAL_SURFACE('',#4615,0.00010000000000000086,0.0004);
#4617=CARTESIAN_POINT('',(0.0020833333333340025,-0.01145,-0.006250000000000002));
#4618=DIRECTION('',(0.,1.,0.));
#4619=DIRECTION('',(0.,0.,-1.));
#4620=AXIS2_PLACEMENT_3D('',#4617,#4618,#4619);
#4621=CIRCLE('',#4620,0.0005000000000000009);
#4622=EDGE_CURVE('',#3941,#3941,#4621,.T.);
#4623=ORIENTED_EDGE('',*,*,#4622,.F.);
#4624=EDGE_LOOP('',(#4623));
#4625=FACE_OUTER_BOUND('',#4624,.T.);
#4626=CARTESIAN_POINT('',(0.0020833333333340025,-0.01185,-0.006250000000000002));
#4627=DIRECTION('',(0.,-1.,0.));
#4628=DIRECTION('',(0.,0.,-1.));
#4629=AXIS2_PLACEMENT_3D('',#4626,#4627,#4628);
#4630=CIRCLE('',#4629,0.00010000000000000086);
#4631=EDGE_CURVE('',#3967,#3967,#4630,.T.);
#4632=ORIENTED_EDGE('',*,*,#4631,.F.);
#4633=EDGE_LOOP('',(#4632));
#4634=FACE_BOUND('',#4633,.T.);
#4635=ADVANCED_FACE('',(#4625,#4634),#4616,.T.);
#4636=CARTESIAN_POINT('',(-0.006249999999999997,-0.01145,-0.006250000000000002));
#4637=DIRECTION('',(0.,-1.,0.));
#4638=DIRECTION('',(0.,0.,-1.));
#4639=AXIS2_PLACEMENT_3D('',#4636,#4637,#4638);
#4640=TOROIDAL_SURFACE('',#4639,0.00010000000000000086,0.0004);
#4641=CARTESIAN_POINT('',(-0.006249999999999997,-0.01145,-0.006250000000000002));
#4642=DIRECTION('',(0.,1.,0.));
#4643=DIRECTION('',(0.,0.,-1.));
#4644=AXIS2_PLACEMENT_3D('',#4641,#4642,#4643);
#4645=CIRCLE('',#4644,0.0005000000000000009);
#4646=EDGE_CURVE('',#3762,#3762,#4645,.T.);
#4647=ORIENTED_EDGE('',*,*,#4646,.F.);
#4648=EDGE_LOOP('',(#4647));
#4649=FACE_OUTER_BOUND('',#4648,.T.);
#4650=CARTESIAN_POINT('',(-0.006249999999999997,-0.01185,-0.006250000000000002));
#4651=DIRECTION('',(0.,-1.,0.));
#4652=DIRECTION('',(0.,0.,-1.));
#4653=AXIS2_PLACEMENT_3D('',#4650,#4651,#4652);
#4654=CIRCLE('',#4653,0.00010000000000000086);
#4655=EDGE_CURVE('',#3788,#3788,#4654,.T.);
#4656=ORIENTED_EDGE('',*,*,#4655,.F.);
#4657=EDGE_LOOP('',(#4656));
#4658=FACE_BOUND('',#4657,.T.);
#4659=ADVANCED_FACE('',(#4649,#4658),#4640,.T.);
#4660=CLOSED_SHELL('',(#47,#75,#103,#131,#159,#187,#303,#390,#438,#486,#628,#656,#806,#902,#942,#977,#1017,#1052,#1074,#1091,#1161,#1207,#1251,#1291,#1313,#1383,#1419,#1487,#1615,#1659,#1691,#1723,#1759,#1793,#1827,#1859,#1891,#1981,#2020,#2051,#2068,#2124,#2180,#2212,#2248,#2282,#2316,#2348,#2380,#2412,#2468,#2524,#2556,#2588,#2624,#2656,#2692,#2724,#2760,#2792,#2828,#2862,#2900,#2934,#2972,#3006,#3044,#3076,#3215,#3239,#3265,#3282,#3306,#3330,#3354,#3378,#3402,#3426,#3460,#3506,#3542,#3610,#3642,#3674,#3706,#3750,#3776,#3793,#3826,#3843,#3869,#3886,#3912,#3929,#3955,#3972,#4005,#4022,#4048,#4065,#4091,#4108,#4134,#4151,#4177,#4194,#4220,#4237,#4263,#4280,#4306,#4323,#4347,#4371,#4395,#4419,#4443,#4467,#4491,#4515,#4539,#4563,#4587,#4611,#4635,#4659));
#4661=MANIFOLD_SOLID_BREP('',#4660);
#4662=CARTESIAN_POINT('',(0.,0.,0.));
#4663=DIRECTION('',(0.,0.,1.));
#4664=DIRECTION('',(1.,0.,0.));
#4665=AXIS2_PLACEMENT_3D('',#4662,#4663,#4664);
#4666=(LENGTH_UNIT() NAMED_UNIT(*) SI_UNIT($,.METRE.));
#4667=(NAMED_UNIT(*) PLANE_ANGLE_UNIT() SI_UNIT($,.RADIAN.));
#4668=(NAMED_UNIT(*) SI_UNIT($,.STERADIAN.) SOLID_ANGLE_UNIT());
#4669=UNCERTAINTY_MEASURE_WITH_UNIT(LENGTH_MEASURE(1.E-07),#4666,'distance_accuracy_value','confusion accuracy');
#4670=(GEOMETRIC_REPRESENTATION_CONTEXT(3) GLOBAL_UNCERTAINTY_ASSIGNED_CONTEXT((#4669)) GLOBAL_UNIT_ASSIGNED_CONTEXT((#4666,#4667,#4668)) REPRESENTATION_CONTEXT('','3D'));
#4671=ADVANCED_BREP_SHAPE_REPRESENTATION('',(#4665,#4661),#4670);
#4672=COLOUR_RGB('',0.250980,0.250980,0.250980);
#4673=FILL_AREA_STYLE_COLOUR('',#4672);
#4674=FILL_AREA_STYLE('',(#4673));
#4675=SURFACE_STYLE_FILL_AREA(#4674);
#4676=SURFACE_SIDE_STYLE('',(#4675));
#4677=SURFACE_STYLE_USAGE(.BOTH.,#4676);
#4678=PRESENTATION_STYLE_ASSIGNMENT((#4677));
#4679=STYLED_ITEM('',(#4678),#4661);
#4680=MECHANICAL_DESIGN_GEOMETRIC_PRESENTATION_REPRESENTATION('',(#4679),#4670);
ENDSEC;
END-ISO-10303-21;