ISO-10303-21;
HEADER;
FILE_DESCRIPTION(('FreeCAD Model'),'2;1');
FILE_NAME('Open CASCADE Shape Model','2024-10-03T20:23:49',(
    'kicad StepUp'),('ksu MCAD'),'Open CASCADE STEP processor 7.7',
  'FreeCAD','Unknown');
FILE_SCHEMA(('AUTOMOTIVE_DESIGN { 1 0 10303 214 1 1 1 1 }'));
ENDSEC;
DATA;
#1 = APPLICATION_PROTOCOL_DEFINITION('international standard',
  'automotive_design',2000,#2);
#2 = APPLICATION_CONTEXT(
  'core data for automotive mechanical design processes');
#3 = SHAPE_DEFINITION_REPRESENTATION(#4,#10);
#4 = PRODUCT_DEFINITION_SHAPE('','',#5);
#5 = PRODUCT_DEFINITION('design','',#6,#9);
#6 = PRODUCT_DEFINITION_FORMATION('','',#7);
#7 = PRODUCT('Part','Part','',(#8));
#8 = PRODUCT_CONTEXT('',#2,'mechanical');
#9 = PRODUCT_DEFINITION_CONTEXT('part definition',#2,'design');
#10 = SHAPE_REPRESENTATION('',(#11,#15,#19,#23,#27,#31),#35);
#11 = AXIS2_PLACEMENT_3D('',#12,#13,#14);
#12 = CARTESIAN_POINT('',(0.,0.,0.));
#13 = DIRECTION('',(0.,0.,1.));
#14 = DIRECTION('',(1.,0.,-0.));
#15 = AXIS2_PLACEMENT_3D('',#16,#17,#18);
#16 = CARTESIAN_POINT('',(0.,0.,0.));
#17 = DIRECTION('',(0.,0.,1.));
#18 = DIRECTION('',(1.,0.,0.));
#19 = AXIS2_PLACEMENT_3D('',#20,#21,#22);
#20 = CARTESIAN_POINT('',(0.,0.,0.));
#21 = DIRECTION('',(0.,0.,1.));
#22 = DIRECTION('',(1.,0.,0.));
#23 = AXIS2_PLACEMENT_3D('',#24,#25,#26);
#24 = CARTESIAN_POINT('',(0.,0.,0.));
#25 = DIRECTION('',(0.,0.,1.));
#26 = DIRECTION('',(1.,0.,0.));
#27 = AXIS2_PLACEMENT_3D('',#28,#29,#30);
#28 = CARTESIAN_POINT('',(0.,0.,0.));
#29 = DIRECTION('',(0.,0.,1.));
#30 = DIRECTION('',(1.,0.,0.));
#31 = AXIS2_PLACEMENT_3D('',#32,#33,#34);
#32 = CARTESIAN_POINT('',(-23.,14.,-14.));
#33 = DIRECTION('',(0.,0.,1.));
#34 = DIRECTION('',(1.,0.,0.));
#35 = ( GEOMETRIC_REPRESENTATION_CONTEXT(3) 
GLOBAL_UNCERTAINTY_ASSIGNED_CONTEXT((#39)) GLOBAL_UNIT_ASSIGNED_CONTEXT(
(#36,#37,#38)) REPRESENTATION_CONTEXT('Context #1',
  '3D Context with UNIT and UNCERTAINTY') );
#36 = ( LENGTH_UNIT() NAMED_UNIT(*) SI_UNIT(.MILLI.,.METRE.) );
#37 = ( NAMED_UNIT(*) PLANE_ANGLE_UNIT() SI_UNIT($,.RADIAN.) );
#38 = ( NAMED_UNIT(*) SI_UNIT($,.STERADIAN.) SOLID_ANGLE_UNIT() );
#39 = UNCERTAINTY_MEASURE_WITH_UNIT(LENGTH_MEASURE(2.E-06),#36,
  'distance_accuracy_value','confusion accuracy');
#40 = PRODUCT_RELATED_PRODUCT_CATEGORY('part',$,(#7));
#41 = SHAPE_DEFINITION_REPRESENTATION(#42,#48);
#42 = PRODUCT_DEFINITION_SHAPE('','',#43);
#43 = PRODUCT_DEFINITION('design','',#44,#47);
#44 = PRODUCT_DEFINITION_FORMATION('','',#45);
#45 = PRODUCT('carcasa','carcasa','',(#46));
#46 = PRODUCT_CONTEXT('',#2,'mechanical');
#47 = PRODUCT_DEFINITION_CONTEXT('part definition',#2,'design');
#48 = ADVANCED_BREP_SHAPE_REPRESENTATION('',(#11,#49),#1889);
#49 = MANIFOLD_SOLID_BREP('',#50);
#50 = CLOSED_SHELL('',(#51,#95,#172,#192,#228,#264,#341,#418,#762,#787,
    #829,#853,#886,#921,#947,#982,#999,#1031,#1055,#1088,#1113,#1148,
    #1165,#1197,#1221,#1254,#1279,#1314,#1331,#1363,#1387,#1411,#1446,
    #1479,#1497,#1561,#1581,#1607,#1632,#1652,#1678,#1703,#1723,#1749,
    #1774,#1794,#1820,#1845,#1854,#1880));
#51 = ADVANCED_FACE('',(#52),#90,.T.);
#52 = FACE_BOUND('',#53,.T.);
#53 = EDGE_LOOP('',(#54,#64,#71,#72));
#54 = ORIENTED_EDGE('',*,*,#55,.F.);
#55 = EDGE_CURVE('',#56,#58,#60,.T.);
#56 = VERTEX_POINT('',#57);
#57 = CARTESIAN_POINT('',(0.,0.,20.));
#58 = VERTEX_POINT('',#59);
#59 = CARTESIAN_POINT('',(1.719223593596,0.,20.));
#60 = LINE('',#61,#62);
#61 = CARTESIAN_POINT('',(0.,-4.44E-15,20.));
#62 = VECTOR('',#63,1.);
#63 = DIRECTION('',(1.,0.,0.));
#64 = ORIENTED_EDGE('',*,*,#65,.T.);
#65 = EDGE_CURVE('',#56,#56,#66,.T.);
#66 = CIRCLE('',#67,20.);
#67 = AXIS2_PLACEMENT_3D('',#68,#69,#70);
#68 = CARTESIAN_POINT('',(0.,0.,0.));
#69 = DIRECTION('',(1.,0.,-0.));
#70 = DIRECTION('',(0.,2.2E-16,1.));
#71 = ORIENTED_EDGE('',*,*,#55,.T.);
#72 = ORIENTED_EDGE('',*,*,#73,.F.);
#73 = EDGE_CURVE('',#58,#58,#74,.T.);
#74 = ( BOUNDED_CURVE() B_SPLINE_CURVE(14,(#75,#76,#77,#78,#79,#80,#81,
    #82,#83,#84,#85,#86,#87,#88,#89),.UNSPECIFIED.,.T.,.F.) 
B_SPLINE_CURVE_WITH_KNOTS((15,15),(2.49E-15,125.66370614359),
.PIECEWISE_BEZIER_KNOTS.) CURVE() GEOMETRIC_REPRESENTATION_ITEM() 
RATIONAL_B_SPLINE_CURVE((1.,1.,1.,1.,1.,1.,1.000000000001,0.999999999999
    ,1.000000000002,0.999999999999,1.000000000001,0.999999999999,1.,1.,
1.)) REPRESENTATION_ITEM('') );
#75 = CARTESIAN_POINT('',(1.719223593596,4.44E-15,20.));
#76 = CARTESIAN_POINT('',(1.719223593596,-8.846135158822,20.000000000006
    ));
#77 = CARTESIAN_POINT('',(1.719223593595,-17.88057666512,15.787040958768
    ));
#78 = CARTESIAN_POINT('',(1.719223593597,-24.74856164419,7.064034873757)
  );
#79 = CARTESIAN_POINT('',(1.719223593593,-27.00642849263,-4.833517814833
    ));
#80 = CARTESIAN_POINT('',(1.7192235936,-22.53717179934,-17.15801395641)
  );
#81 = CARTESIAN_POINT('',(1.71922359359,-13.68834392654,-25.42574471541)
  );
#82 = CARTESIAN_POINT('',(1.719223593602,-1.9999127E-10,-30.65599122642)
  );
#83 = CARTESIAN_POINT('',(1.719223593589,13.688343926893,-25.4257447154)
  );
#84 = CARTESIAN_POINT('',(1.7192235936,22.537171799109,-17.15801395643)
  );
#85 = CARTESIAN_POINT('',(1.719223593593,27.006428492761,-4.833517814836
    ));
#86 = CARTESIAN_POINT('',(1.719223593597,24.748561644133,7.064034873767)
  );
#87 = CARTESIAN_POINT('',(1.719223593595,17.880576665142,15.787040958762
    ));
#88 = CARTESIAN_POINT('',(1.719223593596,8.846135158817,20.000000000008)
  );
#89 = CARTESIAN_POINT('',(1.719223593596,9.34E-15,20.));
#90 = CYLINDRICAL_SURFACE('',#91,20.);
#91 = AXIS2_PLACEMENT_3D('',#92,#93,#94);
#92 = CARTESIAN_POINT('',(0.,0.,0.));
#93 = DIRECTION('',(1.,0.,0.));
#94 = DIRECTION('',(0.,2.2E-16,1.));
#95 = ADVANCED_FACE('',(#96),#126,.F.);
#96 = FACE_BOUND('',#97,.F.);
#97 = EDGE_LOOP('',(#98,#106,#124,#125));
#98 = ORIENTED_EDGE('',*,*,#99,.T.);
#99 = EDGE_CURVE('',#58,#100,#102,.T.);
#100 = VERTEX_POINT('',#101);
#101 = CARTESIAN_POINT('',(2.689366093741,0.,19.242535625036));
#102 = ( BOUNDED_CURVE() B_SPLINE_CURVE(2,(#103,#104,#105),
.UNSPECIFIED.,.F.,.F.) B_SPLINE_CURVE_WITH_KNOTS((3,3),(0.,
125.66370614359),.PIECEWISE_BEZIER_KNOTS.) CURVE() 
GEOMETRIC_REPRESENTATION_ITEM() RATIONAL_B_SPLINE_CURVE((1.,
0.788205438016,1.)) REPRESENTATION_ITEM('') );
#103 = CARTESIAN_POINT('',(1.719223593596,4.44E-15,20.));
#104 = CARTESIAN_POINT('',(2.5,1.305E-14,20.));
#105 = CARTESIAN_POINT('',(2.689366093741,4.27E-15,19.242535625036));
#106 = ORIENTED_EDGE('',*,*,#107,.T.);
#107 = EDGE_CURVE('',#100,#100,#108,.T.);
#108 = ( BOUNDED_CURVE() B_SPLINE_CURVE(14,(#109,#110,#111,#112,#113,
    #114,#115,#116,#117,#118,#119,#120,#121,#122,#123),.UNSPECIFIED.,.T.
,.F.) B_SPLINE_CURVE_WITH_KNOTS((15,15),(2.49E-15,125.66370614359),
.PIECEWISE_BEZIER_KNOTS.) CURVE() GEOMETRIC_REPRESENTATION_ITEM() 
RATIONAL_B_SPLINE_CURVE((1.,1.,1.,1.,1.,1.,1.000000000001,0.999999999999
    ,1.000000000002,0.999999999999,1.000000000001,0.999999999999,1.,1.,
1.)) REPRESENTATION_ITEM('') );
#109 = CARTESIAN_POINT('',(2.689366093741,4.27E-15,19.242535625036));
#110 = CARTESIAN_POINT('',(2.689366093741,-8.511103546876,
    19.242535625036));
#111 = CARTESIAN_POINT('',(2.689366093741,-17.20338167374,
    15.189134903179));
#112 = CARTESIAN_POINT('',(2.68936609374,-23.81125395533,6.796497135655)
  );
#113 = CARTESIAN_POINT('',(2.689366093744,-25.98360811873,
    -4.650456937135));
#114 = CARTESIAN_POINT('',(2.689366093736,-21.68361656181,
    -16.50818474084));
#115 = CARTESIAN_POINT('',(2.689366093747,-13.16992228273,-24.4627899236
    ));
#116 = CARTESIAN_POINT('',(2.689366093734,-1.6646101E-10,-29.49495016517
    ));
#117 = CARTESIAN_POINT('',(2.689366093747,13.169922283019,
    -24.46278992359));
#118 = CARTESIAN_POINT('',(2.689366093737,21.683616561627,
    -16.50818474084));
#119 = CARTESIAN_POINT('',(2.689366093743,25.983608118822,
    -4.650456937152));
#120 = CARTESIAN_POINT('',(2.68936609374,23.811253955297,6.796497135672)
  );
#121 = CARTESIAN_POINT('',(2.689366093741,17.203381673754,
    15.189134903171));
#122 = CARTESIAN_POINT('',(2.689366093741,8.511103546873,19.242535625038
    ));
#123 = CARTESIAN_POINT('',(2.689366093741,8.99E-15,19.242535625036));
#124 = ORIENTED_EDGE('',*,*,#99,.F.);
#125 = ORIENTED_EDGE('',*,*,#73,.F.);
#126 = ( BOUNDED_SURFACE() B_SPLINE_SURFACE(2,14,(
    (#127,#128,#129,#130,#131,#132,#133,#134,#135,#136,#137,#138,#139
      ,#140,#141)
    ,(#142,#143,#144,#145,#146,#147,#148,#149,#150,#151,#152,#153,#154
      ,#155,#156)
    ,(#157,#158,#159,#160,#161,#162,#163,#164,#165,#166,#167,#168,#169
      ,#170,#171
)),.UNSPECIFIED.,.F.,.T.,.F.) B_SPLINE_SURFACE_WITH_KNOTS((3,3),(15,15),
  (0.,125.66370614359),(2.49E-15,125.66370614359),
.PIECEWISE_BEZIER_KNOTS.) GEOMETRIC_REPRESENTATION_ITEM() 
RATIONAL_B_SPLINE_SURFACE((
    (1.,1.,1.,1.,1.,1.,1.000000000001,0.999999999999,1.000000000002
      ,0.999999999999,1.000000000001,0.999999999999,1.,1.,1.)
    ,(0.788205438016,0.788205438016,0.788205438017,0.788205438015
      ,0.78820543802,0.78820543801,0.788205438025,0.788205438006
      ,0.788205438026,0.788205438009,0.788205438021,0.788205438014
      ,0.788205438017,0.788205438016,0.788205438016)
    ,(1.,1.,1.,1.,1.,1.,1.000000000001,0.999999999999,1.000000000002
      ,0.999999999999,1.000000000001,0.999999999999,1.,1.,1.
))) REPRESENTATION_ITEM('') SURFACE() );
#127 = CARTESIAN_POINT('',(1.719223593596,4.44E-15,20.));
#128 = CARTESIAN_POINT('',(1.719223593596,-8.846135158822,
    20.000000000006));
#129 = CARTESIAN_POINT('',(1.719223593595,-17.88057666512,
    15.787040958768));
#130 = CARTESIAN_POINT('',(1.719223593597,-24.74856164419,7.064034873757
    ));
#131 = CARTESIAN_POINT('',(1.719223593593,-27.00642849263,
    -4.833517814833));
#132 = CARTESIAN_POINT('',(1.7192235936,-22.53717179934,-17.15801395641)
  );
#133 = CARTESIAN_POINT('',(1.71922359359,-13.68834392654,-25.42574471541
    ));
#134 = CARTESIAN_POINT('',(1.719223593602,-1.9999127E-10,-30.65599122642
    ));
#135 = CARTESIAN_POINT('',(1.719223593589,13.688343926893,-25.4257447154
    ));
#136 = CARTESIAN_POINT('',(1.7192235936,22.537171799109,-17.15801395643)
  );
#137 = CARTESIAN_POINT('',(1.719223593593,27.006428492761,
    -4.833517814836));
#138 = CARTESIAN_POINT('',(1.719223593597,24.748561644133,7.064034873767
    ));
#139 = CARTESIAN_POINT('',(1.719223593595,17.880576665142,
    15.787040958762));
#140 = CARTESIAN_POINT('',(1.719223593596,8.846135158817,20.000000000008
    ));
#141 = CARTESIAN_POINT('',(1.719223593596,9.34E-15,20.));
#142 = CARTESIAN_POINT('',(2.5,1.305E-14,20.));
#143 = CARTESIAN_POINT('',(2.5,-8.846135158828,20.000000000002));
#144 = CARTESIAN_POINT('',(2.5,-17.88057666508,15.787040958788));
#145 = CARTESIAN_POINT('',(2.5,-24.74856164429,7.064034873682));
#146 = CARTESIAN_POINT('',(2.500000000001,-27.0064284924,-4.833517814624
    ));
#147 = CARTESIAN_POINT('',(2.499999999999,-22.53717179968,
    -17.15801395685));
#148 = CARTESIAN_POINT('',(2.500000000001,-13.68834392618,
    -25.42574471475));
#149 = CARTESIAN_POINT('',(2.499999999999,-4.413632E-10,-30.65599122721)
  );
#150 = CARTESIAN_POINT('',(2.5,13.688343926966,-25.42574471473));
#151 = CARTESIAN_POINT('',(2.5,22.537171799127,-17.15801395686));
#152 = CARTESIAN_POINT('',(2.5,27.006428492727,-4.83351781463));
#153 = CARTESIAN_POINT('',(2.5,24.748561644144,7.064034873696));
#154 = CARTESIAN_POINT('',(2.5,17.880576665144,15.78704095878));
#155 = CARTESIAN_POINT('',(2.5,8.846135158815,20.000000000005));
#156 = CARTESIAN_POINT('',(2.5,-4.103E-14,20.));
#157 = CARTESIAN_POINT('',(2.689366093741,4.27E-15,19.242535625036));
#158 = CARTESIAN_POINT('',(2.689366093741,-8.511103546876,
    19.242535625036));
#159 = CARTESIAN_POINT('',(2.689366093741,-17.20338167374,
    15.189134903179));
#160 = CARTESIAN_POINT('',(2.68936609374,-23.81125395533,6.796497135655)
  );
#161 = CARTESIAN_POINT('',(2.689366093744,-25.98360811873,
    -4.650456937135));
#162 = CARTESIAN_POINT('',(2.689366093736,-21.68361656181,
    -16.50818474084));
#163 = CARTESIAN_POINT('',(2.689366093747,-13.16992228273,-24.4627899236
    ));
#164 = CARTESIAN_POINT('',(2.689366093734,-1.6646101E-10,-29.49495016517
    ));
#165 = CARTESIAN_POINT('',(2.689366093747,13.169922283019,
    -24.46278992359));
#166 = CARTESIAN_POINT('',(2.689366093737,21.683616561627,
    -16.50818474084));
#167 = CARTESIAN_POINT('',(2.689366093743,25.983608118822,
    -4.650456937152));
#168 = CARTESIAN_POINT('',(2.68936609374,23.811253955297,6.796497135672)
  );
#169 = CARTESIAN_POINT('',(2.689366093741,17.203381673754,
    15.189134903171));
#170 = CARTESIAN_POINT('',(2.689366093741,8.511103546873,19.242535625038
    ));
#171 = CARTESIAN_POINT('',(2.689366093741,8.99E-15,19.242535625036));
#172 = ADVANCED_FACE('',(#173,#184),#187,.F.);
#173 = FACE_BOUND('',#174,.T.);
#174 = EDGE_LOOP('',(#175));
#175 = ORIENTED_EDGE('',*,*,#176,.T.);
#176 = EDGE_CURVE('',#177,#177,#179,.T.);
#177 = VERTEX_POINT('',#178);
#178 = CARTESIAN_POINT('',(0.,0.,19.8));
#179 = CIRCLE('',#180,19.8);
#180 = AXIS2_PLACEMENT_3D('',#181,#182,#183);
#181 = CARTESIAN_POINT('',(0.,0.,0.));
#182 = DIRECTION('',(1.,0.,-0.));
#183 = DIRECTION('',(0.,2.2E-16,1.));
#184 = FACE_BOUND('',#185,.T.);
#185 = EDGE_LOOP('',(#186));
#186 = ORIENTED_EDGE('',*,*,#65,.F.);
#187 = PLANE('',#188);
#188 = AXIS2_PLACEMENT_3D('',#189,#190,#191);
#189 = CARTESIAN_POINT('',(0.,0.,0.));
#190 = DIRECTION('',(1.,0.,0.));
#191 = DIRECTION('',(0.,2.2E-16,1.));
#192 = ADVANCED_FACE('',(#193),#223,.T.);
#193 = FACE_BOUND('',#194,.T.);
#194 = EDGE_LOOP('',(#195,#203,#204,#205));
#195 = ORIENTED_EDGE('',*,*,#196,.F.);
#196 = EDGE_CURVE('',#100,#197,#199,.T.);
#197 = VERTEX_POINT('',#198);
#198 = CARTESIAN_POINT('',(2.810633906259,0.,18.757464374964));
#199 = LINE('',#200,#201);
#200 = CARTESIAN_POINT('',(2.5,-4.44E-15,20.));
#201 = VECTOR('',#202,1.);
#202 = DIRECTION('',(0.242535625036,2.2E-16,-0.970142500145));
#203 = ORIENTED_EDGE('',*,*,#107,.T.);
#204 = ORIENTED_EDGE('',*,*,#196,.T.);
#205 = ORIENTED_EDGE('',*,*,#206,.F.);
#206 = EDGE_CURVE('',#197,#197,#207,.T.);
#207 = ( BOUNDED_CURVE() B_SPLINE_CURVE(14,(#208,#209,#210,#211,#212,
    #213,#214,#215,#216,#217,#218,#219,#220,#221,#222),.UNSPECIFIED.,.T.
,.F.) B_SPLINE_CURVE_WITH_KNOTS((15,15),(2.24E-15,113.09733552923),
.PIECEWISE_BEZIER_KNOTS.) CURVE() GEOMETRIC_REPRESENTATION_ITEM() 
RATIONAL_B_SPLINE_CURVE((1.,1.000000000001,0.999999999996,1.000000000012
    ,0.999999999975,1.000000000041,0.999999999945,1.00000000006,
    0.999999999947,1.000000000039,0.999999999977,1.000000000011,
0.999999999996,1.000000000001,1.)) REPRESENTATION_ITEM('') );
#208 = CARTESIAN_POINT('',(2.810633906259,4.16E-15,18.757464374964));
#209 = CARTESIAN_POINT('',(2.810633906259,-8.296553254881,
    18.757464374937));
#210 = CARTESIAN_POINT('',(2.810633906259,-16.76971399005,
    14.806242918647));
#211 = CARTESIAN_POINT('',(2.810633906259,-23.21101316836,6.6251691241)
  );
#212 = CARTESIAN_POINT('',(2.81063390626,-25.32860601788,-4.533226910514
    ));
#213 = CARTESIAN_POINT('',(2.810633906258,-21.13700985608,
    -16.09204177676));
#214 = CARTESIAN_POINT('',(2.810633906261,-12.83793117842,
    -23.84612503556));
#215 = CARTESIAN_POINT('',(2.810633906257,-1.664075E-10,-28.75143316488)
  );
#216 = CARTESIAN_POINT('',(2.810633906261,12.837931178712,
    -23.84612503552));
#217 = CARTESIAN_POINT('',(2.810633906258,21.137009855896,
    -16.09204177679));
#218 = CARTESIAN_POINT('',(2.81063390626,25.328606017982,-4.53322691051)
  );
#219 = CARTESIAN_POINT('',(2.810633906259,23.211013168321,6.625169124111
    ));
#220 = CARTESIAN_POINT('',(2.810633906259,16.769713990072,
    14.806242918639));
#221 = CARTESIAN_POINT('',(2.810633906259,8.296553254876,18.757464374939
    ));
#222 = CARTESIAN_POINT('',(2.810633906259,8.76E-15,18.757464374964));
#223 = CONICAL_SURFACE('',#224,20.,1.325817663668);
#224 = AXIS2_PLACEMENT_3D('',#225,#226,#227);
#225 = CARTESIAN_POINT('',(2.5,0.,0.));
#226 = DIRECTION('',(-1.,-0.,-0.));
#227 = DIRECTION('',(0.,2.2E-16,1.));
#228 = ADVANCED_FACE('',(#229),#259,.F.);
#229 = FACE_BOUND('',#230,.T.);
#230 = EDGE_LOOP('',(#231,#239,#257,#258));
#231 = ORIENTED_EDGE('',*,*,#232,.F.);
#232 = EDGE_CURVE('',#233,#177,#235,.T.);
#233 = VERTEX_POINT('',#234);
#234 = CARTESIAN_POINT('',(1.519223593596,0.,19.8));
#235 = LINE('',#236,#237);
#236 = CARTESIAN_POINT('',(2.3,-4.4E-15,19.8));
#237 = VECTOR('',#238,1.);
#238 = DIRECTION('',(-1.,0.,0.));
#239 = ORIENTED_EDGE('',*,*,#240,.T.);
#240 = EDGE_CURVE('',#233,#233,#241,.T.);
#241 = ( BOUNDED_CURVE() B_SPLINE_CURVE(14,(#242,#243,#244,#245,#246,
    #247,#248,#249,#250,#251,#252,#253,#254,#255,#256),.UNSPECIFIED.,.T.
,.F.) B_SPLINE_CURVE_WITH_KNOTS((15,15),(2.46E-15,124.40706908215),
.PIECEWISE_BEZIER_KNOTS.) CURVE() GEOMETRIC_REPRESENTATION_ITEM() 
RATIONAL_B_SPLINE_CURVE((1.,1.,0.999999999998,1.000000000006,
    0.999999999987,1.000000000022,0.999999999971,1.000000000032,
    0.99999999997,1.000000000022,0.999999999987,1.000000000006,
0.999999999998,1.,1.)) REPRESENTATION_ITEM('') );
#242 = CARTESIAN_POINT('',(1.519223593596,4.4E-15,19.8));
#243 = CARTESIAN_POINT('',(1.519223593596,-8.757673807227,
    19.799999999986));
#244 = CARTESIAN_POINT('',(1.519223593595,-17.70177089852,
    15.629170549264));
#245 = CARTESIAN_POINT('',(1.519223593596,-24.50107602755,6.993394524833
    ));
#246 = CARTESIAN_POINT('',(1.519223593594,-26.73636420815,
    -4.785182636443));
#247 = CARTESIAN_POINT('',(1.519223593598,-22.31180008069,
    -16.98643381699));
#248 = CARTESIAN_POINT('',(1.519223593593,-13.55146048791,
    -25.17148726832));
#249 = CARTESIAN_POINT('',(1.519223593598,6.391826E-11,-30.34943131392)
  );
#250 = CARTESIAN_POINT('',(1.519223593593,13.551460487802,-25.1714872683
    ));
#251 = CARTESIAN_POINT('',(1.519223593597,22.311800080784,
    -16.98643381702));
#252 = CARTESIAN_POINT('',(1.519223593595,26.736364208094,-4.78518263641
    ));
#253 = CARTESIAN_POINT('',(1.519223593596,24.501076027586,6.993394524812
    ));
#254 = CARTESIAN_POINT('',(1.519223593595,17.70177089851,15.629170549272
    ));
#255 = CARTESIAN_POINT('',(1.519223593596,8.75767380723,19.799999999984)
  );
#256 = CARTESIAN_POINT('',(1.519223593596,9.25E-15,19.8));
#257 = ORIENTED_EDGE('',*,*,#232,.T.);
#258 = ORIENTED_EDGE('',*,*,#176,.F.);
#259 = CYLINDRICAL_SURFACE('',#260,19.8);
#260 = AXIS2_PLACEMENT_3D('',#261,#262,#263);
#261 = CARTESIAN_POINT('',(2.3,0.,0.));
#262 = DIRECTION('',(-1.,0.,0.));
#263 = DIRECTION('',(0.,2.2E-16,1.));
#264 = ADVANCED_FACE('',(#265),#295,.T.);
#265 = FACE_BOUND('',#266,.T.);
#266 = EDGE_LOOP('',(#267,#275,#276,#277));
#267 = ORIENTED_EDGE('',*,*,#268,.T.);
#268 = EDGE_CURVE('',#269,#197,#271,.T.);
#269 = VERTEX_POINT('',#270);
#270 = CARTESIAN_POINT('',(3.780776406404,0.,18.));
#271 = ( BOUNDED_CURVE() B_SPLINE_CURVE(2,(#272,#273,#274),
.UNSPECIFIED.,.F.,.F.) B_SPLINE_CURVE_WITH_KNOTS((3,3),(0.,
113.09733552923),.PIECEWISE_BEZIER_KNOTS.) CURVE() 
GEOMETRIC_REPRESENTATION_ITEM() RATIONAL_B_SPLINE_CURVE((1.,
0.788205438016,1.)) REPRESENTATION_ITEM('') );
#272 = CARTESIAN_POINT('',(3.780776406404,4.E-15,18.));
#273 = CARTESIAN_POINT('',(3.,2.148E-14,18.));
#274 = CARTESIAN_POINT('',(2.810633906259,4.16E-15,18.757464374964));
#275 = ORIENTED_EDGE('',*,*,#206,.T.);
#276 = ORIENTED_EDGE('',*,*,#268,.F.);
#277 = ORIENTED_EDGE('',*,*,#278,.F.);
#278 = EDGE_CURVE('',#269,#269,#279,.T.);
#279 = ( BOUNDED_CURVE() B_SPLINE_CURVE(14,(#280,#281,#282,#283,#284,
    #285,#286,#287,#288,#289,#290,#291,#292,#293,#294),.UNSPECIFIED.,.T.
,.F.) B_SPLINE_CURVE_WITH_KNOTS((15,15),(2.24E-15,113.09733552923),
.PIECEWISE_BEZIER_KNOTS.) CURVE() GEOMETRIC_REPRESENTATION_ITEM() 
RATIONAL_B_SPLINE_CURVE((1.,1.000000000001,0.999999999996,1.000000000012
    ,0.999999999975,1.000000000041,0.999999999945,1.00000000006,
    0.999999999947,1.000000000039,0.999999999977,1.000000000011,
0.999999999996,1.000000000001,1.)) REPRESENTATION_ITEM('') );
#280 = CARTESIAN_POINT('',(3.780776406404,4.E-15,18.));
#281 = CARTESIAN_POINT('',(3.780776406404,-7.961521642934,17.99999999997
    ));
#282 = CARTESIAN_POINT('',(3.780776406405,-16.09251899867,
    14.208336863041));
#283 = CARTESIAN_POINT('',(3.780776406404,-22.27370547951,6.357631386044
    ));
#284 = CARTESIAN_POINT('',(3.780776406405,-24.30578564397,
    -4.350166032905));
#285 = CARTESIAN_POINT('',(3.780776406403,-20.28345461854,
    -15.44221256105));
#286 = CARTESIAN_POINT('',(3.780776406407,-12.31950953464,
    -22.88317024392));
#287 = CARTESIAN_POINT('',(3.780776406402,-6.937604E-11,-27.59039210344)
  );
#288 = CARTESIAN_POINT('',(3.780776406407,12.319509534751,
    -22.88317024391));
#289 = CARTESIAN_POINT('',(3.780776406403,20.283454618488,
    -15.44221256104));
#290 = CARTESIAN_POINT('',(3.780776406405,24.305785643999,
    -4.350166032935));
#291 = CARTESIAN_POINT('',(3.780776406404,22.273705479502,6.357631386074
    ));
#292 = CARTESIAN_POINT('',(3.780776406405,16.092518998679,
    14.208336863026));
#293 = CARTESIAN_POINT('',(3.780776406404,7.961521642932,17.999999999974
    ));
#294 = CARTESIAN_POINT('',(3.780776406404,8.41E-15,18.));
#295 = ( BOUNDED_SURFACE() B_SPLINE_SURFACE(2,14,(
    (#296,#297,#298,#299,#300,#301,#302,#303,#304,#305,#306,#307,#308
      ,#309,#310)
    ,(#311,#312,#313,#314,#315,#316,#317,#318,#319,#320,#321,#322,#323
      ,#324,#325)
    ,(#326,#327,#328,#329,#330,#331,#332,#333,#334,#335,#336,#337,#338
      ,#339,#340
)),.UNSPECIFIED.,.F.,.T.,.F.) B_SPLINE_SURFACE_WITH_KNOTS((3,3),(15,15),
  (0.,113.09733552923),(2.24E-15,113.09733552923),
.PIECEWISE_BEZIER_KNOTS.) GEOMETRIC_REPRESENTATION_ITEM() 
RATIONAL_B_SPLINE_SURFACE((
    (1.,1.000000000001,0.999999999996,1.000000000012,0.999999999975
      ,1.000000000041,0.999999999945,1.00000000006,0.999999999947
      ,1.000000000039,0.999999999977,1.000000000011,0.999999999996
      ,1.000000000001,1.)
    ,(0.788205438016,0.788205438017,0.788205438013,0.788205438025
      ,0.788205437998,0.788205438046,0.788205437977,0.788205438059
      ,0.788205437978,0.788205438044,0.788205438,0.788205438024
      ,0.788205438014,0.788205438017,0.788205438016)
    ,(1.,1.000000000001,0.999999999996,1.000000000012,0.999999999975
      ,1.000000000041,0.999999999945,1.00000000006,0.999999999947
      ,1.000000000039,0.999999999977,1.000000000011,0.999999999996
,1.000000000001,1.))) REPRESENTATION_ITEM('') SURFACE() );
#296 = CARTESIAN_POINT('',(3.780776406404,4.E-15,18.));
#297 = CARTESIAN_POINT('',(3.780776406404,-7.961521642934,17.99999999997
    ));
#298 = CARTESIAN_POINT('',(3.780776406405,-16.09251899867,
    14.208336863041));
#299 = CARTESIAN_POINT('',(3.780776406404,-22.27370547951,6.357631386044
    ));
#300 = CARTESIAN_POINT('',(3.780776406405,-24.30578564397,
    -4.350166032905));
#301 = CARTESIAN_POINT('',(3.780776406403,-20.28345461854,
    -15.44221256105));
#302 = CARTESIAN_POINT('',(3.780776406407,-12.31950953464,
    -22.88317024392));
#303 = CARTESIAN_POINT('',(3.780776406402,-6.937604E-11,-27.59039210344)
  );
#304 = CARTESIAN_POINT('',(3.780776406407,12.319509534751,
    -22.88317024391));
#305 = CARTESIAN_POINT('',(3.780776406403,20.283454618488,
    -15.44221256104));
#306 = CARTESIAN_POINT('',(3.780776406405,24.305785643999,
    -4.350166032935));
#307 = CARTESIAN_POINT('',(3.780776406404,22.273705479502,6.357631386074
    ));
#308 = CARTESIAN_POINT('',(3.780776406405,16.092518998679,
    14.208336863026));
#309 = CARTESIAN_POINT('',(3.780776406404,7.961521642932,17.999999999974
    ));
#310 = CARTESIAN_POINT('',(3.780776406404,8.41E-15,18.));
#311 = CARTESIAN_POINT('',(3.,2.148E-14,18.));
#312 = CARTESIAN_POINT('',(3.,-7.961521642931,17.999999999973));
#313 = CARTESIAN_POINT('',(3.,-16.09251899868,14.208336863029));
#314 = CARTESIAN_POINT('',(3.,-22.27370547949,6.357631386072));
#315 = CARTESIAN_POINT('',(3.,-24.30578564401,-4.350166032939));
#316 = CARTESIAN_POINT('',(3.,-20.28345461847,-15.44221256104));
#317 = CARTESIAN_POINT('',(3.000000000001,-12.31950953477,
    -22.88317024389));
#318 = CARTESIAN_POINT('',(3.,1.3283317E-10,-27.59039210351));
#319 = CARTESIAN_POINT('',(3.,12.319509534509,-22.88317024385));
#320 = CARTESIAN_POINT('',(3.,20.283454618702,-15.44221256106));
#321 = CARTESIAN_POINT('',(3.,24.305785643857,-4.350166032949));
#322 = CARTESIAN_POINT('',(3.,22.273705479568,6.357631386094));
#323 = CARTESIAN_POINT('',(3.,16.092518998659,14.208336863015));
#324 = CARTESIAN_POINT('',(3.,7.961521642935,17.999999999977));
#325 = CARTESIAN_POINT('',(3.,-6.867E-14,18.));
#326 = CARTESIAN_POINT('',(2.810633906259,4.16E-15,18.757464374964));
#327 = CARTESIAN_POINT('',(2.810633906259,-8.296553254881,
    18.757464374937));
#328 = CARTESIAN_POINT('',(2.810633906259,-16.76971399005,
    14.806242918647));
#329 = CARTESIAN_POINT('',(2.810633906259,-23.21101316836,6.6251691241)
  );
#330 = CARTESIAN_POINT('',(2.81063390626,-25.32860601788,-4.533226910514
    ));
#331 = CARTESIAN_POINT('',(2.810633906258,-21.13700985608,
    -16.09204177676));
#332 = CARTESIAN_POINT('',(2.810633906261,-12.83793117842,
    -23.84612503556));
#333 = CARTESIAN_POINT('',(2.810633906257,-1.664075E-10,-28.75143316488)
  );
#334 = CARTESIAN_POINT('',(2.810633906261,12.837931178712,
    -23.84612503552));
#335 = CARTESIAN_POINT('',(2.810633906258,21.137009855896,
    -16.09204177679));
#336 = CARTESIAN_POINT('',(2.81063390626,25.328606017982,-4.53322691051)
  );
#337 = CARTESIAN_POINT('',(2.810633906259,23.211013168321,6.625169124111
    ));
#338 = CARTESIAN_POINT('',(2.810633906259,16.769713990072,
    14.806242918639));
#339 = CARTESIAN_POINT('',(2.810633906259,8.296553254876,18.757464374939
    ));
#340 = CARTESIAN_POINT('',(2.810633906259,8.76E-15,18.757464374964));
#341 = ADVANCED_FACE('',(#342),#372,.T.);
#342 = FACE_BOUND('',#343,.T.);
#343 = EDGE_LOOP('',(#344,#352,#370,#371));
#344 = ORIENTED_EDGE('',*,*,#345,.T.);
#345 = EDGE_CURVE('',#233,#346,#348,.T.);
#346 = VERTEX_POINT('',#347);
#347 = CARTESIAN_POINT('',(2.489366093741,0.,19.042535625036));
#348 = ( BOUNDED_CURVE() B_SPLINE_CURVE(2,(#349,#350,#351),
.UNSPECIFIED.,.F.,.F.) B_SPLINE_CURVE_WITH_KNOTS((3,3),(0.,
124.40706908215),.PIECEWISE_BEZIER_KNOTS.) CURVE() 
GEOMETRIC_REPRESENTATION_ITEM() RATIONAL_B_SPLINE_CURVE((1.,
0.788205438016,1.)) REPRESENTATION_ITEM('') );
#349 = CARTESIAN_POINT('',(1.519223593596,4.4E-15,19.8));
#350 = CARTESIAN_POINT('',(2.3,-6.25E-15,19.8));
#351 = CARTESIAN_POINT('',(2.489366093741,4.23E-15,19.042535625036));
#352 = ORIENTED_EDGE('',*,*,#353,.T.);
#353 = EDGE_CURVE('',#346,#346,#354,.T.);
#354 = ( BOUNDED_CURVE() B_SPLINE_CURVE(14,(#355,#356,#357,#358,#359,
    #360,#361,#362,#363,#364,#365,#366,#367,#368,#369),.UNSPECIFIED.,.T.
,.F.) B_SPLINE_CURVE_WITH_KNOTS((15,15),(2.46E-15,124.40706908215),
.PIECEWISE_BEZIER_KNOTS.) CURVE() GEOMETRIC_REPRESENTATION_ITEM() 
RATIONAL_B_SPLINE_CURVE((1.,1.,0.999999999998,1.000000000006,
    0.999999999987,1.000000000022,0.999999999971,1.000000000032,
    0.99999999997,1.000000000022,0.999999999987,1.000000000006,
0.999999999998,1.,1.)) REPRESENTATION_ITEM('') );
#355 = CARTESIAN_POINT('',(2.489366093741,4.23E-15,19.042535625036));
#356 = CARTESIAN_POINT('',(2.489366093741,-8.422642195282,
    19.042535625015));
#357 = CARTESIAN_POINT('',(2.489366093741,-17.02457590713,
    15.031264493682));
#358 = CARTESIAN_POINT('',(2.48936609374,-23.56376833871,6.725856786712)
  );
#359 = CARTESIAN_POINT('',(2.489366093743,-25.7135438342,-4.602121758699
    ));
#360 = CARTESIAN_POINT('',(2.489366093738,-21.45824484322,-16.3366046015
    ));
#361 = CARTESIAN_POINT('',(2.489366093745,-13.03303884402,
    -24.20853247638));
#362 = CARTESIAN_POINT('',(2.489366093736,2.888114E-11,-29.1883902528));
#363 = CARTESIAN_POINT('',(2.489366093745,13.033038843976,
    -24.20853247638));
#364 = CARTESIAN_POINT('',(2.489366093738,21.458244843269,
    -16.33660460151));
#365 = CARTESIAN_POINT('',(2.489366093743,25.713543834177,-4.60212175869
    ));
#366 = CARTESIAN_POINT('',(2.48936609374,23.563768338737,6.725856786706)
  );
#367 = CARTESIAN_POINT('',(2.489366093741,17.024575907128,
    15.031264493684));
#368 = CARTESIAN_POINT('',(2.489366093741,8.422642195284,19.042535625014
    ));
#369 = CARTESIAN_POINT('',(2.489366093741,8.89E-15,19.042535625036));
#370 = ORIENTED_EDGE('',*,*,#345,.F.);
#371 = ORIENTED_EDGE('',*,*,#240,.F.);
#372 = ( BOUNDED_SURFACE() B_SPLINE_SURFACE(2,14,(
    (#373,#374,#375,#376,#377,#378,#379,#380,#381,#382,#383,#384,#385
      ,#386,#387)
    ,(#388,#389,#390,#391,#392,#393,#394,#395,#396,#397,#398,#399,#400
      ,#401,#402)
    ,(#403,#404,#405,#406,#407,#408,#409,#410,#411,#412,#413,#414,#415
      ,#416,#417
)),.UNSPECIFIED.,.F.,.T.,.F.) B_SPLINE_SURFACE_WITH_KNOTS((3,3),(15,15),
  (0.,124.40706908215),(2.46E-15,124.40706908215),
.PIECEWISE_BEZIER_KNOTS.) GEOMETRIC_REPRESENTATION_ITEM() 
RATIONAL_B_SPLINE_SURFACE((
    (1.,1.,0.999999999998,1.000000000006,0.999999999987,1.000000000022
      ,0.999999999971,1.000000000032,0.99999999997,1.000000000022
      ,0.999999999987,1.000000000006,0.999999999998,1.,1.)
    ,(0.788205438016,0.788205438016,0.788205438015,0.78820543802
      ,0.788205438008,0.78820543803,0.788205437997,0.788205438037
      ,0.788205437997,0.788205438031,0.788205438007,0.78820543802
      ,0.788205438015,0.788205438016,0.788205438016)
    ,(1.,1.,0.999999999998,1.000000000006,0.999999999987,1.000000000022
      ,0.999999999971,1.000000000032,0.99999999997,1.000000000022
      ,0.999999999987,1.000000000006,0.999999999998,1.,1.
))) REPRESENTATION_ITEM('') SURFACE() );
#373 = CARTESIAN_POINT('',(1.519223593596,4.4E-15,19.8));
#374 = CARTESIAN_POINT('',(1.519223593596,-8.757673807227,
    19.799999999986));
#375 = CARTESIAN_POINT('',(1.519223593595,-17.70177089852,
    15.629170549264));
#376 = CARTESIAN_POINT('',(1.519223593596,-24.50107602755,6.993394524833
    ));
#377 = CARTESIAN_POINT('',(1.519223593594,-26.73636420815,
    -4.785182636443));
#378 = CARTESIAN_POINT('',(1.519223593598,-22.31180008069,
    -16.98643381699));
#379 = CARTESIAN_POINT('',(1.519223593593,-13.55146048791,
    -25.17148726832));
#380 = CARTESIAN_POINT('',(1.519223593598,6.391826E-11,-30.34943131392)
  );
#381 = CARTESIAN_POINT('',(1.519223593593,13.551460487802,-25.1714872683
    ));
#382 = CARTESIAN_POINT('',(1.519223593597,22.311800080784,
    -16.98643381702));
#383 = CARTESIAN_POINT('',(1.519223593595,26.736364208094,-4.78518263641
    ));
#384 = CARTESIAN_POINT('',(1.519223593596,24.501076027586,6.993394524812
    ));
#385 = CARTESIAN_POINT('',(1.519223593595,17.70177089851,15.629170549272
    ));
#386 = CARTESIAN_POINT('',(1.519223593596,8.75767380723,19.799999999984)
  );
#387 = CARTESIAN_POINT('',(1.519223593596,9.25E-15,19.8));
#388 = CARTESIAN_POINT('',(2.3,-6.25E-15,19.8));
#389 = CARTESIAN_POINT('',(2.3,-8.757673807228,19.799999999987));
#390 = CARTESIAN_POINT('',(2.3,-17.70177089851,15.629170549263));
#391 = CARTESIAN_POINT('',(2.3,-24.50107602758,6.993394524825));
#392 = CARTESIAN_POINT('',(2.299999999999,-26.73636420808,
    -4.785182636394));
#393 = CARTESIAN_POINT('',(2.300000000001,-22.31180008078,
    -16.98643381712));
#394 = CARTESIAN_POINT('',(2.299999999999,-13.55146048784,-25.1714872681
    ));
#395 = CARTESIAN_POINT('',(2.300000000001,7.444956E-11,-30.34943131419)
  );
#396 = CARTESIAN_POINT('',(2.3,13.551460487721,-25.17148726809));
#397 = CARTESIAN_POINT('',(2.3,22.311800080875,-16.98643381715));
#398 = CARTESIAN_POINT('',(2.3,26.73636420803,-4.785182636362));
#399 = CARTESIAN_POINT('',(2.3,24.501076027614,6.993394524801));
#400 = CARTESIAN_POINT('',(2.3,17.701770898503,15.629170549274));
#401 = CARTESIAN_POINT('',(2.3,8.757673807231,19.799999999984));
#402 = CARTESIAN_POINT('',(2.3,-6.07E-15,19.8));
#403 = CARTESIAN_POINT('',(2.489366093741,4.23E-15,19.042535625036));
#404 = CARTESIAN_POINT('',(2.489366093741,-8.422642195282,
    19.042535625015));
#405 = CARTESIAN_POINT('',(2.489366093741,-17.02457590713,
    15.031264493682));
#406 = CARTESIAN_POINT('',(2.48936609374,-23.56376833871,6.725856786712)
  );
#407 = CARTESIAN_POINT('',(2.489366093743,-25.7135438342,-4.602121758699
    ));
#408 = CARTESIAN_POINT('',(2.489366093738,-21.45824484322,-16.3366046015
    ));
#409 = CARTESIAN_POINT('',(2.489366093745,-13.03303884402,
    -24.20853247638));
#410 = CARTESIAN_POINT('',(2.489366093736,2.888114E-11,-29.1883902528));
#411 = CARTESIAN_POINT('',(2.489366093745,13.033038843976,
    -24.20853247638));
#412 = CARTESIAN_POINT('',(2.489366093738,21.458244843269,
    -16.33660460151));
#413 = CARTESIAN_POINT('',(2.489366093743,25.713543834177,-4.60212175869
    ));
#414 = CARTESIAN_POINT('',(2.48936609374,23.563768338737,6.725856786706)
  );
#415 = CARTESIAN_POINT('',(2.489366093741,17.024575907128,
    15.031264493684));
#416 = CARTESIAN_POINT('',(2.489366093741,8.422642195284,19.042535625014
    ));
#417 = CARTESIAN_POINT('',(2.489366093741,8.89E-15,19.042535625036));
#418 = ADVANCED_FACE('',(#419,#535,#609,#683),#757,.T.);
#419 = FACE_BOUND('',#420,.T.);
#420 = EDGE_LOOP('',(#421,#429,#430,#431,#440,#448,#467,#476,#484,#491,
    #492,#501,#520,#528));
#421 = ORIENTED_EDGE('',*,*,#422,.F.);
#422 = EDGE_CURVE('',#269,#423,#425,.T.);
#423 = VERTEX_POINT('',#424);
#424 = CARTESIAN_POINT('',(4.057421,0.,18.));
#425 = LINE('',#426,#427);
#426 = CARTESIAN_POINT('',(3.,-4.E-15,18.));
#427 = VECTOR('',#428,1.);
#428 = DIRECTION('',(1.,0.,0.));
#429 = ORIENTED_EDGE('',*,*,#278,.T.);
#430 = ORIENTED_EDGE('',*,*,#422,.T.);
#431 = ORIENTED_EDGE('',*,*,#432,.F.);
#432 = EDGE_CURVE('',#433,#423,#435,.T.);
#433 = VERTEX_POINT('',#434);
#434 = CARTESIAN_POINT('',(4.057421,10.,14.966629547096));
#435 = CIRCLE('',#436,18.);
#436 = AXIS2_PLACEMENT_3D('',#437,#438,#439);
#437 = CARTESIAN_POINT('',(4.057421,0.,0.));
#438 = DIRECTION('',(1.,0.,-0.));
#439 = DIRECTION('',(0.,2.2E-16,1.));
#440 = ORIENTED_EDGE('',*,*,#441,.T.);
#441 = EDGE_CURVE('',#433,#442,#444,.T.);
#442 = VERTEX_POINT('',#443);
#443 = CARTESIAN_POINT('',(5.99620348341,10.,14.966629547096));
#444 = LINE('',#445,#446);
#445 = CARTESIAN_POINT('',(3.,10.,14.966629547096));
#446 = VECTOR('',#447,1.);
#447 = DIRECTION('',(1.,0.,0.));
#448 = ORIENTED_EDGE('',*,*,#449,.T.);
#449 = EDGE_CURVE('',#442,#450,#452,.T.);
#450 = VERTEX_POINT('',#451);
#451 = CARTESIAN_POINT('',(7.99620348341,8.,16.124515496597));
#452 = B_SPLINE_CURVE_WITH_KNOTS('',7,(#453,#454,#455,#456,#457,#458,
    #459,#460,#461,#462,#463,#464,#465,#466),.UNSPECIFIED.,.F.,.F.,(8,6,
    8),(0.,0.578007370429,1.),.UNSPECIFIED.);
#453 = CARTESIAN_POINT('',(5.99620348341,10.,14.966629547096));
#454 = CARTESIAN_POINT('',(6.245426560711,10.,14.966629547096));
#455 = CARTESIAN_POINT('',(6.493797983674,9.963767876227,14.990838290107
    ));
#456 = CARTESIAN_POINT('',(6.736019629565,9.891749667022,15.038956730724
    ));
#457 = CARTESIAN_POINT('',(6.966864201226,9.784873901959,15.109568985929
    ));
#458 = CARTESIAN_POINT('',(7.180985316385,9.644658009617,15.200107164098
    ));
#459 = CARTESIAN_POINT('',(7.372909324257,9.473477517831,15.307087865961
    ));
#460 = CARTESIAN_POINT('',(7.657197471972,9.129832179561,15.513697032732
    ));
#461 = CARTESIAN_POINT('',(7.763290385867,8.969171891006,15.608124799453
    ));
#462 = CARTESIAN_POINT('',(7.852656033822,8.794324949623,15.708128891476
    ));
#463 = CARTESIAN_POINT('',(7.922711691402,8.607302086773,15.811745865322
    ));
#464 = CARTESIAN_POINT('',(7.971195937338,8.410580504103,15.916945476027
    ));
#465 = CARTESIAN_POINT('',(7.99620348341,8.207051193173,16.021789337431)
  );
#466 = CARTESIAN_POINT('',(7.99620348341,8.,16.124515496597));
#467 = ORIENTED_EDGE('',*,*,#468,.T.);
#468 = EDGE_CURVE('',#450,#469,#471,.T.);
#469 = VERTEX_POINT('',#470);
#470 = CARTESIAN_POINT('',(7.99620348341,0.,18.));
#471 = CIRCLE('',#472,18.);
#472 = AXIS2_PLACEMENT_3D('',#473,#474,#475);
#473 = CARTESIAN_POINT('',(7.99620348341,0.,0.));
#474 = DIRECTION('',(1.,0.,-0.));
#475 = DIRECTION('',(0.,2.2E-16,1.));
#476 = ORIENTED_EDGE('',*,*,#477,.T.);
#477 = EDGE_CURVE('',#469,#478,#480,.T.);
#478 = VERTEX_POINT('',#479);
#479 = CARTESIAN_POINT('',(8.2,0.,18.));
#480 = LINE('',#481,#482);
#481 = CARTESIAN_POINT('',(3.,-4.E-15,18.));
#482 = VECTOR('',#483,1.);
#483 = DIRECTION('',(1.,0.,0.));
#484 = ORIENTED_EDGE('',*,*,#485,.F.);
#485 = EDGE_CURVE('',#478,#478,#486,.T.);
#486 = CIRCLE('',#487,18.);
#487 = AXIS2_PLACEMENT_3D('',#488,#489,#490);
#488 = CARTESIAN_POINT('',(8.2,0.,0.));
#489 = DIRECTION('',(1.,0.,-0.));
#490 = DIRECTION('',(0.,2.2E-16,1.));
#491 = ORIENTED_EDGE('',*,*,#477,.F.);
#492 = ORIENTED_EDGE('',*,*,#493,.T.);
#493 = EDGE_CURVE('',#469,#494,#496,.T.);
#494 = VERTEX_POINT('',#495);
#495 = CARTESIAN_POINT('',(7.99620348341,-8.636201379079,15.792910616476
    ));
#496 = CIRCLE('',#497,18.);
#497 = AXIS2_PLACEMENT_3D('',#498,#499,#500);
#498 = CARTESIAN_POINT('',(7.99620348341,0.,0.));
#499 = DIRECTION('',(1.,0.,-0.));
#500 = DIRECTION('',(0.,2.2E-16,1.));
#501 = ORIENTED_EDGE('',*,*,#502,.T.);
#502 = EDGE_CURVE('',#494,#503,#505,.T.);
#503 = VERTEX_POINT('',#504);
#504 = CARTESIAN_POINT('',(6.632404862489,-10.,14.966629547096));
#505 = B_SPLINE_CURVE_WITH_KNOTS('',7,(#506,#507,#508,#509,#510,#511,
    #512,#513,#514,#515,#516,#517,#518,#519),.UNSPECIFIED.,.F.,.F.,(8,6,
    8),(0.,0.54848317698,1.),.UNSPECIFIED.);
#506 = CARTESIAN_POINT('',(7.99620348341,-8.636201379079,15.792910616476
    ));
#507 = CARTESIAN_POINT('',(7.99620348341,-8.814605737167,15.695351907966
    ));
#508 = CARTESIAN_POINT('',(7.968976186514,-8.99016290428,15.596295746581
    ));
#509 = CARTESIAN_POINT('',(7.916084465375,-9.158346085137,
    15.498314394735));
#510 = CARTESIAN_POINT('',(7.83978156879,-9.315147609681,15.404158539774
    ));
#511 = CARTESIAN_POINT('',(7.74294983546,-9.457173601797,15.316640384919
    ));
#512 = CARTESIAN_POINT('',(7.628996668681,-9.581736193046,
    15.238304937553));
#513 = CARTESIAN_POINT('',(7.396949719253,-9.773702124456,
    15.115730960388));
#514 = CARTESIAN_POINT('',(7.282623377177,-9.847752153393,
    15.067635412276));
#515 = CARTESIAN_POINT('',(7.1605346423,-9.908071221039,15.027907577858)
  );
#516 = CARTESIAN_POINT('',(7.032550685127,-9.95386565882,14.997454577783
    ));
#517 = CARTESIAN_POINT('',(6.900581271116,-9.984605330923,
    14.976915447056));
#518 = CARTESIAN_POINT('',(6.766554907198,-10.,14.966629547096));
#519 = CARTESIAN_POINT('',(6.632404862489,-10.,14.966629547096));
#520 = ORIENTED_EDGE('',*,*,#521,.F.);
#521 = EDGE_CURVE('',#522,#503,#524,.T.);
#522 = VERTEX_POINT('',#523);
#523 = CARTESIAN_POINT('',(4.057421,-10.,14.966629547096));
#524 = LINE('',#525,#526);
#525 = CARTESIAN_POINT('',(3.,-10.,14.966629547096));
#526 = VECTOR('',#527,1.);
#527 = DIRECTION('',(1.,0.,0.));
#528 = ORIENTED_EDGE('',*,*,#529,.F.);
#529 = EDGE_CURVE('',#423,#522,#530,.T.);
#530 = CIRCLE('',#531,18.);
#531 = AXIS2_PLACEMENT_3D('',#532,#533,#534);
#532 = CARTESIAN_POINT('',(4.057421,0.,0.));
#533 = DIRECTION('',(1.,0.,-0.));
#534 = DIRECTION('',(0.,2.2E-16,1.));
#535 = FACE_BOUND('',#536,.T.);
#536 = EDGE_LOOP('',(#537,#548,#556,#575,#584,#603));
#537 = ORIENTED_EDGE('',*,*,#538,.F.);
#538 = EDGE_CURVE('',#539,#541,#543,.T.);
#539 = VERTEX_POINT('',#540);
#540 = CARTESIAN_POINT('',(4.057421,-14.96662954709,10.));
#541 = VERTEX_POINT('',#542);
#542 = CARTESIAN_POINT('',(4.057421,-14.96662954709,-10.));
#543 = CIRCLE('',#544,18.);
#544 = AXIS2_PLACEMENT_3D('',#545,#546,#547);
#545 = CARTESIAN_POINT('',(4.057421,0.,0.));
#546 = DIRECTION('',(1.,0.,-0.));
#547 = DIRECTION('',(0.,2.2E-16,1.));
#548 = ORIENTED_EDGE('',*,*,#549,.T.);
#549 = EDGE_CURVE('',#539,#550,#552,.T.);
#550 = VERTEX_POINT('',#551);
#551 = CARTESIAN_POINT('',(5.99620348341,-14.96662954709,10.));
#552 = LINE('',#553,#554);
#553 = CARTESIAN_POINT('',(3.,-14.96662954709,10.));
#554 = VECTOR('',#555,1.);
#555 = DIRECTION('',(1.,0.,0.));
#556 = ORIENTED_EDGE('',*,*,#557,.T.);
#557 = EDGE_CURVE('',#550,#558,#560,.T.);
#558 = VERTEX_POINT('',#559);
#559 = CARTESIAN_POINT('',(7.99620348341,-16.12451549659,8.));
#560 = B_SPLINE_CURVE_WITH_KNOTS('',7,(#561,#562,#563,#564,#565,#566,
    #567,#568,#569,#570,#571,#572,#573,#574),.UNSPECIFIED.,.F.,.F.,(8,6,
    8),(0.,0.578007374128,1.),.UNSPECIFIED.);
#561 = CARTESIAN_POINT('',(5.99620348341,-14.96662954709,10.));
#562 = CARTESIAN_POINT('',(6.245426560711,-14.96662954709,10.));
#563 = CARTESIAN_POINT('',(6.493797983674,-14.9908382901,9.963767876227)
  );
#564 = CARTESIAN_POINT('',(6.736019629565,-15.03895673072,9.891749667022
    ));
#565 = CARTESIAN_POINT('',(6.966864201226,-15.10956898592,9.784873901958
    ));
#566 = CARTESIAN_POINT('',(7.180985316384,-15.20010716409,9.644658009617
    ));
#567 = CARTESIAN_POINT('',(7.372909324257,-15.30708786596,9.473477517831
    ));
#568 = CARTESIAN_POINT('',(7.657197470152,-15.5136970314,9.12983218176)
  );
#569 = CARTESIAN_POINT('',(7.763290389052,-15.60812480308,8.969171884536
    ));
#570 = CARTESIAN_POINT('',(7.852656033017,-15.70812888901,8.794324954364
    ));
#571 = CARTESIAN_POINT('',(7.92271168924,-15.81174586307,8.607302090721)
  );
#572 = CARTESIAN_POINT('',(7.971195938869,-15.91694547992,8.41058049666)
  );
#573 = CARTESIAN_POINT('',(7.99620348341,-16.02178933581,8.207051196421)
  );
#574 = CARTESIAN_POINT('',(7.99620348341,-16.12451549659,8.));
#575 = ORIENTED_EDGE('',*,*,#576,.T.);
#576 = EDGE_CURVE('',#558,#577,#579,.T.);
#577 = VERTEX_POINT('',#578);
#578 = CARTESIAN_POINT('',(7.99620348341,-15.79291061647,-8.636201379079
    ));
#579 = CIRCLE('',#580,18.);
#580 = AXIS2_PLACEMENT_3D('',#581,#582,#583);
#581 = CARTESIAN_POINT('',(7.99620348341,0.,0.));
#582 = DIRECTION('',(1.,0.,-0.));
#583 = DIRECTION('',(0.,2.2E-16,1.));
#584 = ORIENTED_EDGE('',*,*,#585,.T.);
#585 = EDGE_CURVE('',#577,#586,#588,.T.);
#586 = VERTEX_POINT('',#587);
#587 = CARTESIAN_POINT('',(6.632404862489,-14.96662954709,-10.));
#588 = B_SPLINE_CURVE_WITH_KNOTS('',7,(#589,#590,#591,#592,#593,#594,
    #595,#596,#597,#598,#599,#600,#601,#602),.UNSPECIFIED.,.F.,.F.,(8,6,
    8),(0.,0.54848317698,1.),.UNSPECIFIED.);
#589 = CARTESIAN_POINT('',(7.99620348341,-15.79291061647,-8.636201379079
    ));
#590 = CARTESIAN_POINT('',(7.99620348341,-15.69535190796,-8.814605737168
    ));
#591 = CARTESIAN_POINT('',(7.968976186514,-15.59629574658,
    -8.990162904279));
#592 = CARTESIAN_POINT('',(7.916084465375,-15.49831439473,
    -9.158346085137));
#593 = CARTESIAN_POINT('',(7.83978156879,-15.40415853977,-9.315147609681
    ));
#594 = CARTESIAN_POINT('',(7.74294983546,-15.31664038491,-9.457173601798
    ));
#595 = CARTESIAN_POINT('',(7.628996668681,-15.23830493755,
    -9.581736193046));
#596 = CARTESIAN_POINT('',(7.396949719253,-15.11573096038,
    -9.773702124456));
#597 = CARTESIAN_POINT('',(7.282623377177,-15.06763541227,
    -9.847752153393));
#598 = CARTESIAN_POINT('',(7.1605346423,-15.02790757785,-9.908071221039)
  );
#599 = CARTESIAN_POINT('',(7.032550685127,-14.99745457778,-9.95386565882
    ));
#600 = CARTESIAN_POINT('',(6.900581271116,-14.97691544705,
    -9.984605330923));
#601 = CARTESIAN_POINT('',(6.766554907198,-14.96662954709,-10.));
#602 = CARTESIAN_POINT('',(6.632404862489,-14.96662954709,-10.));
#603 = ORIENTED_EDGE('',*,*,#604,.F.);
#604 = EDGE_CURVE('',#541,#586,#605,.T.);
#605 = LINE('',#606,#607);
#606 = CARTESIAN_POINT('',(3.,-14.96662954709,-10.));
#607 = VECTOR('',#608,1.);
#608 = DIRECTION('',(1.,0.,0.));
#609 = FACE_BOUND('',#610,.T.);
#610 = EDGE_LOOP('',(#611,#622,#630,#649,#658,#677));
#611 = ORIENTED_EDGE('',*,*,#612,.F.);
#612 = EDGE_CURVE('',#613,#615,#617,.T.);
#613 = VERTEX_POINT('',#614);
#614 = CARTESIAN_POINT('',(4.057421,-10.,-14.96662954709));
#615 = VERTEX_POINT('',#616);
#616 = CARTESIAN_POINT('',(4.057421,10.,-14.96662954709));
#617 = CIRCLE('',#618,18.);
#618 = AXIS2_PLACEMENT_3D('',#619,#620,#621);
#619 = CARTESIAN_POINT('',(4.057421,0.,0.));
#620 = DIRECTION('',(1.,0.,-0.));
#621 = DIRECTION('',(0.,2.2E-16,1.));
#622 = ORIENTED_EDGE('',*,*,#623,.T.);
#623 = EDGE_CURVE('',#613,#624,#626,.T.);
#624 = VERTEX_POINT('',#625);
#625 = CARTESIAN_POINT('',(5.99620348341,-10.,-14.96662954709));
#626 = LINE('',#627,#628);
#627 = CARTESIAN_POINT('',(3.,-10.,-14.96662954709));
#628 = VECTOR('',#629,1.);
#629 = DIRECTION('',(1.,0.,0.));
#630 = ORIENTED_EDGE('',*,*,#631,.T.);
#631 = EDGE_CURVE('',#624,#632,#634,.T.);
#632 = VERTEX_POINT('',#633);
#633 = CARTESIAN_POINT('',(7.99620348341,-8.,-16.12451549659));
#634 = B_SPLINE_CURVE_WITH_KNOTS('',7,(#635,#636,#637,#638,#639,#640,
    #641,#642,#643,#644,#645,#646,#647,#648),.UNSPECIFIED.,.F.,.F.,(8,6,
    8),(0.,0.578007374343,1.),.UNSPECIFIED.);
#635 = CARTESIAN_POINT('',(5.99620348341,-10.,-14.96662954709));
#636 = CARTESIAN_POINT('',(6.245426560711,-10.,-14.96662954709));
#637 = CARTESIAN_POINT('',(6.493797983674,-9.963767876227,-14.9908382901
    ));
#638 = CARTESIAN_POINT('',(6.736019629565,-9.891749667022,
    -15.03895673072));
#639 = CARTESIAN_POINT('',(6.966864201226,-9.784873901959,
    -15.10956898592));
#640 = CARTESIAN_POINT('',(7.180985316385,-9.644658009617,
    -15.20010716409));
#641 = CARTESIAN_POINT('',(7.372909324257,-9.473477517831,
    -15.30708786596));
#642 = CARTESIAN_POINT('',(7.657197470047,-9.129832181888,
    -15.51369703133));
#643 = CARTESIAN_POINT('',(7.763290389075,-8.969171884565,
    -15.60812480306));
#644 = CARTESIAN_POINT('',(7.852656033093,-8.794324954244,
    -15.70812888908));
#645 = CARTESIAN_POINT('',(7.922711689256,-8.607302090588,
    -15.81174586314));
#646 = CARTESIAN_POINT('',(7.971195938829,-8.41058049668,-15.9169454799)
  );
#647 = CARTESIAN_POINT('',(7.99620348341,-8.207051196587,-16.02178933573
    ));
#648 = CARTESIAN_POINT('',(7.99620348341,-8.,-16.12451549659));
#649 = ORIENTED_EDGE('',*,*,#650,.T.);
#650 = EDGE_CURVE('',#632,#651,#653,.T.);
#651 = VERTEX_POINT('',#652);
#652 = CARTESIAN_POINT('',(7.99620348341,8.636201379079,-15.79291061647)
  );
#653 = CIRCLE('',#654,18.);
#654 = AXIS2_PLACEMENT_3D('',#655,#656,#657);
#655 = CARTESIAN_POINT('',(7.99620348341,0.,0.));
#656 = DIRECTION('',(1.,0.,-0.));
#657 = DIRECTION('',(0.,2.2E-16,1.));
#658 = ORIENTED_EDGE('',*,*,#659,.T.);
#659 = EDGE_CURVE('',#651,#660,#662,.T.);
#660 = VERTEX_POINT('',#661);
#661 = CARTESIAN_POINT('',(6.632404862489,10.,-14.96662954709));
#662 = B_SPLINE_CURVE_WITH_KNOTS('',7,(#663,#664,#665,#666,#667,#668,
    #669,#670,#671,#672,#673,#674,#675,#676),.UNSPECIFIED.,.F.,.F.,(8,6,
    8),(0.,0.548483176985,1.),.UNSPECIFIED.);
#663 = CARTESIAN_POINT('',(7.99620348341,8.636201379079,-15.79291061647)
  );
#664 = CARTESIAN_POINT('',(7.99620348341,8.81460573717,-15.69535190796)
  );
#665 = CARTESIAN_POINT('',(7.968976186513,8.990162904276,-15.59629574658
    ));
#666 = CARTESIAN_POINT('',(7.916084465377,9.158346085135,-15.49831439473
    ));
#667 = CARTESIAN_POINT('',(7.83978156879,9.315147609683,-15.40415853977)
  );
#668 = CARTESIAN_POINT('',(7.742949835457,9.457173601799,-15.31664038491
    ));
#669 = CARTESIAN_POINT('',(7.628996668683,9.581736193044,-15.23830493755
    ));
#670 = CARTESIAN_POINT('',(7.396949719253,9.773702124456,-15.11573096038
    ));
#671 = CARTESIAN_POINT('',(7.282623377177,9.847752153393,-15.06763541227
    ));
#672 = CARTESIAN_POINT('',(7.1605346423,9.908071221039,-15.02790757785)
  );
#673 = CARTESIAN_POINT('',(7.032550685127,9.95386565882,-14.99745457778)
  );
#674 = CARTESIAN_POINT('',(6.900581271116,9.984605330923,-14.97691544705
    ));
#675 = CARTESIAN_POINT('',(6.766554907198,10.,-14.96662954709));
#676 = CARTESIAN_POINT('',(6.632404862489,10.,-14.96662954709));
#677 = ORIENTED_EDGE('',*,*,#678,.F.);
#678 = EDGE_CURVE('',#615,#660,#679,.T.);
#679 = LINE('',#680,#681);
#680 = CARTESIAN_POINT('',(3.,10.,-14.96662954709));
#681 = VECTOR('',#682,1.);
#682 = DIRECTION('',(1.,0.,0.));
#683 = FACE_BOUND('',#684,.T.);
#684 = EDGE_LOOP('',(#685,#696,#704,#723,#732,#751));
#685 = ORIENTED_EDGE('',*,*,#686,.F.);
#686 = EDGE_CURVE('',#687,#689,#691,.T.);
#687 = VERTEX_POINT('',#688);
#688 = CARTESIAN_POINT('',(4.057421,14.966629547096,-10.));
#689 = VERTEX_POINT('',#690);
#690 = CARTESIAN_POINT('',(4.057421,14.966629547096,10.));
#691 = CIRCLE('',#692,18.);
#692 = AXIS2_PLACEMENT_3D('',#693,#694,#695);
#693 = CARTESIAN_POINT('',(4.057421,0.,0.));
#694 = DIRECTION('',(1.,0.,-0.));
#695 = DIRECTION('',(0.,2.2E-16,1.));
#696 = ORIENTED_EDGE('',*,*,#697,.T.);
#697 = EDGE_CURVE('',#687,#698,#700,.T.);
#698 = VERTEX_POINT('',#699);
#699 = CARTESIAN_POINT('',(5.99620348341,14.966629547096,-10.));
#700 = LINE('',#701,#702);
#701 = CARTESIAN_POINT('',(3.,14.966629547096,-10.));
#702 = VECTOR('',#703,1.);
#703 = DIRECTION('',(1.,0.,0.));
#704 = ORIENTED_EDGE('',*,*,#705,.T.);
#705 = EDGE_CURVE('',#698,#706,#708,.T.);
#706 = VERTEX_POINT('',#707);
#707 = CARTESIAN_POINT('',(7.99620348341,16.124515496597,-8.));
#708 = B_SPLINE_CURVE_WITH_KNOTS('',7,(#709,#710,#711,#712,#713,#714,
    #715,#716,#717,#718,#719,#720,#721,#722),.UNSPECIFIED.,.F.,.F.,(8,6,
    8),(0.,0.578007374343,1.),.UNSPECIFIED.);
#709 = CARTESIAN_POINT('',(5.99620348341,14.966629547096,-10.));
#710 = CARTESIAN_POINT('',(6.245426560711,14.966629547096,-10.));
#711 = CARTESIAN_POINT('',(6.493797983674,14.990838290107,
    -9.963767876227));
#712 = CARTESIAN_POINT('',(6.736019629565,15.038956730724,
    -9.891749667022));
#713 = CARTESIAN_POINT('',(6.966864201226,15.109568985929,
    -9.784873901958));
#714 = CARTESIAN_POINT('',(7.180985316385,15.200107164098,
    -9.644658009617));
#715 = CARTESIAN_POINT('',(7.372909324257,15.307087865961,
    -9.473477517831));
#716 = CARTESIAN_POINT('',(7.657197470047,15.513697031332,
    -9.129832181888));
#717 = CARTESIAN_POINT('',(7.763290389075,15.608124803067,
    -8.969171884565));
#718 = CARTESIAN_POINT('',(7.852656033093,15.708128889082,
    -8.794324954244));
#719 = CARTESIAN_POINT('',(7.922711689256,15.811745863147,
    -8.607302090588));
#720 = CARTESIAN_POINT('',(7.971195938829,15.916945479909,-8.41058049668
    ));
#721 = CARTESIAN_POINT('',(7.99620348341,16.021789335737,-8.207051196587
    ));
#722 = CARTESIAN_POINT('',(7.99620348341,16.124515496597,-8.));
#723 = ORIENTED_EDGE('',*,*,#724,.T.);
#724 = EDGE_CURVE('',#706,#725,#727,.T.);
#725 = VERTEX_POINT('',#726);
#726 = CARTESIAN_POINT('',(7.99620348341,15.792910616476,8.636201379079)
  );
#727 = CIRCLE('',#728,18.);
#728 = AXIS2_PLACEMENT_3D('',#729,#730,#731);
#729 = CARTESIAN_POINT('',(7.99620348341,0.,0.));
#730 = DIRECTION('',(1.,0.,-0.));
#731 = DIRECTION('',(0.,2.2E-16,1.));
#732 = ORIENTED_EDGE('',*,*,#733,.T.);
#733 = EDGE_CURVE('',#725,#734,#736,.T.);
#734 = VERTEX_POINT('',#735);
#735 = CARTESIAN_POINT('',(6.632404862489,14.966629547096,10.));
#736 = B_SPLINE_CURVE_WITH_KNOTS('',7,(#737,#738,#739,#740,#741,#742,
    #743,#744,#745,#746,#747,#748,#749,#750),.UNSPECIFIED.,.F.,.F.,(8,6,
    8),(0.,0.54848317698,1.),.UNSPECIFIED.);
#737 = CARTESIAN_POINT('',(7.99620348341,15.792910616476,8.636201379079)
  );
#738 = CARTESIAN_POINT('',(7.99620348341,15.695351907966,8.814605737168)
  );
#739 = CARTESIAN_POINT('',(7.968976186514,15.596295746582,8.99016290428)
  );
#740 = CARTESIAN_POINT('',(7.916084465375,15.498314394735,9.158346085137
    ));
#741 = CARTESIAN_POINT('',(7.83978156879,15.404158539774,9.315147609681)
  );
#742 = CARTESIAN_POINT('',(7.74294983546,15.316640384919,9.457173601797)
  );
#743 = CARTESIAN_POINT('',(7.628996668681,15.238304937553,9.581736193046
    ));
#744 = CARTESIAN_POINT('',(7.396949719253,15.115730960388,9.773702124456
    ));
#745 = CARTESIAN_POINT('',(7.282623377177,15.067635412276,9.847752153393
    ));
#746 = CARTESIAN_POINT('',(7.1605346423,15.027907577858,9.908071221039)
  );
#747 = CARTESIAN_POINT('',(7.032550685127,14.997454577783,9.95386565882)
  );
#748 = CARTESIAN_POINT('',(6.900581271116,14.976915447056,9.984605330923
    ));
#749 = CARTESIAN_POINT('',(6.766554907198,14.966629547096,10.));
#750 = CARTESIAN_POINT('',(6.632404862489,14.966629547096,10.));
#751 = ORIENTED_EDGE('',*,*,#752,.F.);
#752 = EDGE_CURVE('',#689,#734,#753,.T.);
#753 = LINE('',#754,#755);
#754 = CARTESIAN_POINT('',(3.,14.966629547096,10.));
#755 = VECTOR('',#756,1.);
#756 = DIRECTION('',(1.,0.,0.));
#757 = CYLINDRICAL_SURFACE('',#758,18.);
#758 = AXIS2_PLACEMENT_3D('',#759,#760,#761);
#759 = CARTESIAN_POINT('',(3.,0.,0.));
#760 = DIRECTION('',(1.,0.,0.));
#761 = DIRECTION('',(0.,2.2E-16,1.));
#762 = ADVANCED_FACE('',(#763),#782,.F.);
#763 = FACE_BOUND('',#764,.T.);
#764 = EDGE_LOOP('',(#765,#773,#780,#781));
#765 = ORIENTED_EDGE('',*,*,#766,.F.);
#766 = EDGE_CURVE('',#767,#346,#769,.T.);
#767 = VERTEX_POINT('',#768);
#768 = CARTESIAN_POINT('',(2.8,0.,17.8));
#769 = LINE('',#770,#771);
#770 = CARTESIAN_POINT('',(2.8,-3.95E-15,17.8));
#771 = VECTOR('',#772,1.);
#772 = DIRECTION('',(-0.242535625036,-2.2E-16,0.970142500145));
#773 = ORIENTED_EDGE('',*,*,#774,.T.);
#774 = EDGE_CURVE('',#767,#767,#775,.T.);
#775 = CIRCLE('',#776,17.8);
#776 = AXIS2_PLACEMENT_3D('',#777,#778,#779);
#777 = CARTESIAN_POINT('',(2.8,0.,0.));
#778 = DIRECTION('',(1.,0.,-0.));
#779 = DIRECTION('',(0.,2.2E-16,1.));
#780 = ORIENTED_EDGE('',*,*,#766,.T.);
#781 = ORIENTED_EDGE('',*,*,#353,.F.);
#782 = CONICAL_SURFACE('',#783,17.8,1.325817663668);
#783 = AXIS2_PLACEMENT_3D('',#784,#785,#786);
#784 = CARTESIAN_POINT('',(2.8,0.,0.));
#785 = DIRECTION('',(-1.,0.,0.));
#786 = DIRECTION('',(0.,2.2E-16,1.));
#787 = ADVANCED_FACE('',(#788),#824,.F.);
#788 = FACE_BOUND('',#789,.F.);
#789 = EDGE_LOOP('',(#790,#801,#807,#808,#809,#817));
#790 = ORIENTED_EDGE('',*,*,#791,.F.);
#791 = EDGE_CURVE('',#792,#794,#796,.T.);
#792 = VERTEX_POINT('',#793);
#793 = CARTESIAN_POINT('',(4.057421,-10.,14.72548810736));
#794 = VERTEX_POINT('',#795);
#795 = CARTESIAN_POINT('',(4.057421,0.,17.8));
#796 = CIRCLE('',#797,17.8);
#797 = AXIS2_PLACEMENT_3D('',#798,#799,#800);
#798 = CARTESIAN_POINT('',(4.057421,0.,0.));
#799 = DIRECTION('',(-1.,0.,0.));
#800 = DIRECTION('',(0.,2.2E-16,1.));
#801 = ORIENTED_EDGE('',*,*,#802,.T.);
#802 = EDGE_CURVE('',#792,#522,#803,.T.);
#803 = LINE('',#804,#805);
#804 = CARTESIAN_POINT('',(4.057421,-10.,2.22E-15));
#805 = VECTOR('',#806,1.);
#806 = DIRECTION('',(0.,2.2E-16,1.));
#807 = ORIENTED_EDGE('',*,*,#529,.F.);
#808 = ORIENTED_EDGE('',*,*,#432,.F.);
#809 = ORIENTED_EDGE('',*,*,#810,.F.);
#810 = EDGE_CURVE('',#811,#433,#813,.T.);
#811 = VERTEX_POINT('',#812);
#812 = CARTESIAN_POINT('',(4.057421,10.,14.72548810736));
#813 = LINE('',#814,#815);
#814 = CARTESIAN_POINT('',(4.057421,10.,-2.22E-15));
#815 = VECTOR('',#816,1.);
#816 = DIRECTION('',(0.,2.2E-16,1.));
#817 = ORIENTED_EDGE('',*,*,#818,.F.);
#818 = EDGE_CURVE('',#794,#811,#819,.T.);
#819 = CIRCLE('',#820,17.8);
#820 = AXIS2_PLACEMENT_3D('',#821,#822,#823);
#821 = CARTESIAN_POINT('',(4.057421,0.,0.));
#822 = DIRECTION('',(-1.,0.,0.));
#823 = DIRECTION('',(0.,2.2E-16,1.));
#824 = PLANE('',#825);
#825 = AXIS2_PLACEMENT_3D('',#826,#827,#828);
#826 = CARTESIAN_POINT('',(4.057421,-10.,2.22E-15));
#827 = DIRECTION('',(-1.,0.,0.));
#828 = DIRECTION('',(0.,1.,-2.2E-16));
#829 = ADVANCED_FACE('',(#830),#848,.F.);
#830 = FACE_BOUND('',#831,.F.);
#831 = EDGE_LOOP('',(#832,#840,#846,#847));
#832 = ORIENTED_EDGE('',*,*,#833,.F.);
#833 = EDGE_CURVE('',#834,#792,#836,.T.);
#834 = VERTEX_POINT('',#835);
#835 = CARTESIAN_POINT('',(6.632404862489,-10.,14.72548810736));
#836 = LINE('',#837,#838);
#837 = CARTESIAN_POINT('',(9.8,-10.,14.72548810736));
#838 = VECTOR('',#839,1.);
#839 = DIRECTION('',(-1.,0.,0.));
#840 = ORIENTED_EDGE('',*,*,#841,.T.);
#841 = EDGE_CURVE('',#834,#503,#842,.T.);
#842 = LINE('',#843,#844);
#843 = CARTESIAN_POINT('',(6.632404862489,-10.,2.22E-15));
#844 = VECTOR('',#845,1.);
#845 = DIRECTION('',(0.,2.2E-16,1.));
#846 = ORIENTED_EDGE('',*,*,#521,.F.);
#847 = ORIENTED_EDGE('',*,*,#802,.F.);
#848 = PLANE('',#849);
#849 = AXIS2_PLACEMENT_3D('',#850,#851,#852);
#850 = CARTESIAN_POINT('',(6.632404862489,-10.,2.22E-15));
#851 = DIRECTION('',(0.,-1.,2.2E-16));
#852 = DIRECTION('',(-1.,0.,0.));
#853 = ADVANCED_FACE('',(#854),#881,.F.);
#854 = FACE_BOUND('',#855,.F.);
#855 = EDGE_LOOP('',(#856,#873,#879,#880));
#856 = ORIENTED_EDGE('',*,*,#857,.F.);
#857 = EDGE_CURVE('',#858,#834,#860,.T.);
#858 = VERTEX_POINT('',#859);
#859 = CARTESIAN_POINT('',(7.99620348341,-8.636201379079,15.564575989727
    ));
#860 = B_SPLINE_CURVE_WITH_KNOTS('',6,(#861,#862,#863,#864,#865,#866,
    #867,#868,#869,#870,#871,#872),.UNSPECIFIED.,.F.,.F.,(7,5,7),(0.,
    0.488694399376,1.),.UNSPECIFIED.);
#861 = CARTESIAN_POINT('',(7.99620348341,-8.636201379079,15.564575989727
    ));
#862 = CARTESIAN_POINT('',(7.99620348341,-8.821094414711,15.461985755958
    ));
#863 = CARTESIAN_POINT('',(7.966123995843,-9.003028356463,
    15.357590907024));
#864 = CARTESIAN_POINT('',(7.907769365435,-9.176360412625,
    15.254623274537));
#865 = CARTESIAN_POINT('',(7.824045097101,-9.336172161453,
    15.156629893546));
#866 = CARTESIAN_POINT('',(7.718837069655,-9.478471677966,
    15.067169365088));
#867 = CARTESIAN_POINT('',(7.46902664765,-9.72828209997,14.907163893698)
  );
#868 = CARTESIAN_POINT('',(7.32194681999,-9.83475901868,14.837123129209)
  );
#869 = CARTESIAN_POINT('',(7.159897449045,-9.916736307611,
    14.782033601631));
#870 = CARTESIAN_POINT('',(6.987700044556,-9.972179260242,
    14.744380592843));
#871 = CARTESIAN_POINT('',(6.810218481666,-10.,14.72548810736));
#872 = CARTESIAN_POINT('',(6.632404862489,-10.,14.72548810736));
#873 = ORIENTED_EDGE('',*,*,#874,.T.);
#874 = EDGE_CURVE('',#858,#494,#875,.T.);
#875 = LINE('',#876,#877);
#876 = CARTESIAN_POINT('',(7.99620348341,-8.636201379079,1.92E-15));
#877 = VECTOR('',#878,1.);
#878 = DIRECTION('',(0.,2.2E-16,1.));
#879 = ORIENTED_EDGE('',*,*,#502,.T.);
#880 = ORIENTED_EDGE('',*,*,#841,.F.);
#881 = CYLINDRICAL_SURFACE('',#882,1.363798620921);
#882 = AXIS2_PLACEMENT_3D('',#883,#884,#885);
#883 = CARTESIAN_POINT('',(6.632404862489,-8.636201379079,1.92E-15));
#884 = DIRECTION('',(0.,-2.2E-16,-1.));
#885 = DIRECTION('',(1.,0.,0.));
#886 = ADVANCED_FACE('',(#887),#916,.F.);
#887 = FACE_BOUND('',#888,.F.);
#888 = EDGE_LOOP('',(#889,#900,#906,#907,#908,#909));
#889 = ORIENTED_EDGE('',*,*,#890,.T.);
#890 = EDGE_CURVE('',#891,#893,#895,.T.);
#891 = VERTEX_POINT('',#892);
#892 = CARTESIAN_POINT('',(7.99620348341,0.,17.8));
#893 = VERTEX_POINT('',#894);
#894 = CARTESIAN_POINT('',(7.99620348341,8.,15.900943368241));
#895 = CIRCLE('',#896,17.8);
#896 = AXIS2_PLACEMENT_3D('',#897,#898,#899);
#897 = CARTESIAN_POINT('',(7.99620348341,0.,0.));
#898 = DIRECTION('',(-1.,0.,0.));
#899 = DIRECTION('',(0.,2.2E-16,1.));
#900 = ORIENTED_EDGE('',*,*,#901,.T.);
#901 = EDGE_CURVE('',#893,#450,#902,.T.);
#902 = LINE('',#903,#904);
#903 = CARTESIAN_POINT('',(7.99620348341,8.,-1.78E-15));
#904 = VECTOR('',#905,1.);
#905 = DIRECTION('',(0.,2.2E-16,1.));
#906 = ORIENTED_EDGE('',*,*,#468,.T.);
#907 = ORIENTED_EDGE('',*,*,#493,.T.);
#908 = ORIENTED_EDGE('',*,*,#874,.F.);
#909 = ORIENTED_EDGE('',*,*,#910,.T.);
#910 = EDGE_CURVE('',#858,#891,#911,.T.);
#911 = CIRCLE('',#912,17.8);
#912 = AXIS2_PLACEMENT_3D('',#913,#914,#915);
#913 = CARTESIAN_POINT('',(7.99620348341,0.,0.));
#914 = DIRECTION('',(-1.,0.,0.));
#915 = DIRECTION('',(0.,2.2E-16,1.));
#916 = PLANE('',#917);
#917 = AXIS2_PLACEMENT_3D('',#918,#919,#920);
#918 = CARTESIAN_POINT('',(7.99620348341,8.,-1.78E-15));
#919 = DIRECTION('',(1.,0.,0.));
#920 = DIRECTION('',(0.,-1.,2.2E-16));
#921 = ADVANCED_FACE('',(#922),#942,.T.);
#922 = FACE_BOUND('',#923,.T.);
#923 = EDGE_LOOP('',(#924,#933,#934,#935));
#924 = ORIENTED_EDGE('',*,*,#925,.F.);
#925 = EDGE_CURVE('',#478,#926,#928,.T.);
#926 = VERTEX_POINT('',#927);
#927 = CARTESIAN_POINT('',(10.,0.,16.2));
#928 = CIRCLE('',#929,1.8);
#929 = AXIS2_PLACEMENT_3D('',#930,#931,#932);
#930 = CARTESIAN_POINT('',(8.2,3.6E-15,16.2));
#931 = DIRECTION('',(0.,1.,-2.2E-16));
#932 = DIRECTION('',(0.,2.2E-16,1.));
#933 = ORIENTED_EDGE('',*,*,#485,.T.);
#934 = ORIENTED_EDGE('',*,*,#925,.T.);
#935 = ORIENTED_EDGE('',*,*,#936,.F.);
#936 = EDGE_CURVE('',#926,#926,#937,.T.);
#937 = CIRCLE('',#938,16.2);
#938 = AXIS2_PLACEMENT_3D('',#939,#940,#941);
#939 = CARTESIAN_POINT('',(10.,0.,0.));
#940 = DIRECTION('',(1.,0.,-0.));
#941 = DIRECTION('',(0.,2.2E-16,1.));
#942 = TOROIDAL_SURFACE('',#943,16.2,1.8);
#943 = AXIS2_PLACEMENT_3D('',#944,#945,#946);
#944 = CARTESIAN_POINT('',(8.2,0.,0.));
#945 = DIRECTION('',(1.,0.,0.));
#946 = DIRECTION('',(0.,2.2E-16,1.));
#947 = ADVANCED_FACE('',(#948),#977,.F.);
#948 = FACE_BOUND('',#949,.F.);
#949 = EDGE_LOOP('',(#950,#969,#975,#976));
#950 = ORIENTED_EDGE('',*,*,#951,.F.);
#951 = EDGE_CURVE('',#952,#893,#954,.T.);
#952 = VERTEX_POINT('',#953);
#953 = CARTESIAN_POINT('',(5.99620348341,10.,14.72548810736));
#954 = B_SPLINE_CURVE_WITH_KNOTS('',7,(#955,#956,#957,#958,#959,#960,
    #961,#962,#963,#964,#965,#966,#967,#968),.UNSPECIFIED.,.F.,.F.,(8,6,
    8),(0.,0.577278810106,1.),.UNSPECIFIED.);
#955 = CARTESIAN_POINT('',(5.99620348341,10.,14.72548810736));
#956 = CARTESIAN_POINT('',(6.245793143548,10.,14.72548810736));
#957 = CARTESIAN_POINT('',(6.494444033215,9.963661182974,14.750165753682
    ));
#958 = CARTESIAN_POINT('',(6.736818922787,9.891476101923,14.799185431164
    ));
#959 = CARTESIAN_POINT('',(6.967667753327,9.784434977523,14.871053373092
    ));
#960 = CARTESIAN_POINT('',(7.181633601195,9.644133186341,14.963086225456
    ));
#961 = CARTESIAN_POINT('',(7.373259426992,9.473054316323,15.071667757795
    ));
#962 = CARTESIAN_POINT('',(7.657299892533,9.12970837437,15.281274206212)
  );
#963 = CARTESIAN_POINT('',(7.763398834587,8.968985436729,15.377171754088
    ));
#964 = CARTESIAN_POINT('',(7.852727181601,8.79413846744,15.478668999236)
  );
#965 = CARTESIAN_POINT('',(7.922740671488,8.607162522459,15.583782967447
    ));
#966 = CARTESIAN_POINT('',(7.971199966383,8.410507961499,15.69047003033)
  );
#967 = CARTESIAN_POINT('',(7.99620348341,8.207034533656,15.796781229499)
  );
#968 = CARTESIAN_POINT('',(7.99620348341,8.,15.900943368241));
#969 = ORIENTED_EDGE('',*,*,#970,.T.);
#970 = EDGE_CURVE('',#952,#442,#971,.T.);
#971 = LINE('',#972,#973);
#972 = CARTESIAN_POINT('',(5.99620348341,10.,-2.22E-15));
#973 = VECTOR('',#974,1.);
#974 = DIRECTION('',(0.,2.2E-16,1.));
#975 = ORIENTED_EDGE('',*,*,#449,.T.);
#976 = ORIENTED_EDGE('',*,*,#901,.F.);
#977 = CYLINDRICAL_SURFACE('',#978,2.);
#978 = AXIS2_PLACEMENT_3D('',#979,#980,#981);
#979 = CARTESIAN_POINT('',(5.99620348341,8.,-1.78E-15));
#980 = DIRECTION('',(0.,-2.2E-16,-1.));
#981 = DIRECTION('',(1.,0.,0.));
#982 = ADVANCED_FACE('',(#983),#994,.F.);
#983 = FACE_BOUND('',#984,.F.);
#984 = EDGE_LOOP('',(#985,#991,#992,#993));
#985 = ORIENTED_EDGE('',*,*,#986,.T.);
#986 = EDGE_CURVE('',#952,#811,#987,.T.);
#987 = LINE('',#988,#989);
#988 = CARTESIAN_POINT('',(9.8,10.,14.72548810736));
#989 = VECTOR('',#990,1.);
#990 = DIRECTION('',(-1.,0.,0.));
#991 = ORIENTED_EDGE('',*,*,#810,.T.);
#992 = ORIENTED_EDGE('',*,*,#441,.T.);
#993 = ORIENTED_EDGE('',*,*,#970,.F.);
#994 = PLANE('',#995);
#995 = AXIS2_PLACEMENT_3D('',#996,#997,#998);
#996 = CARTESIAN_POINT('',(4.057421,10.,-2.22E-15));
#997 = DIRECTION('',(0.,1.,-2.2E-16));
#998 = DIRECTION('',(1.,0.,0.));
#999 = ADVANCED_FACE('',(#1000),#1026,.F.);
#1000 = FACE_BOUND('',#1001,.F.);
#1001 = EDGE_LOOP('',(#1002,#1013,#1019,#1020));
#1002 = ORIENTED_EDGE('',*,*,#1003,.F.);
#1003 = EDGE_CURVE('',#1004,#1006,#1008,.T.);
#1004 = VERTEX_POINT('',#1005);
#1005 = CARTESIAN_POINT('',(4.057421,-14.72548810736,-10.));
#1006 = VERTEX_POINT('',#1007);
#1007 = CARTESIAN_POINT('',(4.057421,-14.72548810736,10.));
#1008 = CIRCLE('',#1009,17.8);
#1009 = AXIS2_PLACEMENT_3D('',#1010,#1011,#1012);
#1010 = CARTESIAN_POINT('',(4.057421,0.,0.));
#1011 = DIRECTION('',(-1.,0.,0.));
#1012 = DIRECTION('',(0.,2.2E-16,1.));
#1013 = ORIENTED_EDGE('',*,*,#1014,.T.);
#1014 = EDGE_CURVE('',#1004,#541,#1015,.T.);
#1015 = LINE('',#1016,#1017);
#1016 = CARTESIAN_POINT('',(4.057421,-2.22E-15,-10.));
#1017 = VECTOR('',#1018,1.);
#1018 = DIRECTION('',(0.,-1.,2.2E-16));
#1019 = ORIENTED_EDGE('',*,*,#538,.F.);
#1020 = ORIENTED_EDGE('',*,*,#1021,.F.);
#1021 = EDGE_CURVE('',#1006,#539,#1022,.T.);
#1022 = LINE('',#1023,#1024);
#1023 = CARTESIAN_POINT('',(4.057421,2.22E-15,10.));
#1024 = VECTOR('',#1025,1.);
#1025 = DIRECTION('',(0.,-1.,2.2E-16));
#1026 = PLANE('',#1027);
#1027 = AXIS2_PLACEMENT_3D('',#1028,#1029,#1030);
#1028 = CARTESIAN_POINT('',(4.057421,-2.22E-15,-10.));
#1029 = DIRECTION('',(-1.,-0.,0.));
#1030 = DIRECTION('',(0.,2.2E-16,1.));
#1031 = ADVANCED_FACE('',(#1032),#1050,.F.);
#1032 = FACE_BOUND('',#1033,.F.);
#1033 = EDGE_LOOP('',(#1034,#1042,#1048,#1049));
#1034 = ORIENTED_EDGE('',*,*,#1035,.F.);
#1035 = EDGE_CURVE('',#1036,#1004,#1038,.T.);
#1036 = VERTEX_POINT('',#1037);
#1037 = CARTESIAN_POINT('',(6.632404862489,-14.72548810736,-10.));
#1038 = LINE('',#1039,#1040);
#1039 = CARTESIAN_POINT('',(9.8,-14.72548810736,-10.));
#1040 = VECTOR('',#1041,1.);
#1041 = DIRECTION('',(-1.,0.,0.));
#1042 = ORIENTED_EDGE('',*,*,#1043,.T.);
#1043 = EDGE_CURVE('',#1036,#586,#1044,.T.);
#1044 = LINE('',#1045,#1046);
#1045 = CARTESIAN_POINT('',(6.632404862489,-2.22E-15,-10.));
#1046 = VECTOR('',#1047,1.);
#1047 = DIRECTION('',(0.,-1.,2.2E-16));
#1048 = ORIENTED_EDGE('',*,*,#604,.F.);
#1049 = ORIENTED_EDGE('',*,*,#1014,.F.);
#1050 = PLANE('',#1051);
#1051 = AXIS2_PLACEMENT_3D('',#1052,#1053,#1054);
#1052 = CARTESIAN_POINT('',(6.632404862489,-2.22E-15,-10.));
#1053 = DIRECTION('',(0.,-2.2E-16,-1.));
#1054 = DIRECTION('',(-1.,0.,0.));
#1055 = ADVANCED_FACE('',(#1056),#1083,.F.);
#1056 = FACE_BOUND('',#1057,.F.);
#1057 = EDGE_LOOP('',(#1058,#1075,#1081,#1082));
#1058 = ORIENTED_EDGE('',*,*,#1059,.F.);
#1059 = EDGE_CURVE('',#1060,#1036,#1062,.T.);
#1060 = VERTEX_POINT('',#1061);
#1061 = CARTESIAN_POINT('',(7.99620348341,-15.56457598972,
    -8.636201379079));
#1062 = B_SPLINE_CURVE_WITH_KNOTS('',6,(#1063,#1064,#1065,#1066,#1067,
    #1068,#1069,#1070,#1071,#1072,#1073,#1074),.UNSPECIFIED.,.F.,.F.,(7,
    5,7),(0.,0.488694402728,1.),.UNSPECIFIED.);
#1063 = CARTESIAN_POINT('',(7.99620348341,-15.56457598972,
    -8.636201379079));
#1064 = CARTESIAN_POINT('',(7.99620348341,-15.46198575737,-8.82109441215
    ));
#1065 = CARTESIAN_POINT('',(7.966123994309,-15.35759090264,
    -9.003028364108));
#1066 = CARTESIAN_POINT('',(7.907769369338,-15.25462328037,
    -9.176360402742));
#1067 = CARTESIAN_POINT('',(7.824045093157,-15.15662988971,
    -9.336172167724));
#1068 = CARTESIAN_POINT('',(7.718837071292,-15.06716936613,
    -9.478471676328));
#1069 = CARTESIAN_POINT('',(7.46902664765,-14.90716389369,-9.72828209997
    ));
#1070 = CARTESIAN_POINT('',(7.32194681999,-14.8371231292,-9.83475901868)
  );
#1071 = CARTESIAN_POINT('',(7.159897449045,-14.78203360163,
    -9.916736307611));
#1072 = CARTESIAN_POINT('',(6.987700044555,-14.74438059284,
    -9.972179260242));
#1073 = CARTESIAN_POINT('',(6.810218481666,-14.72548810736,-10.));
#1074 = CARTESIAN_POINT('',(6.632404862489,-14.72548810736,-10.));
#1075 = ORIENTED_EDGE('',*,*,#1076,.T.);
#1076 = EDGE_CURVE('',#1060,#577,#1077,.T.);
#1077 = LINE('',#1078,#1079);
#1078 = CARTESIAN_POINT('',(7.99620348341,-1.92E-15,-8.636201379079));
#1079 = VECTOR('',#1080,1.);
#1080 = DIRECTION('',(0.,-1.,2.2E-16));
#1081 = ORIENTED_EDGE('',*,*,#585,.T.);
#1082 = ORIENTED_EDGE('',*,*,#1043,.F.);
#1083 = CYLINDRICAL_SURFACE('',#1084,1.363798620921);
#1084 = AXIS2_PLACEMENT_3D('',#1085,#1086,#1087);
#1085 = CARTESIAN_POINT('',(6.632404862489,-1.92E-15,-8.636201379079));
#1086 = DIRECTION('',(0.,1.,-2.2E-16));
#1087 = DIRECTION('',(1.,0.,0.));
#1088 = ADVANCED_FACE('',(#1089),#1108,.F.);
#1089 = FACE_BOUND('',#1090,.F.);
#1090 = EDGE_LOOP('',(#1091,#1100,#1106,#1107));
#1091 = ORIENTED_EDGE('',*,*,#1092,.T.);
#1092 = EDGE_CURVE('',#1060,#1093,#1095,.T.);
#1093 = VERTEX_POINT('',#1094);
#1094 = CARTESIAN_POINT('',(7.99620348341,-15.90094336824,8.));
#1095 = CIRCLE('',#1096,17.8);
#1096 = AXIS2_PLACEMENT_3D('',#1097,#1098,#1099);
#1097 = CARTESIAN_POINT('',(7.99620348341,0.,0.));
#1098 = DIRECTION('',(-1.,0.,0.));
#1099 = DIRECTION('',(0.,2.2E-16,1.));
#1100 = ORIENTED_EDGE('',*,*,#1101,.T.);
#1101 = EDGE_CURVE('',#1093,#558,#1102,.T.);
#1102 = LINE('',#1103,#1104);
#1103 = CARTESIAN_POINT('',(7.99620348341,1.78E-15,8.));
#1104 = VECTOR('',#1105,1.);
#1105 = DIRECTION('',(0.,-1.,2.2E-16));
#1106 = ORIENTED_EDGE('',*,*,#576,.T.);
#1107 = ORIENTED_EDGE('',*,*,#1076,.F.);
#1108 = PLANE('',#1109);
#1109 = AXIS2_PLACEMENT_3D('',#1110,#1111,#1112);
#1110 = CARTESIAN_POINT('',(7.99620348341,1.78E-15,8.));
#1111 = DIRECTION('',(1.,0.,0.));
#1112 = DIRECTION('',(0.,-2.2E-16,-1.));
#1113 = ADVANCED_FACE('',(#1114),#1143,.F.);
#1114 = FACE_BOUND('',#1115,.F.);
#1115 = EDGE_LOOP('',(#1116,#1135,#1141,#1142));
#1116 = ORIENTED_EDGE('',*,*,#1117,.F.);
#1117 = EDGE_CURVE('',#1118,#1093,#1120,.T.);
#1118 = VERTEX_POINT('',#1119);
#1119 = CARTESIAN_POINT('',(5.99620348341,-14.72548810736,10.));
#1120 = B_SPLINE_CURVE_WITH_KNOTS('',7,(#1121,#1122,#1123,#1124,#1125,
    #1126,#1127,#1128,#1129,#1130,#1131,#1132,#1133,#1134),
  .UNSPECIFIED.,.F.,.F.,(8,6,8),(0.,0.577278810314,1.),.UNSPECIFIED.);
#1121 = CARTESIAN_POINT('',(5.99620348341,-14.72548810736,10.));
#1122 = CARTESIAN_POINT('',(6.245793143548,-14.72548810736,10.));
#1123 = CARTESIAN_POINT('',(6.494444033215,-14.75016575368,
    9.963661182974));
#1124 = CARTESIAN_POINT('',(6.736818922787,-14.79918543116,
    9.891476101923));
#1125 = CARTESIAN_POINT('',(6.967667753327,-14.87105337309,
    9.784434977523));
#1126 = CARTESIAN_POINT('',(7.181633601195,-14.96308622545,
    9.644133186341));
#1127 = CARTESIAN_POINT('',(7.373259426992,-15.07166775779,
    9.473054316323));
#1128 = CARTESIAN_POINT('',(7.657299892431,-15.28127420613,
    9.129708374493));
#1129 = CARTESIAN_POINT('',(7.763398834609,-15.37717175407,
    8.968985436757));
#1130 = CARTESIAN_POINT('',(7.852727181674,-15.4786689993,8.794138467325
    ));
#1131 = CARTESIAN_POINT('',(7.922740671504,-15.58378296751,
    8.607162522331));
#1132 = CARTESIAN_POINT('',(7.971199966345,-15.69047003031,
    8.410507961519));
#1133 = CARTESIAN_POINT('',(7.99620348341,-15.79678122941,8.207034533816
    ));
#1134 = CARTESIAN_POINT('',(7.99620348341,-15.90094336824,8.));
#1135 = ORIENTED_EDGE('',*,*,#1136,.T.);
#1136 = EDGE_CURVE('',#1118,#550,#1137,.T.);
#1137 = LINE('',#1138,#1139);
#1138 = CARTESIAN_POINT('',(5.99620348341,2.22E-15,10.));
#1139 = VECTOR('',#1140,1.);
#1140 = DIRECTION('',(0.,-1.,2.2E-16));
#1141 = ORIENTED_EDGE('',*,*,#557,.T.);
#1142 = ORIENTED_EDGE('',*,*,#1101,.F.);
#1143 = CYLINDRICAL_SURFACE('',#1144,2.);
#1144 = AXIS2_PLACEMENT_3D('',#1145,#1146,#1147);
#1145 = CARTESIAN_POINT('',(5.99620348341,1.78E-15,8.));
#1146 = DIRECTION('',(0.,1.,-2.2E-16));
#1147 = DIRECTION('',(1.,0.,0.));
#1148 = ADVANCED_FACE('',(#1149),#1160,.F.);
#1149 = FACE_BOUND('',#1150,.F.);
#1150 = EDGE_LOOP('',(#1151,#1157,#1158,#1159));
#1151 = ORIENTED_EDGE('',*,*,#1152,.T.);
#1152 = EDGE_CURVE('',#1118,#1006,#1153,.T.);
#1153 = LINE('',#1154,#1155);
#1154 = CARTESIAN_POINT('',(9.8,-14.72548810736,10.));
#1155 = VECTOR('',#1156,1.);
#1156 = DIRECTION('',(-1.,0.,0.));
#1157 = ORIENTED_EDGE('',*,*,#1021,.T.);
#1158 = ORIENTED_EDGE('',*,*,#549,.T.);
#1159 = ORIENTED_EDGE('',*,*,#1136,.F.);
#1160 = PLANE('',#1161);
#1161 = AXIS2_PLACEMENT_3D('',#1162,#1163,#1164);
#1162 = CARTESIAN_POINT('',(4.057421,2.22E-15,10.));
#1163 = DIRECTION('',(0.,2.2E-16,1.));
#1164 = DIRECTION('',(1.,0.,0.));
#1165 = ADVANCED_FACE('',(#1166),#1192,.F.);
#1166 = FACE_BOUND('',#1167,.F.);
#1167 = EDGE_LOOP('',(#1168,#1179,#1185,#1186));
#1168 = ORIENTED_EDGE('',*,*,#1169,.F.);
#1169 = EDGE_CURVE('',#1170,#1172,#1174,.T.);
#1170 = VERTEX_POINT('',#1171);
#1171 = CARTESIAN_POINT('',(4.057421,10.,-14.72548810736));
#1172 = VERTEX_POINT('',#1173);
#1173 = CARTESIAN_POINT('',(4.057421,-10.,-14.72548810736));
#1174 = CIRCLE('',#1175,17.8);
#1175 = AXIS2_PLACEMENT_3D('',#1176,#1177,#1178);
#1176 = CARTESIAN_POINT('',(4.057421,0.,0.));
#1177 = DIRECTION('',(-1.,0.,0.));
#1178 = DIRECTION('',(0.,2.2E-16,1.));
#1179 = ORIENTED_EDGE('',*,*,#1180,.T.);
#1180 = EDGE_CURVE('',#1170,#615,#1181,.T.);
#1181 = LINE('',#1182,#1183);
#1182 = CARTESIAN_POINT('',(4.057421,10.,-2.22E-15));
#1183 = VECTOR('',#1184,1.);
#1184 = DIRECTION('',(0.,-2.2E-16,-1.));
#1185 = ORIENTED_EDGE('',*,*,#612,.F.);
#1186 = ORIENTED_EDGE('',*,*,#1187,.F.);
#1187 = EDGE_CURVE('',#1172,#613,#1188,.T.);
#1188 = LINE('',#1189,#1190);
#1189 = CARTESIAN_POINT('',(4.057421,-10.,2.22E-15));
#1190 = VECTOR('',#1191,1.);
#1191 = DIRECTION('',(0.,-2.2E-16,-1.));
#1192 = PLANE('',#1193);
#1193 = AXIS2_PLACEMENT_3D('',#1194,#1195,#1196);
#1194 = CARTESIAN_POINT('',(4.057421,10.,-2.22E-15));
#1195 = DIRECTION('',(-1.,0.,-0.));
#1196 = DIRECTION('',(0.,-1.,2.2E-16));
#1197 = ADVANCED_FACE('',(#1198),#1216,.F.);
#1198 = FACE_BOUND('',#1199,.F.);
#1199 = EDGE_LOOP('',(#1200,#1208,#1214,#1215));
#1200 = ORIENTED_EDGE('',*,*,#1201,.F.);
#1201 = EDGE_CURVE('',#1202,#1170,#1204,.T.);
#1202 = VERTEX_POINT('',#1203);
#1203 = CARTESIAN_POINT('',(6.632404862489,10.,-14.72548810736));
#1204 = LINE('',#1205,#1206);
#1205 = CARTESIAN_POINT('',(9.8,10.,-14.72548810736));
#1206 = VECTOR('',#1207,1.);
#1207 = DIRECTION('',(-1.,0.,0.));
#1208 = ORIENTED_EDGE('',*,*,#1209,.T.);
#1209 = EDGE_CURVE('',#1202,#660,#1210,.T.);
#1210 = LINE('',#1211,#1212);
#1211 = CARTESIAN_POINT('',(6.632404862489,10.,-2.22E-15));
#1212 = VECTOR('',#1213,1.);
#1213 = DIRECTION('',(0.,-2.2E-16,-1.));
#1214 = ORIENTED_EDGE('',*,*,#678,.F.);
#1215 = ORIENTED_EDGE('',*,*,#1180,.F.);
#1216 = PLANE('',#1217);
#1217 = AXIS2_PLACEMENT_3D('',#1218,#1219,#1220);
#1218 = CARTESIAN_POINT('',(6.632404862489,10.,-2.22E-15));
#1219 = DIRECTION('',(0.,1.,-2.2E-16));
#1220 = DIRECTION('',(-1.,0.,0.));
#1221 = ADVANCED_FACE('',(#1222),#1249,.F.);
#1222 = FACE_BOUND('',#1223,.F.);
#1223 = EDGE_LOOP('',(#1224,#1241,#1247,#1248));
#1224 = ORIENTED_EDGE('',*,*,#1225,.F.);
#1225 = EDGE_CURVE('',#1226,#1202,#1228,.T.);
#1226 = VERTEX_POINT('',#1227);
#1227 = CARTESIAN_POINT('',(7.99620348341,8.636201379079,-15.56457598972
    ));
#1228 = B_SPLINE_CURVE_WITH_KNOTS('',6,(#1229,#1230,#1231,#1232,#1233,
    #1234,#1235,#1236,#1237,#1238,#1239,#1240),.UNSPECIFIED.,.F.,.F.,(7,
    5,7),(0.,0.488694402728,1.),.UNSPECIFIED.);
#1229 = CARTESIAN_POINT('',(7.99620348341,8.636201379079,-15.56457598972
    ));
#1230 = CARTESIAN_POINT('',(7.99620348341,8.82109441215,-15.46198575737)
  );
#1231 = CARTESIAN_POINT('',(7.966123994309,9.003028364108,
    -15.35759090264));
#1232 = CARTESIAN_POINT('',(7.907769369338,9.176360402742,
    -15.25462328037));
#1233 = CARTESIAN_POINT('',(7.824045093157,9.336172167724,
    -15.15662988971));
#1234 = CARTESIAN_POINT('',(7.718837071292,9.478471676328,
    -15.06716936613));
#1235 = CARTESIAN_POINT('',(7.46902664765,9.72828209997,-14.90716389369)
  );
#1236 = CARTESIAN_POINT('',(7.32194681999,9.83475901868,-14.8371231292)
  );
#1237 = CARTESIAN_POINT('',(7.159897449045,9.916736307611,
    -14.78203360163));
#1238 = CARTESIAN_POINT('',(6.987700044556,9.972179260242,
    -14.74438059284));
#1239 = CARTESIAN_POINT('',(6.810218481666,10.,-14.72548810736));
#1240 = CARTESIAN_POINT('',(6.632404862489,10.,-14.72548810736));
#1241 = ORIENTED_EDGE('',*,*,#1242,.T.);
#1242 = EDGE_CURVE('',#1226,#651,#1243,.T.);
#1243 = LINE('',#1244,#1245);
#1244 = CARTESIAN_POINT('',(7.99620348341,8.636201379079,-1.92E-15));
#1245 = VECTOR('',#1246,1.);
#1246 = DIRECTION('',(0.,-2.2E-16,-1.));
#1247 = ORIENTED_EDGE('',*,*,#659,.T.);
#1248 = ORIENTED_EDGE('',*,*,#1209,.F.);
#1249 = CYLINDRICAL_SURFACE('',#1250,1.363798620921);
#1250 = AXIS2_PLACEMENT_3D('',#1251,#1252,#1253);
#1251 = CARTESIAN_POINT('',(6.632404862489,8.636201379079,-1.92E-15));
#1252 = DIRECTION('',(0.,2.2E-16,1.));
#1253 = DIRECTION('',(1.,0.,0.));
#1254 = ADVANCED_FACE('',(#1255),#1274,.F.);
#1255 = FACE_BOUND('',#1256,.F.);
#1256 = EDGE_LOOP('',(#1257,#1266,#1272,#1273));
#1257 = ORIENTED_EDGE('',*,*,#1258,.T.);
#1258 = EDGE_CURVE('',#1226,#1259,#1261,.T.);
#1259 = VERTEX_POINT('',#1260);
#1260 = CARTESIAN_POINT('',(7.99620348341,-8.,-15.90094336824));
#1261 = CIRCLE('',#1262,17.8);
#1262 = AXIS2_PLACEMENT_3D('',#1263,#1264,#1265);
#1263 = CARTESIAN_POINT('',(7.99620348341,0.,0.));
#1264 = DIRECTION('',(-1.,0.,0.));
#1265 = DIRECTION('',(0.,2.2E-16,1.));
#1266 = ORIENTED_EDGE('',*,*,#1267,.T.);
#1267 = EDGE_CURVE('',#1259,#632,#1268,.T.);
#1268 = LINE('',#1269,#1270);
#1269 = CARTESIAN_POINT('',(7.99620348341,-8.,1.78E-15));
#1270 = VECTOR('',#1271,1.);
#1271 = DIRECTION('',(0.,-2.2E-16,-1.));
#1272 = ORIENTED_EDGE('',*,*,#650,.T.);
#1273 = ORIENTED_EDGE('',*,*,#1242,.F.);
#1274 = PLANE('',#1275);
#1275 = AXIS2_PLACEMENT_3D('',#1276,#1277,#1278);
#1276 = CARTESIAN_POINT('',(7.99620348341,-8.,1.78E-15));
#1277 = DIRECTION('',(1.,0.,0.));
#1278 = DIRECTION('',(0.,1.,-2.2E-16));
#1279 = ADVANCED_FACE('',(#1280),#1309,.F.);
#1280 = FACE_BOUND('',#1281,.F.);
#1281 = EDGE_LOOP('',(#1282,#1301,#1307,#1308));
#1282 = ORIENTED_EDGE('',*,*,#1283,.F.);
#1283 = EDGE_CURVE('',#1284,#1259,#1286,.T.);
#1284 = VERTEX_POINT('',#1285);
#1285 = CARTESIAN_POINT('',(5.99620348341,-10.,-14.72548810736));
#1286 = B_SPLINE_CURVE_WITH_KNOTS('',7,(#1287,#1288,#1289,#1290,#1291,
    #1292,#1293,#1294,#1295,#1296,#1297,#1298,#1299,#1300),
  .UNSPECIFIED.,.F.,.F.,(8,6,8),(0.,0.577278810314,1.),.UNSPECIFIED.);
#1287 = CARTESIAN_POINT('',(5.99620348341,-10.,-14.72548810736));
#1288 = CARTESIAN_POINT('',(6.245793143548,-10.,-14.72548810736));
#1289 = CARTESIAN_POINT('',(6.494444033215,-9.963661182974,
    -14.75016575368));
#1290 = CARTESIAN_POINT('',(6.736818922787,-9.891476101923,
    -14.79918543116));
#1291 = CARTESIAN_POINT('',(6.967667753327,-9.784434977523,
    -14.87105337309));
#1292 = CARTESIAN_POINT('',(7.181633601195,-9.644133186341,
    -14.96308622545));
#1293 = CARTESIAN_POINT('',(7.373259426992,-9.473054316323,
    -15.07166775779));
#1294 = CARTESIAN_POINT('',(7.657299892431,-9.129708374493,
    -15.28127420613));
#1295 = CARTESIAN_POINT('',(7.763398834609,-8.968985436757,
    -15.37717175407));
#1296 = CARTESIAN_POINT('',(7.852727181674,-8.794138467325,
    -15.4786689993));
#1297 = CARTESIAN_POINT('',(7.922740671504,-8.607162522331,
    -15.58378296751));
#1298 = CARTESIAN_POINT('',(7.971199966345,-8.410507961519,
    -15.69047003031));
#1299 = CARTESIAN_POINT('',(7.99620348341,-8.207034533816,
    -15.79678122941));
#1300 = CARTESIAN_POINT('',(7.99620348341,-8.,-15.90094336824));
#1301 = ORIENTED_EDGE('',*,*,#1302,.T.);
#1302 = EDGE_CURVE('',#1284,#624,#1303,.T.);
#1303 = LINE('',#1304,#1305);
#1304 = CARTESIAN_POINT('',(5.99620348341,-10.,2.22E-15));
#1305 = VECTOR('',#1306,1.);
#1306 = DIRECTION('',(0.,-2.2E-16,-1.));
#1307 = ORIENTED_EDGE('',*,*,#631,.T.);
#1308 = ORIENTED_EDGE('',*,*,#1267,.F.);
#1309 = CYLINDRICAL_SURFACE('',#1310,2.);
#1310 = AXIS2_PLACEMENT_3D('',#1311,#1312,#1313);
#1311 = CARTESIAN_POINT('',(5.99620348341,-8.,1.78E-15));
#1312 = DIRECTION('',(0.,2.2E-16,1.));
#1313 = DIRECTION('',(1.,0.,0.));
#1314 = ADVANCED_FACE('',(#1315),#1326,.F.);
#1315 = FACE_BOUND('',#1316,.F.);
#1316 = EDGE_LOOP('',(#1317,#1323,#1324,#1325));
#1317 = ORIENTED_EDGE('',*,*,#1318,.T.);
#1318 = EDGE_CURVE('',#1284,#1172,#1319,.T.);
#1319 = LINE('',#1320,#1321);
#1320 = CARTESIAN_POINT('',(9.8,-10.,-14.72548810736));
#1321 = VECTOR('',#1322,1.);
#1322 = DIRECTION('',(-1.,0.,0.));
#1323 = ORIENTED_EDGE('',*,*,#1187,.T.);
#1324 = ORIENTED_EDGE('',*,*,#623,.T.);
#1325 = ORIENTED_EDGE('',*,*,#1302,.F.);
#1326 = PLANE('',#1327);
#1327 = AXIS2_PLACEMENT_3D('',#1328,#1329,#1330);
#1328 = CARTESIAN_POINT('',(4.057421,-10.,2.22E-15));
#1329 = DIRECTION('',(0.,-1.,2.2E-16));
#1330 = DIRECTION('',(1.,0.,0.));
#1331 = ADVANCED_FACE('',(#1332),#1358,.F.);
#1332 = FACE_BOUND('',#1333,.F.);
#1333 = EDGE_LOOP('',(#1334,#1345,#1351,#1352));
#1334 = ORIENTED_EDGE('',*,*,#1335,.F.);
#1335 = EDGE_CURVE('',#1336,#1338,#1340,.T.);
#1336 = VERTEX_POINT('',#1337);
#1337 = CARTESIAN_POINT('',(4.057421,14.72548810736,10.));
#1338 = VERTEX_POINT('',#1339);
#1339 = CARTESIAN_POINT('',(4.057421,14.72548810736,-10.));
#1340 = CIRCLE('',#1341,17.8);
#1341 = AXIS2_PLACEMENT_3D('',#1342,#1343,#1344);
#1342 = CARTESIAN_POINT('',(4.057421,0.,0.));
#1343 = DIRECTION('',(-1.,0.,0.));
#1344 = DIRECTION('',(0.,2.2E-16,1.));
#1345 = ORIENTED_EDGE('',*,*,#1346,.T.);
#1346 = EDGE_CURVE('',#1336,#689,#1347,.T.);
#1347 = LINE('',#1348,#1349);
#1348 = CARTESIAN_POINT('',(4.057421,2.22E-15,10.));
#1349 = VECTOR('',#1350,1.);
#1350 = DIRECTION('',(0.,1.,-2.2E-16));
#1351 = ORIENTED_EDGE('',*,*,#686,.F.);
#1352 = ORIENTED_EDGE('',*,*,#1353,.F.);
#1353 = EDGE_CURVE('',#1338,#687,#1354,.T.);
#1354 = LINE('',#1355,#1356);
#1355 = CARTESIAN_POINT('',(4.057421,-2.22E-15,-10.));
#1356 = VECTOR('',#1357,1.);
#1357 = DIRECTION('',(0.,1.,-2.2E-16));
#1358 = PLANE('',#1359);
#1359 = AXIS2_PLACEMENT_3D('',#1360,#1361,#1362);
#1360 = CARTESIAN_POINT('',(4.057421,2.22E-15,10.));
#1361 = DIRECTION('',(-1.,0.,0.));
#1362 = DIRECTION('',(0.,-2.2E-16,-1.));
#1363 = ADVANCED_FACE('',(#1364),#1382,.F.);
#1364 = FACE_BOUND('',#1365,.F.);
#1365 = EDGE_LOOP('',(#1366,#1374,#1375,#1376));
#1366 = ORIENTED_EDGE('',*,*,#1367,.T.);
#1367 = EDGE_CURVE('',#1368,#1338,#1370,.T.);
#1368 = VERTEX_POINT('',#1369);
#1369 = CARTESIAN_POINT('',(5.99620348341,14.72548810736,-10.));
#1370 = LINE('',#1371,#1372);
#1371 = CARTESIAN_POINT('',(9.8,14.72548810736,-10.));
#1372 = VECTOR('',#1373,1.);
#1373 = DIRECTION('',(-1.,0.,0.));
#1374 = ORIENTED_EDGE('',*,*,#1353,.T.);
#1375 = ORIENTED_EDGE('',*,*,#697,.T.);
#1376 = ORIENTED_EDGE('',*,*,#1377,.F.);
#1377 = EDGE_CURVE('',#1368,#698,#1378,.T.);
#1378 = LINE('',#1379,#1380);
#1379 = CARTESIAN_POINT('',(5.99620348341,-2.22E-15,-10.));
#1380 = VECTOR('',#1381,1.);
#1381 = DIRECTION('',(0.,1.,-2.2E-16));
#1382 = PLANE('',#1383);
#1383 = AXIS2_PLACEMENT_3D('',#1384,#1385,#1386);
#1384 = CARTESIAN_POINT('',(4.057421,-2.22E-15,-10.));
#1385 = DIRECTION('',(0.,-2.2E-16,-1.));
#1386 = DIRECTION('',(1.,0.,0.));
#1387 = ADVANCED_FACE('',(#1388),#1406,.F.);
#1388 = FACE_BOUND('',#1389,.F.);
#1389 = EDGE_LOOP('',(#1390,#1398,#1404,#1405));
#1390 = ORIENTED_EDGE('',*,*,#1391,.F.);
#1391 = EDGE_CURVE('',#1392,#1336,#1394,.T.);
#1392 = VERTEX_POINT('',#1393);
#1393 = CARTESIAN_POINT('',(6.632404862489,14.72548810736,10.));
#1394 = LINE('',#1395,#1396);
#1395 = CARTESIAN_POINT('',(9.8,14.72548810736,10.));
#1396 = VECTOR('',#1397,1.);
#1397 = DIRECTION('',(-1.,0.,0.));
#1398 = ORIENTED_EDGE('',*,*,#1399,.T.);
#1399 = EDGE_CURVE('',#1392,#734,#1400,.T.);
#1400 = LINE('',#1401,#1402);
#1401 = CARTESIAN_POINT('',(6.632404862489,2.22E-15,10.));
#1402 = VECTOR('',#1403,1.);
#1403 = DIRECTION('',(0.,1.,-2.2E-16));
#1404 = ORIENTED_EDGE('',*,*,#752,.F.);
#1405 = ORIENTED_EDGE('',*,*,#1346,.F.);
#1406 = PLANE('',#1407);
#1407 = AXIS2_PLACEMENT_3D('',#1408,#1409,#1410);
#1408 = CARTESIAN_POINT('',(6.632404862489,2.22E-15,10.));
#1409 = DIRECTION('',(0.,2.2E-16,1.));
#1410 = DIRECTION('',(-1.,0.,0.));
#1411 = ADVANCED_FACE('',(#1412),#1441,.F.);
#1412 = FACE_BOUND('',#1413,.F.);
#1413 = EDGE_LOOP('',(#1414,#1433,#1434,#1435));
#1414 = ORIENTED_EDGE('',*,*,#1415,.F.);
#1415 = EDGE_CURVE('',#1368,#1416,#1418,.T.);
#1416 = VERTEX_POINT('',#1417);
#1417 = CARTESIAN_POINT('',(7.99620348341,15.900943368241,-8.));
#1418 = B_SPLINE_CURVE_WITH_KNOTS('',7,(#1419,#1420,#1421,#1422,#1423,
    #1424,#1425,#1426,#1427,#1428,#1429,#1430,#1431,#1432),
  .UNSPECIFIED.,.F.,.F.,(8,6,8),(0.,0.577278810314,1.),.UNSPECIFIED.);
#1419 = CARTESIAN_POINT('',(5.99620348341,14.72548810736,-10.));
#1420 = CARTESIAN_POINT('',(6.245793143548,14.72548810736,-10.));
#1421 = CARTESIAN_POINT('',(6.494444033215,14.750165753682,
    -9.963661182974));
#1422 = CARTESIAN_POINT('',(6.736818922787,14.799185431164,
    -9.891476101923));
#1423 = CARTESIAN_POINT('',(6.967667753327,14.871053373092,
    -9.784434977523));
#1424 = CARTESIAN_POINT('',(7.181633601195,14.963086225455,
    -9.644133186341));
#1425 = CARTESIAN_POINT('',(7.373259426992,15.071667757795,
    -9.473054316323));
#1426 = CARTESIAN_POINT('',(7.657299892431,15.281274206136,
    -9.129708374493));
#1427 = CARTESIAN_POINT('',(7.763398834609,15.377171754075,
    -8.968985436757));
#1428 = CARTESIAN_POINT('',(7.852727181674,15.478668999305,
    -8.794138467325));
#1429 = CARTESIAN_POINT('',(7.922740671504,15.583782967515,
    -8.607162522331));
#1430 = CARTESIAN_POINT('',(7.971199966345,15.690470030313,
    -8.410507961519));
#1431 = CARTESIAN_POINT('',(7.99620348341,15.796781229418,
    -8.207034533816));
#1432 = CARTESIAN_POINT('',(7.99620348341,15.900943368241,-8.));
#1433 = ORIENTED_EDGE('',*,*,#1377,.T.);
#1434 = ORIENTED_EDGE('',*,*,#705,.T.);
#1435 = ORIENTED_EDGE('',*,*,#1436,.F.);
#1436 = EDGE_CURVE('',#1416,#706,#1437,.T.);
#1437 = LINE('',#1438,#1439);
#1438 = CARTESIAN_POINT('',(7.99620348341,-1.78E-15,-8.));
#1439 = VECTOR('',#1440,1.);
#1440 = DIRECTION('',(0.,1.,-2.2E-16));
#1441 = CYLINDRICAL_SURFACE('',#1442,2.);
#1442 = AXIS2_PLACEMENT_3D('',#1443,#1444,#1445);
#1443 = CARTESIAN_POINT('',(5.99620348341,-1.78E-15,-8.));
#1444 = DIRECTION('',(0.,-1.,2.2E-16));
#1445 = DIRECTION('',(1.,0.,0.));
#1446 = ADVANCED_FACE('',(#1447),#1474,.F.);
#1447 = FACE_BOUND('',#1448,.F.);
#1448 = EDGE_LOOP('',(#1449,#1466,#1472,#1473));
#1449 = ORIENTED_EDGE('',*,*,#1450,.F.);
#1450 = EDGE_CURVE('',#1451,#1392,#1453,.T.);
#1451 = VERTEX_POINT('',#1452);
#1452 = CARTESIAN_POINT('',(7.99620348341,15.564575989727,8.636201379079
    ));
#1453 = B_SPLINE_CURVE_WITH_KNOTS('',6,(#1454,#1455,#1456,#1457,#1458,
    #1459,#1460,#1461,#1462,#1463,#1464,#1465),.UNSPECIFIED.,.F.,.F.,(7,
    5,7),(0.,0.488694402728,1.),.UNSPECIFIED.);
#1454 = CARTESIAN_POINT('',(7.99620348341,15.564575989727,8.636201379079
    ));
#1455 = CARTESIAN_POINT('',(7.99620348341,15.461985757379,8.82109441215)
  );
#1456 = CARTESIAN_POINT('',(7.966123994309,15.35759090264,9.003028364108
    ));
#1457 = CARTESIAN_POINT('',(7.907769369338,15.254623280376,
    9.176360402742));
#1458 = CARTESIAN_POINT('',(7.824045093157,15.156629889716,
    9.336172167724));
#1459 = CARTESIAN_POINT('',(7.718837071292,15.067169366137,
    9.478471676328));
#1460 = CARTESIAN_POINT('',(7.46902664765,14.907163893698,9.72828209997)
  );
#1461 = CARTESIAN_POINT('',(7.32194681999,14.837123129209,9.83475901868)
  );
#1462 = CARTESIAN_POINT('',(7.159897449045,14.782033601631,
    9.916736307611));
#1463 = CARTESIAN_POINT('',(6.987700044556,14.744380592843,
    9.972179260242));
#1464 = CARTESIAN_POINT('',(6.810218481666,14.72548810736,10.));
#1465 = CARTESIAN_POINT('',(6.632404862489,14.72548810736,10.));
#1466 = ORIENTED_EDGE('',*,*,#1467,.T.);
#1467 = EDGE_CURVE('',#1451,#725,#1468,.T.);
#1468 = LINE('',#1469,#1470);
#1469 = CARTESIAN_POINT('',(7.99620348341,1.92E-15,8.636201379079));
#1470 = VECTOR('',#1471,1.);
#1471 = DIRECTION('',(0.,1.,-2.2E-16));
#1472 = ORIENTED_EDGE('',*,*,#733,.T.);
#1473 = ORIENTED_EDGE('',*,*,#1399,.F.);
#1474 = CYLINDRICAL_SURFACE('',#1475,1.363798620921);
#1475 = AXIS2_PLACEMENT_3D('',#1476,#1477,#1478);
#1476 = CARTESIAN_POINT('',(6.632404862489,1.92E-15,8.636201379079));
#1477 = DIRECTION('',(0.,-1.,2.2E-16));
#1478 = DIRECTION('',(1.,0.,0.));
#1479 = ADVANCED_FACE('',(#1480),#1492,.F.);
#1480 = FACE_BOUND('',#1481,.F.);
#1481 = EDGE_LOOP('',(#1482,#1489,#1490,#1491));
#1482 = ORIENTED_EDGE('',*,*,#1483,.T.);
#1483 = EDGE_CURVE('',#1451,#1416,#1484,.T.);
#1484 = CIRCLE('',#1485,17.8);
#1485 = AXIS2_PLACEMENT_3D('',#1486,#1487,#1488);
#1486 = CARTESIAN_POINT('',(7.99620348341,0.,0.));
#1487 = DIRECTION('',(-1.,0.,0.));
#1488 = DIRECTION('',(0.,2.2E-16,1.));
#1489 = ORIENTED_EDGE('',*,*,#1436,.T.);
#1490 = ORIENTED_EDGE('',*,*,#724,.T.);
#1491 = ORIENTED_EDGE('',*,*,#1467,.F.);
#1492 = PLANE('',#1493);
#1493 = AXIS2_PLACEMENT_3D('',#1494,#1495,#1496);
#1494 = CARTESIAN_POINT('',(7.99620348341,-1.78E-15,-8.));
#1495 = DIRECTION('',(1.,0.,0.));
#1496 = DIRECTION('',(0.,2.2E-16,1.));
#1497 = ADVANCED_FACE('',(#1498,#1532,#1540,#1548),#1556,.F.);
#1498 = FACE_BOUND('',#1499,.T.);
#1499 = EDGE_LOOP('',(#1500,#1508,#1515,#1516,#1517,#1518,#1519,#1520,
    #1526,#1527,#1528,#1529,#1530,#1531));
#1500 = ORIENTED_EDGE('',*,*,#1501,.F.);
#1501 = EDGE_CURVE('',#1502,#891,#1504,.T.);
#1502 = VERTEX_POINT('',#1503);
#1503 = CARTESIAN_POINT('',(8.3,0.,17.8));
#1504 = LINE('',#1505,#1506);
#1505 = CARTESIAN_POINT('',(9.8,-3.95E-15,17.8));
#1506 = VECTOR('',#1507,1.);
#1507 = DIRECTION('',(-1.,0.,0.));
#1508 = ORIENTED_EDGE('',*,*,#1509,.T.);
#1509 = EDGE_CURVE('',#1502,#1502,#1510,.T.);
#1510 = CIRCLE('',#1511,17.8);
#1511 = AXIS2_PLACEMENT_3D('',#1512,#1513,#1514);
#1512 = CARTESIAN_POINT('',(8.3,0.,0.));
#1513 = DIRECTION('',(1.,0.,-0.));
#1514 = DIRECTION('',(0.,2.2E-16,1.));
#1515 = ORIENTED_EDGE('',*,*,#1501,.T.);
#1516 = ORIENTED_EDGE('',*,*,#890,.T.);
#1517 = ORIENTED_EDGE('',*,*,#951,.F.);
#1518 = ORIENTED_EDGE('',*,*,#986,.T.);
#1519 = ORIENTED_EDGE('',*,*,#818,.F.);
#1520 = ORIENTED_EDGE('',*,*,#1521,.T.);
#1521 = EDGE_CURVE('',#794,#767,#1522,.T.);
#1522 = LINE('',#1523,#1524);
#1523 = CARTESIAN_POINT('',(9.8,-3.95E-15,17.8));
#1524 = VECTOR('',#1525,1.);
#1525 = DIRECTION('',(-1.,0.,0.));
#1526 = ORIENTED_EDGE('',*,*,#774,.F.);
#1527 = ORIENTED_EDGE('',*,*,#1521,.F.);
#1528 = ORIENTED_EDGE('',*,*,#791,.F.);
#1529 = ORIENTED_EDGE('',*,*,#833,.F.);
#1530 = ORIENTED_EDGE('',*,*,#857,.F.);
#1531 = ORIENTED_EDGE('',*,*,#910,.T.);
#1532 = FACE_BOUND('',#1533,.T.);
#1533 = EDGE_LOOP('',(#1534,#1535,#1536,#1537,#1538,#1539));
#1534 = ORIENTED_EDGE('',*,*,#1003,.F.);
#1535 = ORIENTED_EDGE('',*,*,#1035,.F.);
#1536 = ORIENTED_EDGE('',*,*,#1059,.F.);
#1537 = ORIENTED_EDGE('',*,*,#1092,.T.);
#1538 = ORIENTED_EDGE('',*,*,#1117,.F.);
#1539 = ORIENTED_EDGE('',*,*,#1152,.T.);
#1540 = FACE_BOUND('',#1541,.T.);
#1541 = EDGE_LOOP('',(#1542,#1543,#1544,#1545,#1546,#1547));
#1542 = ORIENTED_EDGE('',*,*,#1169,.F.);
#1543 = ORIENTED_EDGE('',*,*,#1201,.F.);
#1544 = ORIENTED_EDGE('',*,*,#1225,.F.);
#1545 = ORIENTED_EDGE('',*,*,#1258,.T.);
#1546 = ORIENTED_EDGE('',*,*,#1283,.F.);
#1547 = ORIENTED_EDGE('',*,*,#1318,.T.);
#1548 = FACE_BOUND('',#1549,.T.);
#1549 = EDGE_LOOP('',(#1550,#1551,#1552,#1553,#1554,#1555));
#1550 = ORIENTED_EDGE('',*,*,#1335,.F.);
#1551 = ORIENTED_EDGE('',*,*,#1391,.F.);
#1552 = ORIENTED_EDGE('',*,*,#1450,.F.);
#1553 = ORIENTED_EDGE('',*,*,#1483,.T.);
#1554 = ORIENTED_EDGE('',*,*,#1415,.F.);
#1555 = ORIENTED_EDGE('',*,*,#1367,.T.);
#1556 = CYLINDRICAL_SURFACE('',#1557,17.8);
#1557 = AXIS2_PLACEMENT_3D('',#1558,#1559,#1560);
#1558 = CARTESIAN_POINT('',(9.8,0.,0.));
#1559 = DIRECTION('',(-1.,0.,0.));
#1560 = DIRECTION('',(0.,2.2E-16,1.));
#1561 = ADVANCED_FACE('',(#1562,#1565),#1576,.T.);
#1562 = FACE_BOUND('',#1563,.T.);
#1563 = EDGE_LOOP('',(#1564));
#1564 = ORIENTED_EDGE('',*,*,#936,.T.);
#1565 = FACE_BOUND('',#1566,.T.);
#1566 = EDGE_LOOP('',(#1567));
#1567 = ORIENTED_EDGE('',*,*,#1568,.F.);
#1568 = EDGE_CURVE('',#1569,#1569,#1571,.T.);
#1569 = VERTEX_POINT('',#1570);
#1570 = CARTESIAN_POINT('',(10.,0.,16.));
#1571 = CIRCLE('',#1572,16.);
#1572 = AXIS2_PLACEMENT_3D('',#1573,#1574,#1575);
#1573 = CARTESIAN_POINT('',(10.,0.,0.));
#1574 = DIRECTION('',(1.,0.,-0.));
#1575 = DIRECTION('',(0.,2.2E-16,1.));
#1576 = PLANE('',#1577);
#1577 = AXIS2_PLACEMENT_3D('',#1578,#1579,#1580);
#1578 = CARTESIAN_POINT('',(10.,0.,0.));
#1579 = DIRECTION('',(1.,0.,0.));
#1580 = DIRECTION('',(0.,2.2E-16,1.));
#1581 = ADVANCED_FACE('',(#1582),#1602,.F.);
#1582 = FACE_BOUND('',#1583,.F.);
#1583 = EDGE_LOOP('',(#1584,#1593,#1594,#1595));
#1584 = ORIENTED_EDGE('',*,*,#1585,.F.);
#1585 = EDGE_CURVE('',#1502,#1586,#1588,.T.);
#1586 = VERTEX_POINT('',#1587);
#1587 = CARTESIAN_POINT('',(9.8,0.,16.3));
#1588 = CIRCLE('',#1589,1.5);
#1589 = AXIS2_PLACEMENT_3D('',#1590,#1591,#1592);
#1590 = CARTESIAN_POINT('',(8.3,3.62E-15,16.3));
#1591 = DIRECTION('',(0.,1.,-2.2E-16));
#1592 = DIRECTION('',(0.,2.2E-16,1.));
#1593 = ORIENTED_EDGE('',*,*,#1509,.T.);
#1594 = ORIENTED_EDGE('',*,*,#1585,.T.);
#1595 = ORIENTED_EDGE('',*,*,#1596,.F.);
#1596 = EDGE_CURVE('',#1586,#1586,#1597,.T.);
#1597 = CIRCLE('',#1598,16.3);
#1598 = AXIS2_PLACEMENT_3D('',#1599,#1600,#1601);
#1599 = CARTESIAN_POINT('',(9.8,0.,0.));
#1600 = DIRECTION('',(1.,0.,-0.));
#1601 = DIRECTION('',(0.,2.2E-16,1.));
#1602 = TOROIDAL_SURFACE('',#1603,16.3,1.5);
#1603 = AXIS2_PLACEMENT_3D('',#1604,#1605,#1606);
#1604 = CARTESIAN_POINT('',(8.3,0.,0.));
#1605 = DIRECTION('',(1.,0.,0.));
#1606 = DIRECTION('',(0.,2.2E-16,1.));
#1607 = ADVANCED_FACE('',(#1608),#1627,.T.);
#1608 = FACE_BOUND('',#1609,.T.);
#1609 = EDGE_LOOP('',(#1610,#1618,#1619,#1620));
#1610 = ORIENTED_EDGE('',*,*,#1611,.F.);
#1611 = EDGE_CURVE('',#1569,#1612,#1614,.T.);
#1612 = VERTEX_POINT('',#1613);
#1613 = CARTESIAN_POINT('',(10.2,0.,16.));
#1614 = LINE('',#1615,#1616);
#1615 = CARTESIAN_POINT('',(10.,-3.55E-15,16.));
#1616 = VECTOR('',#1617,1.);
#1617 = DIRECTION('',(1.,0.,0.));
#1618 = ORIENTED_EDGE('',*,*,#1568,.T.);
#1619 = ORIENTED_EDGE('',*,*,#1611,.T.);
#1620 = ORIENTED_EDGE('',*,*,#1621,.F.);
#1621 = EDGE_CURVE('',#1612,#1612,#1622,.T.);
#1622 = CIRCLE('',#1623,16.);
#1623 = AXIS2_PLACEMENT_3D('',#1624,#1625,#1626);
#1624 = CARTESIAN_POINT('',(10.2,0.,0.));
#1625 = DIRECTION('',(1.,0.,-0.));
#1626 = DIRECTION('',(0.,2.2E-16,1.));
#1627 = CYLINDRICAL_SURFACE('',#1628,16.);
#1628 = AXIS2_PLACEMENT_3D('',#1629,#1630,#1631);
#1629 = CARTESIAN_POINT('',(10.,0.,0.));
#1630 = DIRECTION('',(1.,0.,0.));
#1631 = DIRECTION('',(0.,2.2E-16,1.));
#1632 = ADVANCED_FACE('',(#1633,#1636),#1647,.F.);
#1633 = FACE_BOUND('',#1634,.T.);
#1634 = EDGE_LOOP('',(#1635));
#1635 = ORIENTED_EDGE('',*,*,#1596,.F.);
#1636 = FACE_BOUND('',#1637,.T.);
#1637 = EDGE_LOOP('',(#1638));
#1638 = ORIENTED_EDGE('',*,*,#1639,.T.);
#1639 = EDGE_CURVE('',#1640,#1640,#1642,.T.);
#1640 = VERTEX_POINT('',#1641);
#1641 = CARTESIAN_POINT('',(9.8,0.,15.8));
#1642 = CIRCLE('',#1643,15.8);
#1643 = AXIS2_PLACEMENT_3D('',#1644,#1645,#1646);
#1644 = CARTESIAN_POINT('',(9.8,0.,0.));
#1645 = DIRECTION('',(1.,0.,-0.));
#1646 = DIRECTION('',(0.,2.2E-16,1.));
#1647 = PLANE('',#1648);
#1648 = AXIS2_PLACEMENT_3D('',#1649,#1650,#1651);
#1649 = CARTESIAN_POINT('',(9.8,0.,0.));
#1650 = DIRECTION('',(1.,0.,0.));
#1651 = DIRECTION('',(0.,2.2E-16,1.));
#1652 = ADVANCED_FACE('',(#1653),#1673,.T.);
#1653 = FACE_BOUND('',#1654,.T.);
#1654 = EDGE_LOOP('',(#1655,#1664,#1665,#1666));
#1655 = ORIENTED_EDGE('',*,*,#1656,.F.);
#1656 = EDGE_CURVE('',#1612,#1657,#1659,.T.);
#1657 = VERTEX_POINT('',#1658);
#1658 = CARTESIAN_POINT('',(12.,0.,14.2));
#1659 = CIRCLE('',#1660,1.8);
#1660 = AXIS2_PLACEMENT_3D('',#1661,#1662,#1663);
#1661 = CARTESIAN_POINT('',(10.2,3.15E-15,14.2));
#1662 = DIRECTION('',(0.,1.,-2.2E-16));
#1663 = DIRECTION('',(0.,2.2E-16,1.));
#1664 = ORIENTED_EDGE('',*,*,#1621,.T.);
#1665 = ORIENTED_EDGE('',*,*,#1656,.T.);
#1666 = ORIENTED_EDGE('',*,*,#1667,.F.);
#1667 = EDGE_CURVE('',#1657,#1657,#1668,.T.);
#1668 = CIRCLE('',#1669,14.2);
#1669 = AXIS2_PLACEMENT_3D('',#1670,#1671,#1672);
#1670 = CARTESIAN_POINT('',(12.,0.,0.));
#1671 = DIRECTION('',(1.,0.,-0.));
#1672 = DIRECTION('',(0.,2.2E-16,1.));
#1673 = TOROIDAL_SURFACE('',#1674,14.2,1.8);
#1674 = AXIS2_PLACEMENT_3D('',#1675,#1676,#1677);
#1675 = CARTESIAN_POINT('',(10.2,0.,0.));
#1676 = DIRECTION('',(1.,0.,0.));
#1677 = DIRECTION('',(0.,2.2E-16,1.));
#1678 = ADVANCED_FACE('',(#1679),#1698,.F.);
#1679 = FACE_BOUND('',#1680,.T.);
#1680 = EDGE_LOOP('',(#1681,#1689,#1696,#1697));
#1681 = ORIENTED_EDGE('',*,*,#1682,.F.);
#1682 = EDGE_CURVE('',#1683,#1640,#1685,.T.);
#1683 = VERTEX_POINT('',#1684);
#1684 = CARTESIAN_POINT('',(10.3,0.,15.8));
#1685 = LINE('',#1686,#1687);
#1686 = CARTESIAN_POINT('',(11.8,-3.51E-15,15.8));
#1687 = VECTOR('',#1688,1.);
#1688 = DIRECTION('',(-1.,0.,0.));
#1689 = ORIENTED_EDGE('',*,*,#1690,.T.);
#1690 = EDGE_CURVE('',#1683,#1683,#1691,.T.);
#1691 = CIRCLE('',#1692,15.8);
#1692 = AXIS2_PLACEMENT_3D('',#1693,#1694,#1695);
#1693 = CARTESIAN_POINT('',(10.3,0.,0.));
#1694 = DIRECTION('',(1.,0.,-0.));
#1695 = DIRECTION('',(0.,2.2E-16,1.));
#1696 = ORIENTED_EDGE('',*,*,#1682,.T.);
#1697 = ORIENTED_EDGE('',*,*,#1639,.F.);
#1698 = CYLINDRICAL_SURFACE('',#1699,15.8);
#1699 = AXIS2_PLACEMENT_3D('',#1700,#1701,#1702);
#1700 = CARTESIAN_POINT('',(11.8,0.,0.));
#1701 = DIRECTION('',(-1.,0.,0.));
#1702 = DIRECTION('',(0.,2.2E-16,1.));
#1703 = ADVANCED_FACE('',(#1704,#1707),#1718,.T.);
#1704 = FACE_BOUND('',#1705,.F.);
#1705 = EDGE_LOOP('',(#1706));
#1706 = ORIENTED_EDGE('',*,*,#1667,.F.);
#1707 = FACE_BOUND('',#1708,.F.);
#1708 = EDGE_LOOP('',(#1709));
#1709 = ORIENTED_EDGE('',*,*,#1710,.T.);
#1710 = EDGE_CURVE('',#1711,#1711,#1713,.T.);
#1711 = VERTEX_POINT('',#1712);
#1712 = CARTESIAN_POINT('',(12.,0.,11.5));
#1713 = CIRCLE('',#1714,11.5);
#1714 = AXIS2_PLACEMENT_3D('',#1715,#1716,#1717);
#1715 = CARTESIAN_POINT('',(12.,0.,0.));
#1716 = DIRECTION('',(1.,0.,-0.));
#1717 = DIRECTION('',(0.,2.2E-16,1.));
#1718 = PLANE('',#1719);
#1719 = AXIS2_PLACEMENT_3D('',#1720,#1721,#1722);
#1720 = CARTESIAN_POINT('',(12.,0.,0.));
#1721 = DIRECTION('',(1.,0.,0.));
#1722 = DIRECTION('',(0.,2.2E-16,1.));
#1723 = ADVANCED_FACE('',(#1724),#1744,.F.);
#1724 = FACE_BOUND('',#1725,.F.);
#1725 = EDGE_LOOP('',(#1726,#1735,#1736,#1737));
#1726 = ORIENTED_EDGE('',*,*,#1727,.F.);
#1727 = EDGE_CURVE('',#1683,#1728,#1730,.T.);
#1728 = VERTEX_POINT('',#1729);
#1729 = CARTESIAN_POINT('',(11.8,0.,14.3));
#1730 = CIRCLE('',#1731,1.5);
#1731 = AXIS2_PLACEMENT_3D('',#1732,#1733,#1734);
#1732 = CARTESIAN_POINT('',(10.3,3.18E-15,14.3));
#1733 = DIRECTION('',(0.,1.,-2.2E-16));
#1734 = DIRECTION('',(0.,2.2E-16,1.));
#1735 = ORIENTED_EDGE('',*,*,#1690,.T.);
#1736 = ORIENTED_EDGE('',*,*,#1727,.T.);
#1737 = ORIENTED_EDGE('',*,*,#1738,.F.);
#1738 = EDGE_CURVE('',#1728,#1728,#1739,.T.);
#1739 = CIRCLE('',#1740,14.3);
#1740 = AXIS2_PLACEMENT_3D('',#1741,#1742,#1743);
#1741 = CARTESIAN_POINT('',(11.8,0.,0.));
#1742 = DIRECTION('',(1.,0.,-0.));
#1743 = DIRECTION('',(0.,2.2E-16,1.));
#1744 = TOROIDAL_SURFACE('',#1745,14.3,1.5);
#1745 = AXIS2_PLACEMENT_3D('',#1746,#1747,#1748);
#1746 = CARTESIAN_POINT('',(10.3,0.,0.));
#1747 = DIRECTION('',(1.,0.,0.));
#1748 = DIRECTION('',(0.,2.2E-16,1.));
#1749 = ADVANCED_FACE('',(#1750),#1769,.T.);
#1750 = FACE_BOUND('',#1751,.T.);
#1751 = EDGE_LOOP('',(#1752,#1760,#1761,#1762));
#1752 = ORIENTED_EDGE('',*,*,#1753,.F.);
#1753 = EDGE_CURVE('',#1711,#1754,#1756,.T.);
#1754 = VERTEX_POINT('',#1755);
#1755 = CARTESIAN_POINT('',(18.,0.,11.5));
#1756 = LINE('',#1757,#1758);
#1757 = CARTESIAN_POINT('',(12.,-2.55E-15,11.5));
#1758 = VECTOR('',#1759,1.);
#1759 = DIRECTION('',(1.,0.,0.));
#1760 = ORIENTED_EDGE('',*,*,#1710,.T.);
#1761 = ORIENTED_EDGE('',*,*,#1753,.T.);
#1762 = ORIENTED_EDGE('',*,*,#1763,.F.);
#1763 = EDGE_CURVE('',#1754,#1754,#1764,.T.);
#1764 = CIRCLE('',#1765,11.5);
#1765 = AXIS2_PLACEMENT_3D('',#1766,#1767,#1768);
#1766 = CARTESIAN_POINT('',(18.,0.,0.));
#1767 = DIRECTION('',(1.,0.,-0.));
#1768 = DIRECTION('',(0.,2.2E-16,1.));
#1769 = CYLINDRICAL_SURFACE('',#1770,11.5);
#1770 = AXIS2_PLACEMENT_3D('',#1771,#1772,#1773);
#1771 = CARTESIAN_POINT('',(12.,0.,0.));
#1772 = DIRECTION('',(1.,0.,0.));
#1773 = DIRECTION('',(0.,2.2E-16,1.));
#1774 = ADVANCED_FACE('',(#1775,#1778),#1789,.F.);
#1775 = FACE_BOUND('',#1776,.T.);
#1776 = EDGE_LOOP('',(#1777));
#1777 = ORIENTED_EDGE('',*,*,#1738,.F.);
#1778 = FACE_BOUND('',#1779,.T.);
#1779 = EDGE_LOOP('',(#1780));
#1780 = ORIENTED_EDGE('',*,*,#1781,.T.);
#1781 = EDGE_CURVE('',#1782,#1782,#1784,.T.);
#1782 = VERTEX_POINT('',#1783);
#1783 = CARTESIAN_POINT('',(11.8,0.,11.3));
#1784 = CIRCLE('',#1785,11.3);
#1785 = AXIS2_PLACEMENT_3D('',#1786,#1787,#1788);
#1786 = CARTESIAN_POINT('',(11.8,0.,0.));
#1787 = DIRECTION('',(1.,0.,-0.));
#1788 = DIRECTION('',(0.,2.2E-16,1.));
#1789 = PLANE('',#1790);
#1790 = AXIS2_PLACEMENT_3D('',#1791,#1792,#1793);
#1791 = CARTESIAN_POINT('',(11.8,0.,0.));
#1792 = DIRECTION('',(1.,0.,0.));
#1793 = DIRECTION('',(0.,2.2E-16,1.));
#1794 = ADVANCED_FACE('',(#1795),#1815,.T.);
#1795 = FACE_BOUND('',#1796,.T.);
#1796 = EDGE_LOOP('',(#1797,#1806,#1807,#1808));
#1797 = ORIENTED_EDGE('',*,*,#1798,.F.);
#1798 = EDGE_CURVE('',#1754,#1799,#1801,.T.);
#1799 = VERTEX_POINT('',#1800);
#1800 = CARTESIAN_POINT('',(20.,0.,9.5));
#1801 = CIRCLE('',#1802,2.);
#1802 = AXIS2_PLACEMENT_3D('',#1803,#1804,#1805);
#1803 = CARTESIAN_POINT('',(18.,2.11E-15,9.5));
#1804 = DIRECTION('',(0.,1.,-2.2E-16));
#1805 = DIRECTION('',(0.,2.2E-16,1.));
#1806 = ORIENTED_EDGE('',*,*,#1763,.T.);
#1807 = ORIENTED_EDGE('',*,*,#1798,.T.);
#1808 = ORIENTED_EDGE('',*,*,#1809,.F.);
#1809 = EDGE_CURVE('',#1799,#1799,#1810,.T.);
#1810 = CIRCLE('',#1811,9.5);
#1811 = AXIS2_PLACEMENT_3D('',#1812,#1813,#1814);
#1812 = CARTESIAN_POINT('',(20.,0.,0.));
#1813 = DIRECTION('',(1.,0.,-0.));
#1814 = DIRECTION('',(0.,2.2E-16,1.));
#1815 = TOROIDAL_SURFACE('',#1816,9.5,2.);
#1816 = AXIS2_PLACEMENT_3D('',#1817,#1818,#1819);
#1817 = CARTESIAN_POINT('',(18.,0.,0.));
#1818 = DIRECTION('',(1.,0.,0.));
#1819 = DIRECTION('',(0.,2.2E-16,1.));
#1820 = ADVANCED_FACE('',(#1821),#1840,.F.);
#1821 = FACE_BOUND('',#1822,.T.);
#1822 = EDGE_LOOP('',(#1823,#1831,#1838,#1839));
#1823 = ORIENTED_EDGE('',*,*,#1824,.F.);
#1824 = EDGE_CURVE('',#1825,#1782,#1827,.T.);
#1825 = VERTEX_POINT('',#1826);
#1826 = CARTESIAN_POINT('',(17.8,0.,11.3));
#1827 = LINE('',#1828,#1829);
#1828 = CARTESIAN_POINT('',(19.8,-2.51E-15,11.3));
#1829 = VECTOR('',#1830,1.);
#1830 = DIRECTION('',(-1.,0.,0.));
#1831 = ORIENTED_EDGE('',*,*,#1832,.T.);
#1832 = EDGE_CURVE('',#1825,#1825,#1833,.T.);
#1833 = CIRCLE('',#1834,11.3);
#1834 = AXIS2_PLACEMENT_3D('',#1835,#1836,#1837);
#1835 = CARTESIAN_POINT('',(17.8,0.,0.));
#1836 = DIRECTION('',(1.,0.,-0.));
#1837 = DIRECTION('',(0.,2.2E-16,1.));
#1838 = ORIENTED_EDGE('',*,*,#1824,.T.);
#1839 = ORIENTED_EDGE('',*,*,#1781,.F.);
#1840 = CYLINDRICAL_SURFACE('',#1841,11.3);
#1841 = AXIS2_PLACEMENT_3D('',#1842,#1843,#1844);
#1842 = CARTESIAN_POINT('',(19.8,0.,0.));
#1843 = DIRECTION('',(-1.,0.,0.));
#1844 = DIRECTION('',(0.,2.2E-16,1.));
#1845 = ADVANCED_FACE('',(#1846),#1849,.T.);
#1846 = FACE_BOUND('',#1847,.T.);
#1847 = EDGE_LOOP('',(#1848));
#1848 = ORIENTED_EDGE('',*,*,#1809,.T.);
#1849 = PLANE('',#1850);
#1850 = AXIS2_PLACEMENT_3D('',#1851,#1852,#1853);
#1851 = CARTESIAN_POINT('',(20.,0.,0.));
#1852 = DIRECTION('',(1.,0.,0.));
#1853 = DIRECTION('',(0.,2.2E-16,1.));
#1854 = ADVANCED_FACE('',(#1855),#1875,.F.);
#1855 = FACE_BOUND('',#1856,.T.);
#1856 = EDGE_LOOP('',(#1857,#1866,#1873,#1874));
#1857 = ORIENTED_EDGE('',*,*,#1858,.F.);
#1858 = EDGE_CURVE('',#1859,#1825,#1861,.T.);
#1859 = VERTEX_POINT('',#1860);
#1860 = CARTESIAN_POINT('',(19.8,0.,9.3));
#1861 = CIRCLE('',#1862,2.);
#1862 = AXIS2_PLACEMENT_3D('',#1863,#1864,#1865);
#1863 = CARTESIAN_POINT('',(17.8,2.07E-15,9.3));
#1864 = DIRECTION('',(0.,-1.,2.2E-16));
#1865 = DIRECTION('',(0.,2.2E-16,1.));
#1866 = ORIENTED_EDGE('',*,*,#1867,.F.);
#1867 = EDGE_CURVE('',#1859,#1859,#1868,.T.);
#1868 = CIRCLE('',#1869,9.3);
#1869 = AXIS2_PLACEMENT_3D('',#1870,#1871,#1872);
#1870 = CARTESIAN_POINT('',(19.8,0.,0.));
#1871 = DIRECTION('',(1.,0.,-0.));
#1872 = DIRECTION('',(0.,2.2E-16,1.));
#1873 = ORIENTED_EDGE('',*,*,#1858,.T.);
#1874 = ORIENTED_EDGE('',*,*,#1832,.T.);
#1875 = TOROIDAL_SURFACE('',#1876,9.3,2.);
#1876 = AXIS2_PLACEMENT_3D('',#1877,#1878,#1879);
#1877 = CARTESIAN_POINT('',(17.8,0.,0.));
#1878 = DIRECTION('',(-1.,0.,0.));
#1879 = DIRECTION('',(0.,2.2E-16,1.));
#1880 = ADVANCED_FACE('',(#1881),#1884,.F.);
#1881 = FACE_BOUND('',#1882,.T.);
#1882 = EDGE_LOOP('',(#1883));
#1883 = ORIENTED_EDGE('',*,*,#1867,.F.);
#1884 = PLANE('',#1885);
#1885 = AXIS2_PLACEMENT_3D('',#1886,#1887,#1888);
#1886 = CARTESIAN_POINT('',(19.8,0.,0.));
#1887 = DIRECTION('',(1.,0.,0.));
#1888 = DIRECTION('',(0.,2.2E-16,1.));
#1889 = ( GEOMETRIC_REPRESENTATION_CONTEXT(3) 
GLOBAL_UNCERTAINTY_ASSIGNED_CONTEXT((#1893)) 
GLOBAL_UNIT_ASSIGNED_CONTEXT((#1890,#1891,#1892)) REPRESENTATION_CONTEXT
('Context #1','3D Context with UNIT and UNCERTAINTY') );
#1890 = ( LENGTH_UNIT() NAMED_UNIT(*) SI_UNIT(.MILLI.,.METRE.) );
#1891 = ( NAMED_UNIT(*) PLANE_ANGLE_UNIT() SI_UNIT($,.RADIAN.) );
#1892 = ( NAMED_UNIT(*) SI_UNIT($,.STERADIAN.) SOLID_ANGLE_UNIT() );
#1893 = UNCERTAINTY_MEASURE_WITH_UNIT(LENGTH_MEASURE(5.E-06),#1890,
  'distance_accuracy_value','confusion accuracy');
#1894 = CONTEXT_DEPENDENT_SHAPE_REPRESENTATION(#1895,#1897);
#1895 = ( REPRESENTATION_RELATIONSHIP('','',#48,#10) 
REPRESENTATION_RELATIONSHIP_WITH_TRANSFORMATION(#1896) 
SHAPE_REPRESENTATION_RELATIONSHIP() );
#1896 = ITEM_DEFINED_TRANSFORMATION('','',#11,#15);
#1897 = PRODUCT_DEFINITION_SHAPE('Placement','Placement of an item',
  #1898);
#1898 = NEXT_ASSEMBLY_USAGE_OCCURRENCE('1','carcasa','',#5,#43,$);
#1899 = PRODUCT_RELATED_PRODUCT_CATEGORY('part',$,(#45));
#1900 = SHAPE_DEFINITION_REPRESENTATION(#1901,#1907);
#1901 = PRODUCT_DEFINITION_SHAPE('','',#1902);
#1902 = PRODUCT_DEFINITION('design','',#1903,#1906);
#1903 = PRODUCT_DEFINITION_FORMATION('','',#1904);
#1904 = PRODUCT('Body001','Body001','',(#1905));
#1905 = PRODUCT_CONTEXT('',#2,'mechanical');
#1906 = PRODUCT_DEFINITION_CONTEXT('part definition',#2,'design');
#1907 = ADVANCED_BREP_SHAPE_REPRESENTATION('',(#11,#1908),#1961);
#1908 = MANIFOLD_SOLID_BREP('',#1909);
#1909 = CLOSED_SHELL('',(#1910,#1943,#1952));
#1910 = ADVANCED_FACE('',(#1911),#1938,.T.);
#1911 = FACE_BOUND('',#1912,.T.);
#1912 = EDGE_LOOP('',(#1913,#1923,#1930,#1931));
#1913 = ORIENTED_EDGE('',*,*,#1914,.T.);
#1914 = EDGE_CURVE('',#1915,#1917,#1919,.T.);
#1915 = VERTEX_POINT('',#1916);
#1916 = CARTESIAN_POINT('',(8.,-17.72794474476,0.));
#1917 = VERTEX_POINT('',#1918);
#1918 = CARTESIAN_POINT('',(8.5,-17.72794474476,0.));
#1919 = LINE('',#1920,#1921);
#1920 = CARTESIAN_POINT('',(8.,-17.72794474476,0.));
#1921 = VECTOR('',#1922,1.);
#1922 = DIRECTION('',(1.,0.,0.));
#1923 = ORIENTED_EDGE('',*,*,#1924,.T.);
#1924 = EDGE_CURVE('',#1917,#1917,#1925,.T.);
#1925 = CIRCLE('',#1926,17.727944744767);
#1926 = AXIS2_PLACEMENT_3D('',#1927,#1928,#1929);
#1927 = CARTESIAN_POINT('',(8.5,0.,0.));
#1928 = DIRECTION('',(-1.,0.,0.));
#1929 = DIRECTION('',(0.,-1.,0.));
#1930 = ORIENTED_EDGE('',*,*,#1914,.F.);
#1931 = ORIENTED_EDGE('',*,*,#1932,.F.);
#1932 = EDGE_CURVE('',#1915,#1915,#1933,.T.);
#1933 = CIRCLE('',#1934,17.727944744767);
#1934 = AXIS2_PLACEMENT_3D('',#1935,#1936,#1937);
#1935 = CARTESIAN_POINT('',(8.,0.,0.));
#1936 = DIRECTION('',(-1.,0.,0.));
#1937 = DIRECTION('',(0.,-1.,0.));
#1938 = CYLINDRICAL_SURFACE('',#1939,17.727944744767);
#1939 = AXIS2_PLACEMENT_3D('',#1940,#1941,#1942);
#1940 = CARTESIAN_POINT('',(8.,0.,0.));
#1941 = DIRECTION('',(-1.,0.,0.));
#1942 = DIRECTION('',(0.,-1.,0.));
#1943 = ADVANCED_FACE('',(#1944),#1947,.F.);
#1944 = FACE_BOUND('',#1945,.T.);
#1945 = EDGE_LOOP('',(#1946));
#1946 = ORIENTED_EDGE('',*,*,#1932,.T.);
#1947 = PLANE('',#1948);
#1948 = AXIS2_PLACEMENT_3D('',#1949,#1950,#1951);
#1949 = CARTESIAN_POINT('',(8.,6.2E-16,5.1E-16));
#1950 = DIRECTION('',(1.,0.,0.));
#1951 = DIRECTION('',(0.,0.,1.));
#1952 = ADVANCED_FACE('',(#1953),#1956,.T.);
#1953 = FACE_BOUND('',#1954,.F.);
#1954 = EDGE_LOOP('',(#1955));
#1955 = ORIENTED_EDGE('',*,*,#1924,.T.);
#1956 = PLANE('',#1957);
#1957 = AXIS2_PLACEMENT_3D('',#1958,#1959,#1960);
#1958 = CARTESIAN_POINT('',(8.5,6.2E-16,5.1E-16));
#1959 = DIRECTION('',(1.,0.,0.));
#1960 = DIRECTION('',(0.,0.,1.));
#1961 = ( GEOMETRIC_REPRESENTATION_CONTEXT(3) 
GLOBAL_UNCERTAINTY_ASSIGNED_CONTEXT((#1965)) 
GLOBAL_UNIT_ASSIGNED_CONTEXT((#1962,#1963,#1964)) REPRESENTATION_CONTEXT
('Context #1','3D Context with UNIT and UNCERTAINTY') );
#1962 = ( LENGTH_UNIT() NAMED_UNIT(*) SI_UNIT(.MILLI.,.METRE.) );
#1963 = ( NAMED_UNIT(*) PLANE_ANGLE_UNIT() SI_UNIT($,.RADIAN.) );
#1964 = ( NAMED_UNIT(*) SI_UNIT($,.STERADIAN.) SOLID_ANGLE_UNIT() );
#1965 = UNCERTAINTY_MEASURE_WITH_UNIT(LENGTH_MEASURE(1.E-07),#1962,
  'distance_accuracy_value','confusion accuracy');
#1966 = CONTEXT_DEPENDENT_SHAPE_REPRESENTATION(#1967,#1969);
#1967 = ( REPRESENTATION_RELATIONSHIP('','',#1907,#10) 
REPRESENTATION_RELATIONSHIP_WITH_TRANSFORMATION(#1968) 
SHAPE_REPRESENTATION_RELATIONSHIP() );
#1968 = ITEM_DEFINED_TRANSFORMATION('','',#11,#19);
#1969 = PRODUCT_DEFINITION_SHAPE('Placement','Placement of an item',
  #1970);
#1970 = NEXT_ASSEMBLY_USAGE_OCCURRENCE('2','Body001','',#5,#1902,$);
#1971 = PRODUCT_RELATED_PRODUCT_CATEGORY('part',$,(#1904));
#1972 = SHAPE_DEFINITION_REPRESENTATION(#1973,#1979);
#1973 = PRODUCT_DEFINITION_SHAPE('','',#1974);
#1974 = PRODUCT_DEFINITION('design','',#1975,#1978);
#1975 = PRODUCT_DEFINITION_FORMATION('','',#1976);
#1976 = PRODUCT('Body002','Body002','',(#1977));
#1977 = PRODUCT_CONTEXT('',#2,'mechanical');
#1978 = PRODUCT_DEFINITION_CONTEXT('part definition',#2,'design');
#1979 = ADVANCED_BREP_SHAPE_REPRESENTATION('',(#11,#1980),#2164);
#1980 = MANIFOLD_SOLID_BREP('',#1981);
#1981 = CLOSED_SHELL('',(#1982,#2015,#2043,#2063,#2088,#2108,#2134,#2155
    ));
#1982 = ADVANCED_FACE('',(#1983),#2010,.T.);
#1983 = FACE_BOUND('',#1984,.F.);
#1984 = EDGE_LOOP('',(#1985,#1994,#2002,#2009));
#1985 = ORIENTED_EDGE('',*,*,#1986,.T.);
#1986 = EDGE_CURVE('',#1987,#1987,#1989,.T.);
#1987 = VERTEX_POINT('',#1988);
#1988 = CARTESIAN_POINT('',(11.834797,0.,6.186636));
#1989 = CIRCLE('',#1990,6.186636);
#1990 = AXIS2_PLACEMENT_3D('',#1991,#1992,#1993);
#1991 = CARTESIAN_POINT('',(11.834797,0.,0.));
#1992 = DIRECTION('',(1.,0.,-0.));
#1993 = DIRECTION('',(0.,2.2E-16,1.));
#1994 = ORIENTED_EDGE('',*,*,#1995,.T.);
#1995 = EDGE_CURVE('',#1987,#1996,#1998,.T.);
#1996 = VERTEX_POINT('',#1997);
#1997 = CARTESIAN_POINT('',(6.719036,0.,6.186636));
#1998 = LINE('',#1999,#2000);
#1999 = CARTESIAN_POINT('',(11.834797,-1.37E-15,6.186636));
#2000 = VECTOR('',#2001,1.);
#2001 = DIRECTION('',(-1.,0.,0.));
#2002 = ORIENTED_EDGE('',*,*,#2003,.F.);
#2003 = EDGE_CURVE('',#1996,#1996,#2004,.T.);
#2004 = CIRCLE('',#2005,6.186636);
#2005 = AXIS2_PLACEMENT_3D('',#2006,#2007,#2008);
#2006 = CARTESIAN_POINT('',(6.719036,0.,0.));
#2007 = DIRECTION('',(1.,0.,-0.));
#2008 = DIRECTION('',(0.,2.2E-16,1.));
#2009 = ORIENTED_EDGE('',*,*,#1995,.F.);
#2010 = CYLINDRICAL_SURFACE('',#2011,6.186636);
#2011 = AXIS2_PLACEMENT_3D('',#2012,#2013,#2014);
#2012 = CARTESIAN_POINT('',(11.834797,0.,0.));
#2013 = DIRECTION('',(-1.,0.,0.));
#2014 = DIRECTION('',(0.,2.2E-16,1.));
#2015 = ADVANCED_FACE('',(#2016),#2035,.T.);
#2016 = FACE_BOUND('',#2017,.T.);
#2017 = EDGE_LOOP('',(#2018,#2027,#2033,#2034));
#2018 = ORIENTED_EDGE('',*,*,#2019,.T.);
#2019 = EDGE_CURVE('',#2020,#2020,#2022,.T.);
#2020 = VERTEX_POINT('',#2021);
#2021 = CARTESIAN_POINT('',(1.78537,0.,17.5417));
#2022 = CIRCLE('',#2023,17.5417);
#2023 = AXIS2_PLACEMENT_3D('',#2024,#2025,#2026);
#2024 = CARTESIAN_POINT('',(1.78537,0.,0.));
#2025 = DIRECTION('',(1.,0.,-0.));
#2026 = DIRECTION('',(0.,2.2E-16,1.));
#2027 = ORIENTED_EDGE('',*,*,#2028,.T.);
#2028 = EDGE_CURVE('',#2020,#1996,#2029,.T.);
#2029 = B_SPLINE_CURVE_WITH_KNOTS('',2,(#2030,#2031,#2032),
  .UNSPECIFIED.,.F.,.F.,(3,3),(0.,1.),.PIECEWISE_BEZIER_KNOTS.);
#2030 = CARTESIAN_POINT('',(1.78537,-3.9E-15,17.5417));
#2031 = CARTESIAN_POINT('',(3.15967,-1.89E-15,8.4926));
#2032 = CARTESIAN_POINT('',(6.719036,-1.37E-15,6.186636));
#2033 = ORIENTED_EDGE('',*,*,#2003,.F.);
#2034 = ORIENTED_EDGE('',*,*,#2028,.F.);
#2035 = SURFACE_OF_REVOLUTION('',#2036,#2040);
#2036 = B_SPLINE_CURVE_WITH_KNOTS('',2,(#2037,#2038,#2039),
  .UNSPECIFIED.,.F.,.F.,(3,3),(0.,1.),.PIECEWISE_BEZIER_KNOTS.);
#2037 = CARTESIAN_POINT('',(1.78537,3.9E-15,17.5417));
#2038 = CARTESIAN_POINT('',(3.15967,1.89E-15,8.4926));
#2039 = CARTESIAN_POINT('',(6.719036,1.37E-15,6.186636));
#2040 = AXIS1_PLACEMENT('',#2041,#2042);
#2041 = CARTESIAN_POINT('',(0.,0.,0.));
#2042 = DIRECTION('',(1.,0.,0.));
#2043 = ADVANCED_FACE('',(#2044,#2055),#2058,.T.);
#2044 = FACE_BOUND('',#2045,.T.);
#2045 = EDGE_LOOP('',(#2046));
#2046 = ORIENTED_EDGE('',*,*,#2047,.T.);
#2047 = EDGE_CURVE('',#2048,#2048,#2050,.T.);
#2048 = VERTEX_POINT('',#2049);
#2049 = CARTESIAN_POINT('',(1.78537,0.,19.5));
#2050 = CIRCLE('',#2051,19.5);
#2051 = AXIS2_PLACEMENT_3D('',#2052,#2053,#2054);
#2052 = CARTESIAN_POINT('',(1.78537,0.,0.));
#2053 = DIRECTION('',(1.,0.,-0.));
#2054 = DIRECTION('',(0.,2.2E-16,1.));
#2055 = FACE_BOUND('',#2056,.T.);
#2056 = EDGE_LOOP('',(#2057));
#2057 = ORIENTED_EDGE('',*,*,#2019,.F.);
#2058 = PLANE('',#2059);
#2059 = AXIS2_PLACEMENT_3D('',#2060,#2061,#2062);
#2060 = CARTESIAN_POINT('',(1.78537,0.,0.));
#2061 = DIRECTION('',(1.,0.,0.));
#2062 = DIRECTION('',(-0.,2.2E-16,1.));
#2063 = ADVANCED_FACE('',(#2064),#2083,.T.);
#2064 = FACE_BOUND('',#2065,.F.);
#2065 = EDGE_LOOP('',(#2066,#2067,#2075,#2082));
#2066 = ORIENTED_EDGE('',*,*,#2047,.T.);
#2067 = ORIENTED_EDGE('',*,*,#2068,.T.);
#2068 = EDGE_CURVE('',#2048,#2069,#2071,.T.);
#2069 = VERTEX_POINT('',#2070);
#2070 = CARTESIAN_POINT('',(1.542983999999,0.,19.5));
#2071 = LINE('',#2072,#2073);
#2072 = CARTESIAN_POINT('',(1.78537,-4.33E-15,19.5));
#2073 = VECTOR('',#2074,1.);
#2074 = DIRECTION('',(-1.,0.,0.));
#2075 = ORIENTED_EDGE('',*,*,#2076,.F.);
#2076 = EDGE_CURVE('',#2069,#2069,#2077,.T.);
#2077 = CIRCLE('',#2078,19.5);
#2078 = AXIS2_PLACEMENT_3D('',#2079,#2080,#2081);
#2079 = CARTESIAN_POINT('',(1.542983999999,0.,0.));
#2080 = DIRECTION('',(1.,0.,-0.));
#2081 = DIRECTION('',(0.,2.2E-16,1.));
#2082 = ORIENTED_EDGE('',*,*,#2068,.F.);
#2083 = CYLINDRICAL_SURFACE('',#2084,19.5);
#2084 = AXIS2_PLACEMENT_3D('',#2085,#2086,#2087);
#2085 = CARTESIAN_POINT('',(1.78537,0.,0.));
#2086 = DIRECTION('',(-1.,0.,0.));
#2087 = DIRECTION('',(0.,2.2E-16,1.));
#2088 = ADVANCED_FACE('',(#2089,#2092),#2103,.F.);
#2089 = FACE_BOUND('',#2090,.F.);
#2090 = EDGE_LOOP('',(#2091));
#2091 = ORIENTED_EDGE('',*,*,#2076,.T.);
#2092 = FACE_BOUND('',#2093,.F.);
#2093 = EDGE_LOOP('',(#2094));
#2094 = ORIENTED_EDGE('',*,*,#2095,.F.);
#2095 = EDGE_CURVE('',#2096,#2096,#2098,.T.);
#2096 = VERTEX_POINT('',#2097);
#2097 = CARTESIAN_POINT('',(1.542983999999,0.,17.5));
#2098 = CIRCLE('',#2099,17.5);
#2099 = AXIS2_PLACEMENT_3D('',#2100,#2101,#2102);
#2100 = CARTESIAN_POINT('',(1.542983999999,0.,0.));
#2101 = DIRECTION('',(1.,0.,-0.));
#2102 = DIRECTION('',(0.,2.2E-16,1.));
#2103 = PLANE('',#2104);
#2104 = AXIS2_PLACEMENT_3D('',#2105,#2106,#2107);
#2105 = CARTESIAN_POINT('',(1.542983999999,0.,0.));
#2106 = DIRECTION('',(1.,0.,0.));
#2107 = DIRECTION('',(-0.,2.2E-16,1.));
#2108 = ADVANCED_FACE('',(#2109),#2129,.T.);
#2109 = FACE_BOUND('',#2110,.F.);
#2110 = EDGE_LOOP('',(#2111,#2112,#2121,#2128));
#2111 = ORIENTED_EDGE('',*,*,#2095,.T.);
#2112 = ORIENTED_EDGE('',*,*,#2113,.T.);
#2113 = EDGE_CURVE('',#2096,#2114,#2116,.T.);
#2114 = VERTEX_POINT('',#2115);
#2115 = CARTESIAN_POINT('',(1.542984000001,0.,12.5));
#2116 = CIRCLE('',#2117,2.5);
#2117 = AXIS2_PLACEMENT_3D('',#2118,#2119,#2120);
#2118 = CARTESIAN_POINT('',(1.542984,-3.33E-15,15.));
#2119 = DIRECTION('',(0.,-1.,-2.2E-16));
#2120 = DIRECTION('',(1.,0.,0.));
#2121 = ORIENTED_EDGE('',*,*,#2122,.F.);
#2122 = EDGE_CURVE('',#2114,#2114,#2123,.T.);
#2123 = CIRCLE('',#2124,12.5);
#2124 = AXIS2_PLACEMENT_3D('',#2125,#2126,#2127);
#2125 = CARTESIAN_POINT('',(1.542984000001,0.,0.));
#2126 = DIRECTION('',(1.,0.,-0.));
#2127 = DIRECTION('',(0.,2.2E-16,1.));
#2128 = ORIENTED_EDGE('',*,*,#2113,.F.);
#2129 = TOROIDAL_SURFACE('',#2130,15.,2.5);
#2130 = AXIS2_PLACEMENT_3D('',#2131,#2132,#2133);
#2131 = CARTESIAN_POINT('',(1.542984,0.,0.));
#2132 = DIRECTION('',(-1.,0.,0.));
#2133 = DIRECTION('',(0.,2.2E-16,1.));
#2134 = ADVANCED_FACE('',(#2135),#2147,.F.);
#2135 = FACE_BOUND('',#2136,.F.);
#2136 = EDGE_LOOP('',(#2137,#2138,#2146));
#2137 = ORIENTED_EDGE('',*,*,#2122,.T.);
#2138 = ORIENTED_EDGE('',*,*,#2139,.T.);
#2139 = EDGE_CURVE('',#2114,#2140,#2142,.T.);
#2140 = VERTEX_POINT('',#2141);
#2141 = CARTESIAN_POINT('',(4.,0.,0.));
#2142 = B_SPLINE_CURVE_WITH_KNOTS('',2,(#2143,#2144,#2145),
  .UNSPECIFIED.,.F.,.F.,(3,3),(0.,1.),.PIECEWISE_BEZIER_KNOTS.);
#2143 = CARTESIAN_POINT('',(1.542984000001,-2.78E-15,12.5));
#2144 = CARTESIAN_POINT('',(3.871915,-1.42E-15,6.37519));
#2145 = CARTESIAN_POINT('',(4.,0.,0.));
#2146 = ORIENTED_EDGE('',*,*,#2139,.F.);
#2147 = SURFACE_OF_REVOLUTION('',#2148,#2152);
#2148 = B_SPLINE_CURVE_WITH_KNOTS('',2,(#2149,#2150,#2151),
  .UNSPECIFIED.,.F.,.F.,(3,3),(0.,1.),.PIECEWISE_BEZIER_KNOTS.);
#2149 = CARTESIAN_POINT('',(1.542984000001,2.78E-15,12.5));
#2150 = CARTESIAN_POINT('',(3.871915,1.42E-15,6.37519));
#2151 = CARTESIAN_POINT('',(4.,0.,0.));
#2152 = AXIS1_PLACEMENT('',#2153,#2154);
#2153 = CARTESIAN_POINT('',(0.,0.,0.));
#2154 = DIRECTION('',(1.,0.,0.));
#2155 = ADVANCED_FACE('',(#2156),#2159,.T.);
#2156 = FACE_BOUND('',#2157,.T.);
#2157 = EDGE_LOOP('',(#2158));
#2158 = ORIENTED_EDGE('',*,*,#1986,.T.);
#2159 = PLANE('',#2160);
#2160 = AXIS2_PLACEMENT_3D('',#2161,#2162,#2163);
#2161 = CARTESIAN_POINT('',(11.834797,0.,0.));
#2162 = DIRECTION('',(1.,0.,0.));
#2163 = DIRECTION('',(-0.,2.2E-16,1.));
#2164 = ( GEOMETRIC_REPRESENTATION_CONTEXT(3) 
GLOBAL_UNCERTAINTY_ASSIGNED_CONTEXT((#2168)) 
GLOBAL_UNIT_ASSIGNED_CONTEXT((#2165,#2166,#2167)) REPRESENTATION_CONTEXT
('Context #1','3D Context with UNIT and UNCERTAINTY') );
#2165 = ( LENGTH_UNIT() NAMED_UNIT(*) SI_UNIT(.MILLI.,.METRE.) );
#2166 = ( NAMED_UNIT(*) PLANE_ANGLE_UNIT() SI_UNIT($,.RADIAN.) );
#2167 = ( NAMED_UNIT(*) SI_UNIT($,.STERADIAN.) SOLID_ANGLE_UNIT() );
#2168 = UNCERTAINTY_MEASURE_WITH_UNIT(LENGTH_MEASURE(1.E-07),#2165,
  'distance_accuracy_value','confusion accuracy');
#2169 = CONTEXT_DEPENDENT_SHAPE_REPRESENTATION(#2170,#2172);
#2170 = ( REPRESENTATION_RELATIONSHIP('','',#1979,#10) 
REPRESENTATION_RELATIONSHIP_WITH_TRANSFORMATION(#2171) 
SHAPE_REPRESENTATION_RELATIONSHIP() );
#2171 = ITEM_DEFINED_TRANSFORMATION('','',#11,#23);
#2172 = PRODUCT_DEFINITION_SHAPE('Placement','Placement of an item',
  #2173);
#2173 = NEXT_ASSEMBLY_USAGE_OCCURRENCE('3','Body002','',#5,#1974,$);
#2174 = PRODUCT_RELATED_PRODUCT_CATEGORY('part',$,(#1976));
#2175 = SHAPE_DEFINITION_REPRESENTATION(#2176,#2182);
#2176 = PRODUCT_DEFINITION_SHAPE('','',#2177);
#2177 = PRODUCT_DEFINITION('design','',#2178,#2181);
#2178 = PRODUCT_DEFINITION_FORMATION('','',#2179);
#2179 = PRODUCT('Body003','Body003','',(#2180));
#2180 = PRODUCT_CONTEXT('',#2,'mechanical');
#2181 = PRODUCT_DEFINITION_CONTEXT('part definition',#2,'design');
#2182 = ADVANCED_BREP_SHAPE_REPRESENTATION('',(#11,#2183),#2275);
#2183 = MANIFOLD_SOLID_BREP('',#2184);
#2184 = CLOSED_SHELL('',(#2185,#2218,#2251,#2263));
#2185 = ADVANCED_FACE('',(#2186),#2213,.T.);
#2186 = FACE_BOUND('',#2187,.F.);
#2187 = EDGE_LOOP('',(#2188,#2198,#2205,#2206));
#2188 = ORIENTED_EDGE('',*,*,#2189,.T.);
#2189 = EDGE_CURVE('',#2190,#2192,#2194,.T.);
#2190 = VERTEX_POINT('',#2191);
#2191 = CARTESIAN_POINT('',(1.542983999999,-6.E-15,-19.494713));
#2192 = VERTEX_POINT('',#2193);
#2193 = CARTESIAN_POINT('',(-0.457016000001,-6.E-15,-19.494713));
#2194 = LINE('',#2195,#2196);
#2195 = CARTESIAN_POINT('',(1.542983999999,-2.16E-15,-19.494713));
#2196 = VECTOR('',#2197,1.);
#2197 = DIRECTION('',(-1.,-0.,-2.2E-16));
#2198 = ORIENTED_EDGE('',*,*,#2199,.T.);
#2199 = EDGE_CURVE('',#2192,#2192,#2200,.T.);
#2200 = CIRCLE('',#2201,19.494713);
#2201 = AXIS2_PLACEMENT_3D('',#2202,#2203,#2204);
#2202 = CARTESIAN_POINT('',(-0.457016000001,4.4E-16,-4.4E-16));
#2203 = DIRECTION('',(-1.,2.2E-16,-2.2E-16));
#2204 = DIRECTION('',(2.2E-16,-2.2E-16,-1.));
#2205 = ORIENTED_EDGE('',*,*,#2189,.F.);
#2206 = ORIENTED_EDGE('',*,*,#2207,.F.);
#2207 = EDGE_CURVE('',#2190,#2190,#2208,.T.);
#2208 = CIRCLE('',#2209,19.494713);
#2209 = AXIS2_PLACEMENT_3D('',#2210,#2211,#2212);
#2210 = CARTESIAN_POINT('',(1.542983999999,0.,0.));
#2211 = DIRECTION('',(-1.,2.2E-16,-2.2E-16));
#2212 = DIRECTION('',(2.2E-16,-2.2E-16,-1.));
#2213 = CYLINDRICAL_SURFACE('',#2214,19.494713);
#2214 = AXIS2_PLACEMENT_3D('',#2215,#2216,#2217);
#2215 = CARTESIAN_POINT('',(1.542983999999,0.,0.));
#2216 = DIRECTION('',(1.,0.,2.2E-16));
#2217 = DIRECTION('',(2.2E-16,-1.1E-16,-1.));
#2218 = ADVANCED_FACE('',(#2219),#2246,.F.);
#2219 = FACE_BOUND('',#2220,.T.);
#2220 = EDGE_LOOP('',(#2221,#2231,#2238,#2239));
#2221 = ORIENTED_EDGE('',*,*,#2222,.T.);
#2222 = EDGE_CURVE('',#2223,#2225,#2227,.T.);
#2223 = VERTEX_POINT('',#2224);
#2224 = CARTESIAN_POINT('',(1.542983999999,-6.E-15,-17.671038));
#2225 = VERTEX_POINT('',#2226);
#2226 = CARTESIAN_POINT('',(-0.457016000001,-6.E-15,-17.671038));
#2227 = LINE('',#2228,#2229);
#2228 = CARTESIAN_POINT('',(1.542983999999,-1.96E-15,-17.671038));
#2229 = VECTOR('',#2230,1.);
#2230 = DIRECTION('',(-1.,-0.,-2.2E-16));
#2231 = ORIENTED_EDGE('',*,*,#2232,.T.);
#2232 = EDGE_CURVE('',#2225,#2225,#2233,.T.);
#2233 = CIRCLE('',#2234,17.671038);
#2234 = AXIS2_PLACEMENT_3D('',#2235,#2236,#2237);
#2235 = CARTESIAN_POINT('',(-0.457016000001,4.4E-16,-4.4E-16));
#2236 = DIRECTION('',(-1.,2.2E-16,-2.2E-16));
#2237 = DIRECTION('',(2.2E-16,-2.2E-16,-1.));
#2238 = ORIENTED_EDGE('',*,*,#2222,.F.);
#2239 = ORIENTED_EDGE('',*,*,#2240,.F.);
#2240 = EDGE_CURVE('',#2223,#2223,#2241,.T.);
#2241 = CIRCLE('',#2242,17.671038);
#2242 = AXIS2_PLACEMENT_3D('',#2243,#2244,#2245);
#2243 = CARTESIAN_POINT('',(1.542983999999,0.,0.));
#2244 = DIRECTION('',(-1.,2.2E-16,-2.2E-16));
#2245 = DIRECTION('',(2.2E-16,-2.2E-16,-1.));
#2246 = CYLINDRICAL_SURFACE('',#2247,17.671038);
#2247 = AXIS2_PLACEMENT_3D('',#2248,#2249,#2250);
#2248 = CARTESIAN_POINT('',(1.542983999999,0.,0.));
#2249 = DIRECTION('',(1.,0.,2.2E-16));
#2250 = DIRECTION('',(2.2E-16,-1.1E-16,-1.));
#2251 = ADVANCED_FACE('',(#2252,#2255),#2258,.T.);
#2252 = FACE_BOUND('',#2253,.F.);
#2253 = EDGE_LOOP('',(#2254));
#2254 = ORIENTED_EDGE('',*,*,#2207,.T.);
#2255 = FACE_BOUND('',#2256,.T.);
#2256 = EDGE_LOOP('',(#2257));
#2257 = ORIENTED_EDGE('',*,*,#2240,.T.);
#2258 = PLANE('',#2259);
#2259 = AXIS2_PLACEMENT_3D('',#2260,#2261,#2262);
#2260 = CARTESIAN_POINT('',(1.542983999999,-1.7E-16,5.9E-16));
#2261 = DIRECTION('',(1.,0.,2.2E-16));
#2262 = DIRECTION('',(-2.2E-16,2.2E-16,1.));
#2263 = ADVANCED_FACE('',(#2264,#2267),#2270,.F.);
#2264 = FACE_BOUND('',#2265,.T.);
#2265 = EDGE_LOOP('',(#2266));
#2266 = ORIENTED_EDGE('',*,*,#2199,.T.);
#2267 = FACE_BOUND('',#2268,.F.);
#2268 = EDGE_LOOP('',(#2269));
#2269 = ORIENTED_EDGE('',*,*,#2232,.T.);
#2270 = PLANE('',#2271);
#2271 = AXIS2_PLACEMENT_3D('',#2272,#2273,#2274);
#2272 = CARTESIAN_POINT('',(-0.457016000001,2.7E-16,1.4E-16));
#2273 = DIRECTION('',(1.,0.,2.2E-16));
#2274 = DIRECTION('',(-2.2E-16,2.2E-16,1.));
#2275 = ( GEOMETRIC_REPRESENTATION_CONTEXT(3) 
GLOBAL_UNCERTAINTY_ASSIGNED_CONTEXT((#2279)) 
GLOBAL_UNIT_ASSIGNED_CONTEXT((#2276,#2277,#2278)) REPRESENTATION_CONTEXT
('Context #1','3D Context with UNIT and UNCERTAINTY') );
#2276 = ( LENGTH_UNIT() NAMED_UNIT(*) SI_UNIT(.MILLI.,.METRE.) );
#2277 = ( NAMED_UNIT(*) PLANE_ANGLE_UNIT() SI_UNIT($,.RADIAN.) );
#2278 = ( NAMED_UNIT(*) SI_UNIT($,.STERADIAN.) SOLID_ANGLE_UNIT() );
#2279 = UNCERTAINTY_MEASURE_WITH_UNIT(LENGTH_MEASURE(1.E-07),#2276,
  'distance_accuracy_value','confusion accuracy');
#2280 = CONTEXT_DEPENDENT_SHAPE_REPRESENTATION(#2281,#2283);
#2281 = ( REPRESENTATION_RELATIONSHIP('','',#2182,#10) 
REPRESENTATION_RELATIONSHIP_WITH_TRANSFORMATION(#2282) 
SHAPE_REPRESENTATION_RELATIONSHIP() );
#2282 = ITEM_DEFINED_TRANSFORMATION('','',#11,#27);
#2283 = PRODUCT_DEFINITION_SHAPE('Placement','Placement of an item',
  #2284);
#2284 = NEXT_ASSEMBLY_USAGE_OCCURRENCE('4','Body003','',#5,#2177,$);
#2285 = PRODUCT_RELATED_PRODUCT_CATEGORY('part',$,(#2179));
#2286 = SHAPE_DEFINITION_REPRESENTATION(#2287,#2293);
#2287 = PRODUCT_DEFINITION_SHAPE('','',#2288);
#2288 = PRODUCT_DEFINITION('design','',#2289,#2292);
#2289 = PRODUCT_DEFINITION_FORMATION('','',#2290);
#2290 = PRODUCT('Cuerpo','Cuerpo','',(#2291));
#2291 = PRODUCT_CONTEXT('',#2,'mechanical');
#2292 = PRODUCT_DEFINITION_CONTEXT('part definition',#2,'design');
#2293 = ADVANCED_BREP_SHAPE_REPRESENTATION('',(#11,#2294),#2530);
#2294 = MANIFOLD_SOLID_BREP('',#2295);
#2295 = CLOSED_SHELL('',(#2296,#2338,#2371,#2404,#2444,#2484,#2496,#2513
    ));
#2296 = ADVANCED_FACE('',(#2297),#2333,.T.);
#2297 = FACE_BOUND('',#2298,.F.);
#2298 = EDGE_LOOP('',(#2299,#2309,#2318,#2326));
#2299 = ORIENTED_EDGE('',*,*,#2300,.T.);
#2300 = EDGE_CURVE('',#2301,#2303,#2305,.T.);
#2301 = VERTEX_POINT('',#2302);
#2302 = CARTESIAN_POINT('',(33.34541494001,4.006938426724,4.006938426724
    ));
#2303 = VERTEX_POINT('',#2304);
#2304 = CARTESIAN_POINT('',(33.34541494001,3.299831645537,4.71404520791)
  );
#2305 = LINE('',#2306,#2307);
#2306 = CARTESIAN_POINT('',(33.34541494001,4.006938426724,4.006938426724
    ));
#2307 = VECTOR('',#2308,1.);
#2308 = DIRECTION('',(0.,-0.707106781187,0.707106781187));
#2309 = ORIENTED_EDGE('',*,*,#2310,.T.);
#2310 = EDGE_CURVE('',#2303,#2311,#2313,.T.);
#2311 = VERTEX_POINT('',#2312);
#2312 = CARTESIAN_POINT('',(28.631369732005,4.478342947413,
    5.892556509786));
#2313 = CIRCLE('',#2314,2.5);
#2314 = AXIS2_PLACEMENT_3D('',#2315,#2316,#2317);
#2315 = CARTESIAN_POINT('',(30.988392336055,3.889087296526,
    5.303300858899));
#2316 = DIRECTION('',(0.,-0.707106781187,0.707106781187));
#2317 = DIRECTION('',(1.,0.,0.));
#2318 = ORIENTED_EDGE('',*,*,#2319,.F.);
#2319 = EDGE_CURVE('',#2320,#2311,#2322,.T.);
#2320 = VERTEX_POINT('',#2321);
#2321 = CARTESIAN_POINT('',(28.631369732005,5.185449728599,
    5.185449728599));
#2322 = LINE('',#2323,#2324);
#2323 = CARTESIAN_POINT('',(28.631369732005,5.185449728599,
    5.185449728599));
#2324 = VECTOR('',#2325,1.);
#2325 = DIRECTION('',(0.,-0.707106781187,0.707106781187));
#2326 = ORIENTED_EDGE('',*,*,#2327,.F.);
#2327 = EDGE_CURVE('',#2301,#2320,#2328,.T.);
#2328 = CIRCLE('',#2329,2.5);
#2329 = AXIS2_PLACEMENT_3D('',#2330,#2331,#2332);
#2330 = CARTESIAN_POINT('',(30.988392336055,4.596194077713,
    4.596194077713));
#2331 = DIRECTION('',(0.,-0.707106781187,0.707106781187));
#2332 = DIRECTION('',(1.,0.,0.));
#2333 = CYLINDRICAL_SURFACE('',#2334,2.5);
#2334 = AXIS2_PLACEMENT_3D('',#2335,#2336,#2337);
#2335 = CARTESIAN_POINT('',(30.988392336055,4.596194077713,
    4.596194077713));
#2336 = DIRECTION('',(0.,0.707106781187,-0.707106781187));
#2337 = DIRECTION('',(1.,0.,0.));
#2338 = ADVANCED_FACE('',(#2339),#2366,.F.);
#2339 = FACE_BOUND('',#2340,.T.);
#2340 = EDGE_LOOP('',(#2341,#2342,#2351,#2359));
#2341 = ORIENTED_EDGE('',*,*,#2300,.T.);
#2342 = ORIENTED_EDGE('',*,*,#2343,.T.);
#2343 = EDGE_CURVE('',#2303,#2344,#2346,.T.);
#2344 = VERTEX_POINT('',#2345);
#2345 = CARTESIAN_POINT('',(33.34541494001,-4.71404520791,
    -3.299831645537));
#2346 = CIRCLE('',#2347,17.);
#2347 = AXIS2_PLACEMENT_3D('',#2348,#2349,#2350);
#2348 = CARTESIAN_POINT('',(49.373168646906,-0.707106781187,
    0.707106781187));
#2349 = DIRECTION('',(0.,-0.707106781187,0.707106781187));
#2350 = DIRECTION('',(1.,0.,0.));
#2351 = ORIENTED_EDGE('',*,*,#2352,.F.);
#2352 = EDGE_CURVE('',#2353,#2344,#2355,.T.);
#2353 = VERTEX_POINT('',#2354);
#2354 = CARTESIAN_POINT('',(33.34541494001,-4.006938426724,
    -4.006938426724));
#2355 = LINE('',#2356,#2357);
#2356 = CARTESIAN_POINT('',(33.34541494001,-4.006938426724,
    -4.006938426724));
#2357 = VECTOR('',#2358,1.);
#2358 = DIRECTION('',(0.,-0.707106781187,0.707106781187));
#2359 = ORIENTED_EDGE('',*,*,#2360,.F.);
#2360 = EDGE_CURVE('',#2301,#2353,#2361,.T.);
#2361 = CIRCLE('',#2362,17.);
#2362 = AXIS2_PLACEMENT_3D('',#2363,#2364,#2365);
#2363 = CARTESIAN_POINT('',(49.373168646906,0.,0.));
#2364 = DIRECTION('',(0.,-0.707106781187,0.707106781187));
#2365 = DIRECTION('',(1.,0.,0.));
#2366 = CYLINDRICAL_SURFACE('',#2367,17.);
#2367 = AXIS2_PLACEMENT_3D('',#2368,#2369,#2370);
#2368 = CARTESIAN_POINT('',(49.373168646906,0.,0.));
#2369 = DIRECTION('',(0.,0.707106781187,-0.707106781187));
#2370 = DIRECTION('',(1.,0.,0.));
#2371 = ADVANCED_FACE('',(#2372),#2399,.T.);
#2372 = FACE_BOUND('',#2373,.F.);
#2373 = EDGE_LOOP('',(#2374,#2375,#2384,#2392));
#2374 = ORIENTED_EDGE('',*,*,#2319,.T.);
#2375 = ORIENTED_EDGE('',*,*,#2376,.T.);
#2376 = EDGE_CURVE('',#2311,#2377,#2379,.T.);
#2377 = VERTEX_POINT('',#2378);
#2378 = CARTESIAN_POINT('',(28.631369732005,-5.892556509786,
    -4.478342947413));
#2379 = CIRCLE('',#2380,22.000000000084);
#2380 = AXIS2_PLACEMENT_3D('',#2381,#2382,#2383);
#2381 = CARTESIAN_POINT('',(49.373168646906,-0.707106781187,
    0.707106781187));
#2382 = DIRECTION('',(0.,-0.707106781187,0.707106781187));
#2383 = DIRECTION('',(1.,0.,0.));
#2384 = ORIENTED_EDGE('',*,*,#2385,.F.);
#2385 = EDGE_CURVE('',#2386,#2377,#2388,.T.);
#2386 = VERTEX_POINT('',#2387);
#2387 = CARTESIAN_POINT('',(28.631369732005,-5.185449728599,
    -5.185449728599));
#2388 = LINE('',#2389,#2390);
#2389 = CARTESIAN_POINT('',(28.631369732005,-5.185449728599,
    -5.185449728599));
#2390 = VECTOR('',#2391,1.);
#2391 = DIRECTION('',(0.,-0.707106781187,0.707106781187));
#2392 = ORIENTED_EDGE('',*,*,#2393,.F.);
#2393 = EDGE_CURVE('',#2320,#2386,#2394,.T.);
#2394 = CIRCLE('',#2395,22.000000000084);
#2395 = AXIS2_PLACEMENT_3D('',#2396,#2397,#2398);
#2396 = CARTESIAN_POINT('',(49.373168646906,0.,0.));
#2397 = DIRECTION('',(0.,-0.707106781187,0.707106781187));
#2398 = DIRECTION('',(1.,0.,0.));
#2399 = CYLINDRICAL_SURFACE('',#2400,22.000000000084);
#2400 = AXIS2_PLACEMENT_3D('',#2401,#2402,#2403);
#2401 = CARTESIAN_POINT('',(49.373168646906,0.,0.));
#2402 = DIRECTION('',(0.,0.707106781187,-0.707106781187));
#2403 = DIRECTION('',(1.,0.,0.));
#2404 = ADVANCED_FACE('',(#2405,#2417,#2428),#2439,.T.);
#2405 = FACE_BOUND('',#2406,.T.);
#2406 = EDGE_LOOP('',(#2407,#2408,#2409,#2416));
#2407 = ORIENTED_EDGE('',*,*,#2327,.F.);
#2408 = ORIENTED_EDGE('',*,*,#2360,.T.);
#2409 = ORIENTED_EDGE('',*,*,#2410,.F.);
#2410 = EDGE_CURVE('',#2386,#2353,#2411,.T.);
#2411 = CIRCLE('',#2412,2.5);
#2412 = AXIS2_PLACEMENT_3D('',#2413,#2414,#2415);
#2413 = CARTESIAN_POINT('',(30.988392336055,-4.596194077713,
    -4.596194077713));
#2414 = DIRECTION('',(0.,-0.707106781187,0.707106781187));
#2415 = DIRECTION('',(1.,0.,0.));
#2416 = ORIENTED_EDGE('',*,*,#2393,.F.);
#2417 = FACE_BOUND('',#2418,.T.);
#2418 = EDGE_LOOP('',(#2419));
#2419 = ORIENTED_EDGE('',*,*,#2420,.F.);
#2420 = EDGE_CURVE('',#2421,#2421,#2423,.T.);
#2421 = VERTEX_POINT('',#2422);
#2422 = CARTESIAN_POINT('',(32.466336,-4.728844481436,-4.728844481436));
#2423 = CIRCLE('',#2424,1.385236);
#2424 = AXIS2_PLACEMENT_3D('',#2425,#2426,#2427);
#2425 = CARTESIAN_POINT('',(31.0811,-4.728844481436,-4.728844481436));
#2426 = DIRECTION('',(0.,0.707106781187,-0.707106781187));
#2427 = DIRECTION('',(1.,0.,0.));
#2428 = FACE_BOUND('',#2429,.T.);
#2429 = EDGE_LOOP('',(#2430));
#2430 = ORIENTED_EDGE('',*,*,#2431,.F.);
#2431 = EDGE_CURVE('',#2432,#2432,#2434,.T.);
#2432 = VERTEX_POINT('',#2433);
#2433 = CARTESIAN_POINT('',(32.466336,4.576163156815,4.576163156815));
#2434 = CIRCLE('',#2435,1.385236);
#2435 = AXIS2_PLACEMENT_3D('',#2436,#2437,#2438);
#2436 = CARTESIAN_POINT('',(31.0811,4.576163156815,4.576163156815));
#2437 = DIRECTION('',(0.,0.707106781187,-0.707106781187));
#2438 = DIRECTION('',(1.,0.,0.));
#2439 = PLANE('',#2440);
#2440 = AXIS2_PLACEMENT_3D('',#2441,#2442,#2443);
#2441 = CARTESIAN_POINT('',(30.541480774904,-3.9E-15,-3.75E-15));
#2442 = DIRECTION('',(0.,0.707106781187,-0.707106781187));
#2443 = DIRECTION('',(0.,0.707106781187,0.707106781187));
#2444 = ADVANCED_FACE('',(#2445,#2457,#2468),#2479,.F.);
#2445 = FACE_BOUND('',#2446,.F.);
#2446 = EDGE_LOOP('',(#2447,#2448,#2449,#2456));
#2447 = ORIENTED_EDGE('',*,*,#2310,.F.);
#2448 = ORIENTED_EDGE('',*,*,#2343,.T.);
#2449 = ORIENTED_EDGE('',*,*,#2450,.F.);
#2450 = EDGE_CURVE('',#2377,#2344,#2451,.T.);
#2451 = CIRCLE('',#2452,2.5);
#2452 = AXIS2_PLACEMENT_3D('',#2453,#2454,#2455);
#2453 = CARTESIAN_POINT('',(30.988392336055,-5.303300858899,
    -3.889087296526));
#2454 = DIRECTION('',(0.,-0.707106781187,0.707106781187));
#2455 = DIRECTION('',(1.,0.,0.));
#2456 = ORIENTED_EDGE('',*,*,#2376,.F.);
#2457 = FACE_BOUND('',#2458,.F.);
#2458 = EDGE_LOOP('',(#2459));
#2459 = ORIENTED_EDGE('',*,*,#2460,.F.);
#2460 = EDGE_CURVE('',#2461,#2461,#2463,.T.);
#2461 = VERTEX_POINT('',#2462);
#2462 = CARTESIAN_POINT('',(32.466336,-5.435951262623,-4.021737700249));
#2463 = CIRCLE('',#2464,1.385236);
#2464 = AXIS2_PLACEMENT_3D('',#2465,#2466,#2467);
#2465 = CARTESIAN_POINT('',(31.0811,-5.435951262623,-4.021737700249));
#2466 = DIRECTION('',(0.,0.707106781187,-0.707106781187));
#2467 = DIRECTION('',(1.,0.,0.));
#2468 = FACE_BOUND('',#2469,.F.);
#2469 = EDGE_LOOP('',(#2470));
#2470 = ORIENTED_EDGE('',*,*,#2471,.F.);
#2471 = EDGE_CURVE('',#2472,#2472,#2474,.T.);
#2472 = VERTEX_POINT('',#2473);
#2473 = CARTESIAN_POINT('',(32.466336,3.869056375629,5.283269938002));
#2474 = CIRCLE('',#2475,1.385236);
#2475 = AXIS2_PLACEMENT_3D('',#2476,#2477,#2478);
#2476 = CARTESIAN_POINT('',(31.0811,3.869056375629,5.283269938002));
#2477 = DIRECTION('',(0.,0.707106781187,-0.707106781187));
#2478 = DIRECTION('',(1.,0.,0.));
#2479 = PLANE('',#2480);
#2480 = AXIS2_PLACEMENT_3D('',#2481,#2482,#2483);
#2481 = CARTESIAN_POINT('',(30.541480774904,-0.707106781187,
    0.707106781187));
#2482 = DIRECTION('',(0.,0.707106781187,-0.707106781187));
#2483 = DIRECTION('',(0.,0.707106781187,0.707106781187));
#2484 = ADVANCED_FACE('',(#2485),#2491,.T.);
#2485 = FACE_BOUND('',#2486,.F.);
#2486 = EDGE_LOOP('',(#2487,#2488,#2489,#2490));
#2487 = ORIENTED_EDGE('',*,*,#2385,.T.);
#2488 = ORIENTED_EDGE('',*,*,#2450,.T.);
#2489 = ORIENTED_EDGE('',*,*,#2352,.F.);
#2490 = ORIENTED_EDGE('',*,*,#2410,.F.);
#2491 = CYLINDRICAL_SURFACE('',#2492,2.5);
#2492 = AXIS2_PLACEMENT_3D('',#2493,#2494,#2495);
#2493 = CARTESIAN_POINT('',(30.988392336055,-4.596194077713,
    -4.596194077713));
#2494 = DIRECTION('',(0.,0.707106781187,-0.707106781187));
#2495 = DIRECTION('',(1.,0.,0.));
#2496 = ADVANCED_FACE('',(#2497),#2508,.F.);
#2497 = FACE_BOUND('',#2498,.F.);
#2498 = EDGE_LOOP('',(#2499,#2500,#2506,#2507));
#2499 = ORIENTED_EDGE('',*,*,#2420,.F.);
#2500 = ORIENTED_EDGE('',*,*,#2501,.T.);
#2501 = EDGE_CURVE('',#2421,#2461,#2502,.T.);
#2502 = LINE('',#2503,#2504);
#2503 = CARTESIAN_POINT('',(32.466336,-4.728844481436,-4.728844481436));
#2504 = VECTOR('',#2505,1.);
#2505 = DIRECTION('',(0.,-0.707106781187,0.707106781187));
#2506 = ORIENTED_EDGE('',*,*,#2460,.T.);
#2507 = ORIENTED_EDGE('',*,*,#2501,.F.);
#2508 = CYLINDRICAL_SURFACE('',#2509,1.385236);
#2509 = AXIS2_PLACEMENT_3D('',#2510,#2511,#2512);
#2510 = CARTESIAN_POINT('',(31.0811,-4.728844481436,-4.728844481436));
#2511 = DIRECTION('',(0.,0.707106781187,-0.707106781187));
#2512 = DIRECTION('',(1.,0.,0.));
#2513 = ADVANCED_FACE('',(#2514),#2525,.F.);
#2514 = FACE_BOUND('',#2515,.F.);
#2515 = EDGE_LOOP('',(#2516,#2517,#2523,#2524));
#2516 = ORIENTED_EDGE('',*,*,#2431,.F.);
#2517 = ORIENTED_EDGE('',*,*,#2518,.T.);
#2518 = EDGE_CURVE('',#2432,#2472,#2519,.T.);
#2519 = LINE('',#2520,#2521);
#2520 = CARTESIAN_POINT('',(32.466336,4.576163156815,4.576163156815));
#2521 = VECTOR('',#2522,1.);
#2522 = DIRECTION('',(0.,-0.707106781187,0.707106781187));
#2523 = ORIENTED_EDGE('',*,*,#2471,.T.);
#2524 = ORIENTED_EDGE('',*,*,#2518,.F.);
#2525 = CYLINDRICAL_SURFACE('',#2526,1.385236);
#2526 = AXIS2_PLACEMENT_3D('',#2527,#2528,#2529);
#2527 = CARTESIAN_POINT('',(31.0811,4.576163156815,4.576163156815));
#2528 = DIRECTION('',(0.,0.707106781187,-0.707106781187));
#2529 = DIRECTION('',(1.,0.,0.));
#2530 = ( GEOMETRIC_REPRESENTATION_CONTEXT(3) 
GLOBAL_UNCERTAINTY_ASSIGNED_CONTEXT((#2534)) 
GLOBAL_UNIT_ASSIGNED_CONTEXT((#2531,#2532,#2533)) REPRESENTATION_CONTEXT
('Context #1','3D Context with UNIT and UNCERTAINTY') );
#2531 = ( LENGTH_UNIT() NAMED_UNIT(*) SI_UNIT(.MILLI.,.METRE.) );
#2532 = ( NAMED_UNIT(*) PLANE_ANGLE_UNIT() SI_UNIT($,.RADIAN.) );
#2533 = ( NAMED_UNIT(*) SI_UNIT($,.STERADIAN.) SOLID_ANGLE_UNIT() );
#2534 = UNCERTAINTY_MEASURE_WITH_UNIT(LENGTH_MEASURE(1.E-07),#2531,
  'distance_accuracy_value','confusion accuracy');
#2535 = CONTEXT_DEPENDENT_SHAPE_REPRESENTATION(#2536,#2538);
#2536 = ( REPRESENTATION_RELATIONSHIP('','',#2293,#10) 
REPRESENTATION_RELATIONSHIP_WITH_TRANSFORMATION(#2537) 
SHAPE_REPRESENTATION_RELATIONSHIP() );
#2537 = ITEM_DEFINED_TRANSFORMATION('','',#11,#31);
#2538 = PRODUCT_DEFINITION_SHAPE('Placement','Placement of an item',
  #2539);
#2539 = NEXT_ASSEMBLY_USAGE_OCCURRENCE('5','Cuerpo','',#5,#2288,$);
#2540 = PRODUCT_RELATED_PRODUCT_CATEGORY('part',$,(#2290));
#2541 = MECHANICAL_DESIGN_GEOMETRIC_PRESENTATION_REPRESENTATION('',(
    #2542),#2164);
#2542 = STYLED_ITEM('color',(#2543),#1980);
#2543 = PRESENTATION_STYLE_ASSIGNMENT((#2544,#2550));
#2544 = SURFACE_STYLE_USAGE(.BOTH.,#2545);
#2545 = SURFACE_SIDE_STYLE('',(#2546));
#2546 = SURFACE_STYLE_FILL_AREA(#2547);
#2547 = FILL_AREA_STYLE('',(#2548));
#2548 = FILL_AREA_STYLE_COLOUR('',#2549);
#2549 = COLOUR_RGB('',0.196078429142,0.196078429142,0.196078429142);
#2550 = CURVE_STYLE('',#2551,POSITIVE_LENGTH_MEASURE(0.1),#2552);
#2551 = DRAUGHTING_PRE_DEFINED_CURVE_FONT('continuous');
#2552 = COLOUR_RGB('',9.803921802644E-02,9.803921802644E-02,
  9.803921802644E-02);
#2553 = MECHANICAL_DESIGN_GEOMETRIC_PRESENTATION_REPRESENTATION('',(
    #2554),#2530);
#2554 = STYLED_ITEM('color',(#2555),#2294);
#2555 = PRESENTATION_STYLE_ASSIGNMENT((#2556,#2562));
#2556 = SURFACE_STYLE_USAGE(.BOTH.,#2557);
#2557 = SURFACE_SIDE_STYLE('',(#2558));
#2558 = SURFACE_STYLE_FILL_AREA(#2559);
#2559 = FILL_AREA_STYLE('',(#2560));
#2560 = FILL_AREA_STYLE_COLOUR('',#2561);
#2561 = COLOUR_RGB('',0.394028690262,0.89658515612,0.531316046781);
#2562 = CURVE_STYLE('',#2563,POSITIVE_LENGTH_MEASURE(0.1),#2552);
#2563 = DRAUGHTING_PRE_DEFINED_CURVE_FONT('continuous');
#2564 = MECHANICAL_DESIGN_GEOMETRIC_PRESENTATION_REPRESENTATION('',(
    #2565),#1889);
#2565 = STYLED_ITEM('color',(#2566),#49);
#2566 = PRESENTATION_STYLE_ASSIGNMENT((#2567,#2573));
#2567 = SURFACE_STYLE_USAGE(.BOTH.,#2568);
#2568 = SURFACE_SIDE_STYLE('',(#2569));
#2569 = SURFACE_STYLE_FILL_AREA(#2570);
#2570 = FILL_AREA_STYLE('',(#2571));
#2571 = FILL_AREA_STYLE_COLOUR('',#2572);
#2572 = COLOUR_RGB('',0.800000010877,0.800000010877,0.800000010877);
#2573 = CURVE_STYLE('',#2574,POSITIVE_LENGTH_MEASURE(0.1),#2552);
#2574 = DRAUGHTING_PRE_DEFINED_CURVE_FONT('continuous');
#2575 = MECHANICAL_DESIGN_GEOMETRIC_PRESENTATION_REPRESENTATION('',(
    #2576),#2275);
#2576 = STYLED_ITEM('color',(#2577),#2183);
#2577 = PRESENTATION_STYLE_ASSIGNMENT((#2578,#2584));
#2578 = SURFACE_STYLE_USAGE(.BOTH.,#2579);
#2579 = SURFACE_SIDE_STYLE('',(#2580));
#2580 = SURFACE_STYLE_FILL_AREA(#2581);
#2581 = FILL_AREA_STYLE('',(#2582));
#2582 = FILL_AREA_STYLE_COLOUR('',#2583);
#2583 = COLOUR_RGB('',0.345098051753,0.345098051753,0.345098051753);
#2584 = CURVE_STYLE('',#2585,POSITIVE_LENGTH_MEASURE(0.1),#2552);
#2585 = DRAUGHTING_PRE_DEFINED_CURVE_FONT('continuous');
#2586 = MECHANICAL_DESIGN_GEOMETRIC_PRESENTATION_REPRESENTATION('',(
    #2587),#1961);
#2587 = STYLED_ITEM('color',(#2588),#1908);
#2588 = PRESENTATION_STYLE_ASSIGNMENT((#2589,#2595));
#2589 = SURFACE_STYLE_USAGE(.BOTH.,#2590);
#2590 = SURFACE_SIDE_STYLE('',(#2591));
#2591 = SURFACE_STYLE_FILL_AREA(#2592);
#2592 = FILL_AREA_STYLE('',(#2593));
#2593 = FILL_AREA_STYLE_COLOUR('',#2594);
#2594 = COLOUR_RGB('',1.,0.333333345507,0.);
#2595 = CURVE_STYLE('',#2596,POSITIVE_LENGTH_MEASURE(0.1),#2552);
#2596 = DRAUGHTING_PRE_DEFINED_CURVE_FONT('continuous');
ENDSEC;
END-ISO-10303-21;
